data,ano,mes,subsistema,geracao_eolica_ne_mwmed,fc_ne,capacidade_eolica_ne_mw,carga_ne_mwmed,demanda_sin_mwmed,demanda_max_sin_mw,crescimento_capacidade_mw,trimestre,vel_vento_100m_lat3.7S_lon41.1W,vel_vento_100m_lat3.1S_lon39.7W,vel_vento_100m_lat5.1S_lon36.4W,vel_vento_100m_lat6.2S_lon36.4W,vel_vento_100m_lat8.9S_lon37.4W,vel_vento_100m_lat10.4S_lon41.0W,vel_vento_100m_lat11.7S_lon42.0W,vel_vento_100m_lat14.1S_lon42.5W,vel_vento_100m_lat8.1S_lon41.0W,t2m_lat3.7S_lon41.1W,t2m_lat3.1S_lon39.7W,t2m_lat5.1S_lon36.4W,t2m_lat6.2S_lon36.4W,t2m_lat8.9S_lon37.4W,t2m_lat10.4S_lon41.0W,t2m_lat11.7S_lon42.0W,t2m_lat14.1S_lon42.5W,t2m_lat8.1S_lon41.0W,sp_lat3.7S_lon41.1W,sp_lat3.1S_lon39.7W,sp_lat5.1S_lon36.4W,sp_lat6.2S_lon36.4W,sp_lat8.9S_lon37.4W,sp_lat10.4S_lon41.0W,sp_lat11.7S_lon42.0W,sp_lat14.1S_lon42.5W,sp_lat8.1S_lon41.0W,tp_lat3.7S_lon41.1W,tp_lat3.1S_lon39.7W,tp_lat5.1S_lon36.4W,tp_lat6.2S_lon36.4W,tp_lat8.9S_lon37.4W,tp_lat10.4S_lon41.0W,tp_lat11.7S_lon42.0W,tp_lat14.1S_lon42.5W,tp_lat8.1S_lon41.0W,sst_lat3.7S_lon41.1W,sst_lat3.1S_lon39.7W,sst_lat5.1S_lon36.4W,sst_lat6.2S_lon36.4W,sst_lat8.9S_lon37.4W,sst_lat10.4S_lon41.0W,sst_lat11.7S_lon42.0W,sst_lat14.1S_lon42.5W,sst_lat8.1S_lon41.0W,zust_lat3.7S_lon41.1W,zust_lat3.1S_lon39.7W,zust_lat5.1S_lon36.4W,zust_lat6.2S_lon36.4W,zust_lat8.9S_lon37.4W,zust_lat10.4S_lon41.0W,zust_lat11.7S_lon42.0W,zust_lat14.1S_lon42.5W,zust_lat8.1S_lon41.0W,densidade_ar_lat3.7S_lon41.1W,densidade_ar_lat3.1S_lon39.7W,densidade_ar_lat5.1S_lon36.4W,densidade_ar_lat6.2S_lon36.4W,densidade_ar_lat8.9S_lon37.4W,densidade_ar_lat10.4S_lon41.0W,densidade_ar_lat11.7S_lon42.0W,densidade_ar_lat14.1S_lon42.5W,densidade_ar_lat8.1S_lon41.0W,capacidade_cluster_mw_lat3.7S_lon41.1W,capacidade_cluster_mw_lat3.1S_lon39.7W,capacidade_cluster_mw_lat5.1S_lon36.4W,capacidade_cluster_mw_lat6.2S_lon36.4W,capacidade_cluster_mw_lat8.9S_lon37.4W,capacidade_cluster_mw_lat10.4S_lon41.0W,capacidade_cluster_mw_lat11.7S_lon42.0W,capacidade_cluster_mw_lat14.1S_lon42.5W,capacidade_cluster_mw_lat8.1S_lon41.0W,fc_lag_1,fc_lag_2,fc_lag_3,fc_lag_6,fc_lag_12,geracao_lag_1,geracao_lag_3,geracao_lag_6,geracao_lag_12,fc_diff_1,meses_desde_inicio,mes_sin,mes_cos,nino34_anom,amm_sst,ibc_br,nino34_lag_3,nino34_lag_6,nino34_lag_12
2015-01-01,2015,1,NE,1610.625311463844,0.4740723390948663,3397.4252,10042.26408559926,67110.38225588677,84524.63090735,0.0,1,7.509469644464628,8.315616050933107,8.488562127406436,7.23717081673816,,6.51705961126167,5.29977696734827,5.164494640362985,,301.1133117675781,299.9854119446859,300.3446809486794,300.5732421875,,301.5312194824219,295.33624267578125,298.1950784372495,,100932.2421875,101172.86927979306,100906.69526638112,100028.28125,,95823.34375,89787.125,92680.68436391572,,0.0007629396859556,0.0009413340285325,0.0008552397500088,0.000675213523209,,0.0003042037133127,0.0004539117217062,0.0003830425770301,,300.84774518081593,300.84774518081593,301.005204455676,301.005204455676,,301.005204455676,301.005204455676,301.005204455676,,0.3239399790763855,0.2944823851568628,0.3417879087645696,0.3438714146614074,,0.3264336585998535,0.2104617953300476,0.2010557829886294,,1.167697394001446,1.1748824939302849,1.1703924082249604,1.1593186859564724,,1.107055471294305,1.0590773144368484,1.0827266766567458,,105.0,751.0002000000001,1638.09,117.2,,91.465,100.52,606.1499999999999,,,,,,,,,,,,60,0.49999999999999994,0.8660254037844387,0.51,-0.8,101.23617,,,
2015-02-01,2015,2,NE,1349.3915571965326,0.39718065233534283,3397.4252,10003.646017426354,65846.80697904786,83225.47869767001,0.0,1,6.146996269315261,6.879395208419198,7.386233783291415,6.358932335983959,,5.476038340660224,4.691485594427272,4.320679019966054,,300.4703369140625,299.7259368717402,300.4796708595932,300.7857360839844,,300.8706970214844,294.9725341796875,297.51615690958045,,100892.5546875,101110.27765406849,100825.88037716564,99947.59375,,95773.65625,89738.375,92648.52505748373,,0.0059246942400932,0.0057154311169217,0.0021387639721563,0.0012683991808444,,0.002380029298365,0.0030525717884302,0.0027091869789597,,301.23611006729914,301.23611006729914,301.43767428207804,301.43767428207804,,301.43767428207804,301.43767428207804,301.43767428207804,,0.2611295580863952,0.2436450844714833,0.299433722423565,0.3061910271644592,,0.2851927876472473,0.1968135237693786,0.1832574704265099,,1.169736011308125,1.1751718645617215,1.168929675293714,1.157565170440077,,1.1089105632405245,1.0598074471965002,1.0848202202609991,,105.0,751.0002000000001,1638.09,117.2,,91.465,100.52,606.1499999999999,,0.4740723390948663,,,,,1610.625311463844,,,,-0.07689168675952346,61,0.8660254037844386,0.5000000000000001,0.42,-1.78,100.50855,,,
2015-03-01,2015,3,NE,1059.652540510766,0.29671129935486296,3571.3252,10058.70366407804,64983.4482150371,80202.90198443999,173.90000000000057,1,4.685027072345919,5.380656813415638,6.593813914075777,5.78513335690517,5.077670808634736,5.020481555578452,4.646530814214051,4.271402598319556,,299.87109375,299.59649580486126,300.07781474274213,299.9580078125,301.1509067311007,301.2304382324219,295.97875976562494,298.750503522166,,100882.328125,101086.14266751776,100805.18365962508,99914.359375,96073.65854779413,95733.4375,89699.18749999999,92584.78571052956,,0.0101110562682151,0.0134797155061008,0.0071092062325379,0.0055294260382652,0.0010629348689689,0.0034951062407344,0.0009841269347815,0.0013410017694449,,301.4471869590106,301.4471869590106,301.74573293982644,301.74573293982644,301.74573293982644,301.74573293982644,301.74573293982644,301.74573293982644,,0.1966736316680908,0.1924052678996373,0.2587258448551711,0.2654857039451599,0.2623680058647604,0.2499133944511413,0.1815069317817687,0.1696495460458962,,1.17195473428614,1.1753988101588184,1.1702521738868368,1.1603734755257715,1.1113485576656308,1.1071211440331583,1.0557432380144114,1.0795944017054668,,105.0,751.0002000000001,1732.09,117.2,79.9,91.465,100.52,606.1499999999999,,0.39718065233534283,0.4740723390948663,,,,1349.3915571965326,,,,-0.10046935298047988,62,1.0,6.123233995736766e-17,0.47,-4.23,100.34814,,,
2015-04-01,2015,4,NE,916.7222368070832,0.24452934852023273,3748.9252,10055.286826224296,59368.70076185767,76380.99841121,177.59999999999943,2,4.52405641417024,5.021163376780894,5.719821763839437,4.868125624987258,4.096869379442042,4.57407346637413,4.117695370866549,4.270326497686629,,299.7901916503906,299.60946341348017,300.24751585374645,300.07733154296875,301.2422359690947,300.86151123046875,295.7093505859375,298.092864810186,,100924.875,101127.2609137371,100846.810064558,99950.40625,96093.7693014706,95770.96875,89727.75,92656.1423115285,,0.0120878592133522,0.010525704742675,0.0037629049420385,0.0022326346952468,0.0006539210786713,0.0008382943924516,0.0047555165365338,0.002457689019869,,301.83475711933795,301.83475711933795,302.10743378877305,302.10743378877305,302.10743378877305,302.10743378877305,302.10743378877305,302.10743378877305,,0.1996074318885803,0.1942076880084479,0.235080112703659,0.2323015332221984,0.236152492901858,0.2577301859855652,0.1722801923751831,0.1766297966573316,,1.1727654032252122,1.175826017457441,1.170073323990103,1.1603305312573866,1.1112442069470612,1.1089133020461754,1.0570415659729342,1.0828101207609266,,105.0,751.0002000000001,1792.0900000000004,117.2,79.9,91.465,100.52,723.75,,0.29671129935486296,0.39718065233534283,0.4740723390948663,,,1059.652540510766,1610.625311463844,,,-0.05218195083463023,63,0.8660254037844387,-0.4999999999999998,0.7,-5.65,99.03888,0.51,,
2015-05-01,2015,5,NE,1568.7339891567203,0.41198069396265324,3807.7852,9804.350262006184,57981.01422175612,71152.41551516,58.86000000000058,2,6.10189270488252,7.696392004066303,8.083307516267508,6.923913843039051,6.216429309124909,7.450284415677011,5.416220164892335,5.6524467231631,,300.7147827148437,300.3733112939366,300.60423766712825,300.3495178222656,299.3136767219095,299.4482116699219,293.55194091796875,295.6291809781986,,100953.4453125,101167.47435992691,100921.1501399708,100031.984375,96256.12178308824,95942.03125,89898.3125,92881.03886787569,,0.0027475568931549,0.0041952299292446,0.0014645550396847,0.0006504631601274,0.0006576588322572,0.0002870312891899,0.0009755128994583,0.0010503898462527,,301.7572772790051,301.7572772790051,301.8773850505093,301.8773850505093,301.8773850505093,301.8773850505093,301.8773850505093,301.8773850505093,,0.2449888586997985,0.2692847611673408,0.3213600608976883,0.3241308331489563,0.3037738729925716,0.3610219955444335,0.215572953224182,0.2196843650073379,,1.1694905379521163,1.173302328836095,1.1695469632403352,1.160225190174078,1.1202938258331308,1.1161370648020796,1.0668341976718652,1.0944852997477388,,105.0,751.0002000000001,1821.25,146.9,79.9,91.465,100.52,723.75,,0.24452934852023273,0.29671129935486296,0.39718065233534283,,,916.7222368070832,1349.3915571965326,,,0.16745134544242052,64,0.49999999999999994,-0.8660254037844387,0.92,-4.08,98.38429,0.42,,
2015-06-01,2015,6,NE,1680.0848505327365,0.42321807500635966,3969.7852,9447.666171366069,56778.919712516,70776.98412526,162.0,2,6.520118678248478,8.482731075000714,8.02155036617301,7.023255331878576,6.649802167429862,7.722477902668411,6.261766437307068,6.355646037180892,,300.56915283203125,299.9808757563211,299.55191519836154,299.0681457519531,297.14443520938653,298.03204345703125,292.45703125,294.9159030943033,,101103.2578125,101332.05321300388,101116.2389802759,100219.796875,96474.58134191178,96157.875,90070.125,93079.00730569947,,0.0013179848901927,0.0032163333599592,0.0016797862535117,0.0010662232525646,0.0008652500315185,0.0002012026525335,0.0005397530039772,0.000289239818613,,301.26723133468005,301.26723133468005,301.0361262149419,301.0361262149419,301.0361262149419,301.0361262149419,301.0361262149419,301.0361262149419,,0.2651522159576416,0.2998283103215499,0.3204634661012659,0.3297656774520874,0.3135412563295925,0.3759033679962158,0.2536158561706543,0.2547205208579081,,1.1717935090590006,1.1767486959302944,1.17592450595569,1.1673839160963293,1.131033436843461,1.123963587968356,1.0728747976818231,1.0994706172931792,,105.0,751.0002000000001,1937.35,192.8,79.9,91.465,100.52,723.75,,0.41198069396265324,0.24452934852023273,0.29671129935486296,,,1568.7339891567203,1059.652540510766,,,0.011237381043706418,65,1.2246467991473532e-16,-1.0,1.18,-4.13,97.39633,0.47,,
2015-07-01,2015,7,NE,1983.367505673562,0.49442224183540845,4011.4852,9109.736863200444,56950.599557212896,69130.69119317,41.69999999999982,3,7.453079977726821,9.577477200771389,8.873123909068317,7.714853599867862,7.180015494980949,8.217506244853048,6.524470074963934,6.427646130892717,,300.4228515625,299.5113138626141,298.78702378708266,298.1562194824219,296.5492140826057,297.8730163574219,291.97576904296875,294.77587179581246,,101095.1640625,101340.5576870602,101145.03310044704,100248.203125,96513.6052389706,96176.28125,90074.0,93071.35117918823,,0.0013923891820013,0.0033854249340689,0.0043653050546216,0.0027867893222719,0.0007753181476693,0.0001191961928269,0.0004739602445623,0.0002131953661511,,300.501448536656,300.501448536656,300.2467879515156,300.2467879515156,300.2467879515156,300.2467879515156,300.2467879515156,300.2467879515156,,0.3058696985244751,0.3359367411748504,0.3443110870756242,0.351541519165039,0.3336879383115207,0.3981729745864868,0.2652251124382018,0.25791598292583,,1.1722703015393203,1.178692496908966,1.1792698941844784,1.1712863151286164,1.133761917994368,1.1247789051447137,1.0746894452084783,1.099903185367498,,105.0,751.0002000000001,1967.05,192.8,79.9,91.465,100.52,723.75,,0.42321807500635966,0.41198069396265324,0.24452934852023273,0.4740723390948663,,1680.0848505327365,916.7222368070832,1610.625311463844,,0.07120416682904879,66,-0.4999999999999997,-0.8660254037844388,1.46,-1.6,96.3404,0.7,0.51,
2015-08-01,2015,8,NE,2574.252683029032,0.6148224940057186,4186.985199999999,9208.784721469892,58282.67908589064,71074.15913307,175.4999999999991,3,8.46196402216075,10.83730106498116,10.204542793985542,8.938160560179929,7.344979834668916,8.218500617497464,6.287554343329553,6.546218715877562,8.718781798095614,300.80523681640625,299.5748620527929,298.8762272612122,298.5005798339844,296.88252617331113,298.0727844238281,292.06427001953125,295.1188171551166,298.6942138671875,101026.640625,101299.08878106409,101130.67440869576,100233.171875,96493.19163602944,96143.75,90033.0,93025.07386226254,94635.875,1.7168811609735712e-05,0.0002122054655143,0.0003106051565856,0.0002164884936063,0.0002881536878275,6.007601041346789e-05,0.0003652292652986,0.0001402086957022,4.767257451021578e-06,300.01029817494765,300.01029817494765,299.6219669150091,299.6219669150091,299.6219669150091,299.6219669150091,299.6219669150091,299.6219669150091,300.01029817494765,0.357825756072998,0.3788425200944291,0.3945904276724378,0.4082962274551391,0.3423854726202348,0.393602967262268,0.2567180991172789,0.2681130992176207,0.4103966951370238,1.169986537249834,1.1779605841297294,1.1787513992456364,1.1697596592045338,1.1322495100103471,1.1236448824307474,1.0738747637550017,1.098078829940238,1.103721080612983,105.0,751.0002000000001,1967.05,192.8,79.9,91.465,100.52,723.75,175.5,0.49442224183540845,0.42321807500635966,0.41198069396265324,0.39718065233534283,,1983.367505673562,1568.7339891567203,1349.3915571965326,,0.1204002521703102,67,-0.8660254037844385,-0.5000000000000004,1.93,1.1,96.77984,0.92,0.42,
2015-09-01,2015,9,NE,2325.0437006091665,0.544432107480063,4270.5852,9579.984389498042,60537.356152625005,78755.46061275,83.60000000000127,3,9.084276188646284,10.731081378917793,9.749570886575354,8.202852373542685,6.595808117821058,7.414140172734564,5.952916018473006,5.88983316395064,6.720416029662839,300.778076171875,299.5370830049019,299.408185589076,299.453857421875,299.0778207217946,300.5963439941406,294.9960327148437,298.75810134323734,301.14752197265625,100993.359375,101266.2662538447,101075.55334989852,100170.90625,96337.38097426471,95958.46875,89871.1875,92760.24995358376,94498.09375000004,0.0001373371196677,0.000425349941526,0.0003582177685971,0.0001793035189621,8.671891255824664e-05,1.8117900253855627e-05,9.821740968618542e-05,1.6835406089565636e-06,3.814651790889912e-06,300.06853189622774,300.06853189622774,299.9113945688917,299.9113945688917,299.9113945688917,299.9113945688917,299.9113945688917,299.9113945688917,300.06853189622774,0.3891710042953491,0.3761040061306516,0.3797886952709542,0.3800649046897888,0.3201788681394913,0.3573219776153564,0.2351672649383545,0.2373893379901563,0.3235580325126648,1.169706724552125,1.1777273240824544,1.176016876909837,1.1653115106996628,1.122123719706733,1.112064456735633,1.061291412579498,1.0816168321958206,1.0931357538756743,105.0,751.0002000000001,2021.05,192.8,79.9,91.465,100.52,723.75,205.1,0.6148224940057186,0.49442224183540845,0.42321807500635966,0.29671129935486296,,2574.252683029032,1680.0848505327365,1059.652540510766,,-0.07039038652565566,68,-1.0,-1.8369701987210297e-16,2.21,2.44,96.02914,1.18,0.47,
2015-10-01,2015,10,NE,2443.732998564059,0.5601314038023368,4362.7852,9896.937156031843,62217.85409849258,78652.59878955,92.19999999999982,4,9.074172568989434,10.50313713775214,9.78999205606896,8.21515663610061,6.430682914530828,7.434440585454938,6.21097445175306,6.2532860340953205,6.289752407031036,301.0830078125,299.752224716484,299.71720647690177,299.89355468749994,300.1673727596507,301.5672607421875,296.25115966796875,299.63323109849887,301.8957824707031,100941.6796875,101217.84328296034,101023.23506605576,100118.71874999996,96263.11994485294,95885.28125,89820.0,92715.21270260397,94439.40625,4.863959475187585e-05,0.000152909056233,0.0002128231739662,0.0001401913032168,0.0001186684851691,3.051364910788834e-05,0.0004195660585537,0.0004187078019497,0.0001115712948375,300.2229462598574,300.2229462598574,300.1300386539733,300.1300386539733,300.1300386539733,300.1300386539733,300.1300386539733,300.1300386539733,300.2229462598574,0.3952842354774475,0.3729530220815502,0.3895701953742772,0.3901926279067993,0.3300737510709201,0.3707212209701538,0.259843647480011,0.2650452508776566,0.3370805382728576,1.1679241171269792,1.1763193038601871,1.1741967218627185,1.1629967376317538,1.117188783988964,1.1076386474186,1.0561931267838776,1.0779333566337708,1.089749171123114,105.0,751.0002000000001,2072.3500000000004,192.8,79.9,91.465,100.52,778.15,205.1,0.544432107480063,0.6148224940057186,0.49442224183540845,0.24452934852023273,,2325.0437006091665,1983.367505673562,916.7222368070832,,0.015699296322273848,69,-0.8660254037844386,0.5000000000000001,2.36,3.95,96.47917,1.46,0.7,
2015-11-01,2015,11,NE,2048.919154452584,0.4646933756496742,4409.1852,10172.925130841471,62105.01207995367,77974.27125017,46.39999999999964,4,8.471277180944274,9.041284647774445,8.573554639175574,7.137974818371064,4.817643536339635,5.281655254767909,4.655018045207921,3.8190982729868654,5.456089607157495,301.2129821777344,300.0577973801052,300.1722627952377,300.55575561523443,302.503028420841,303.5868835449219,297.6439208984375,300.3093647660322,302.4847106933593,100808.7578125,101067.01987930563,100850.907071795,99944.796875,96014.06066176471,95634.84375,89616.125,92493.67965326416,94261.99999999996,0.0001182611013064,0.0003809386914661,0.000190478890035,0.0001659435511101,2.5691526442482e-05,5.341257201507688e-05,0.0011290826369076,0.0023948491944114,5.435427010525018e-05,300.65619612848366,300.65619612848366,300.5632475199497,300.5632475199497,300.5632475199497,300.5632475199497,300.5632475199497,300.5632475199497,300.65619612848366,0.3665094971656799,0.3191554790453902,0.3407023117559926,0.3408721685409546,0.2827905591796426,0.3030914664268493,0.1966331005096435,0.1789431642982009,0.2936304807662964,1.1658828736350555,1.1733702261726455,1.1704176694263628,1.1584185034262957,1.1056946747349534,1.0973963060720664,1.0488647487787215,1.0729347688799296,1.085584334532142,105.0,751.0002000000001,2072.3500000000004,192.8,79.9,124.365,100.52,778.15,205.1,0.5601314038023368,0.544432107480063,0.6148224940057186,0.41198069396265324,,2443.732998564059,2574.252683029032,1568.7339891567203,,-0.09543802815266261,70,-0.5000000000000004,0.8660254037844384,2.72,1.08,95.47135,1.93,0.92,
2015-12-01,2015,12,NE,2251.6525668372715,0.49324422055897826,4564.9852,10087.10232789414,62313.923861908064,78494.16943258,155.80000000000018,4,8.09954223129096,8.699593652695805,8.180099355477688,6.851985907659646,5.611516125516689,5.987644835326655,5.412421624603783,4.865628720069939,5.404614161598815,301.3471374511719,300.2994322632665,300.4319331114711,300.7758178710937,301.49379954618564,302.2016800405873,297.9579299052288,300.2878067484278,302.30636596679693,100926.640625,101173.5952286822,100955.45639238817,100053.171875,96180.3239889706,95179.7904233206,90210.9709335734,92649.27603731609,94398.375,0.0011072289198637,0.0018677286062221,0.001284991468751,0.0009307912550866,0.0003496684726354,0.0002966305570356,0.0004787775683591,0.0007472293506362,0.0006370688788592,301.16770761602174,301.16770761602174,301.14268407753326,301.14268407753326,301.14268407753326,301.14268407753326,301.14268407753326,301.14268407753326,301.16770761602174,0.3485614061355591,0.3059517539129648,0.3282886647987121,0.3313064575195312,0.3001714243608362,0.3101344706545993,0.2327213418874644,0.2043945927596341,0.2878252267837524,1.1667265822668602,1.1736622676856858,1.17061829836039,1.1588261583884798,1.111316994757044,1.097159193938268,1.054700802000555,1.074816609501514,1.0877962841427828,105.0,751.0002000000001,2072.3500000000004,192.8,79.9,250.165,130.51999999999998,778.15,205.1,0.4646933756496742,0.5601314038023368,0.544432107480063,0.42321807500635966,,2048.919154452584,2325.0437006091665,1680.0848505327365,,0.02855084490930404,71,-2.4492935982947064e-16,1.0,2.66,-0.58,95.28862,2.21,1.18,
2016-01-01,2016,1,NE,1173.7266379033467,0.22052457125757075,5322.430200000001,9582.803545464129,62539.325995520965,77878.29491211,757.4450000000006,1,5.418689535849947,5.646249260111377,5.715113317850728,4.828646117787571,3.9244179645169273,2.477139232212144,2.5970387274736453,1.9134039600829549,3.540306034969626,300.3344116210937,299.7632571733985,299.98514083165384,300.0111694335937,298.0535263227942,298.6652130028069,295.4620749274536,297.1737161368245,298.70568847656256,100918.5234375,101129.14152335022,100878.01368577636,99976.5625,94093.4316487966,94852.20151169536,90141.43012565124,92638.2859884308,94411.25,0.0069208480417728,0.0101768809754471,0.0050001109165472,0.0042076185345649,0.0031541029935614,0.009753555095645,0.0137573536023054,0.0146010550521506,0.010061927139759,301.3991922310094,301.3991922310094,301.36124447296,301.36124447296,301.36124447296,301.36124447296,301.36124447296,301.36124447296,301.3991922310094,0.2336006760597229,0.2007656569476912,0.2242697194180165,0.2283079028129577,0.2008639982954202,0.163153527827745,0.143390366207629,0.1274533845749153,0.1802866458892822,1.1705666250097142,1.175244731989601,1.1714598417065176,1.1608901379588927,1.099722530010698,1.106325802368915,1.0627902594090433,1.0859497070624649,1.1010590217142604,105.0,772.0002000000002,2072.3500000000004,192.8,352.545,310.165,130.51999999999998,878.95,385.1,0.49324422055897826,0.4646933756496742,0.5601314038023368,0.49442224183540845,0.4740723390948663,2251.6525668372715,2443.732998564059,1983.367505673562,1610.625311463844,-0.2727196493014075,72,0.49999999999999994,0.8660254037844387,2.57,-0.56,94.67841,2.36,1.46,0.51
2016-02-01,2016,2,NE,2111.750530169813,0.37207986844468083,5675.530199999999,9926.127435916696,66455.46198791241,82001.66826536,353.09999999999854,1,6.024877294592549,6.917413871943471,7.410886628660394,6.512011098116362,5.330209581364468,5.654641504057185,4.990787278764487,4.4859343656259,5.342319209394032,300.2708435058594,299.9076849104331,300.30746683915066,300.0344441613072,298.0570442353249,299.029067735909,295.85228136058527,298.17708248800506,299.37504312480405,100907.5,101120.65066065558,100865.42759665208,99084.66959597434,94145.9416488498,94838.7288131311,90235.84234216978,92742.96487268191,94450.0980495342,0.0071058757603168,0.0089363712167715,0.0043030069751717,0.0023639053799094,0.0010776797956479,0.000795845957593,0.000631135714506,0.0004881415257029,0.0016552335749934,301.53436971474895,301.53436971474895,301.76150638546187,301.76150638546187,301.76150638546187,301.76150638546187,301.76150638546187,301.76150638546187,301.53436971474895,0.2456271052360534,0.2439716973466442,0.2865100444653159,0.303275230398256,0.2570292460515871,0.252150956788309,0.1983338276959254,0.1707111718840577,0.2367110924454241,1.1706865476913837,1.174580053441841,1.1700561061589545,1.1504378142802498,1.1003192793700538,1.1048199056858108,1.0625022241239048,1.0835190690642662,1.0990491430139973,105.0,772.0002000000002,2072.3500000000004,342.79999999999995,352.545,340.165,130.51999999999998,878.95,558.2,0.22052457125757075,0.49324422055897826,0.4646933756496742,0.6148224940057186,0.39718065233534283,1173.7266379033467,2048.919154452584,2574.252683029032,1349.3915571965326,0.15155529718711008,73,0.8660254037844386,0.5000000000000001,2.26,-0.66,94.64327,2.72,1.93,0.42
2016-03-01,2016,3,NE,2077.4435551041934,0.349171878800836,5949.6302,10379.101646503172,65070.33554594775,79795.39729427,274.1000000000004,1,5.351116877174062,6.247730527695678,7.314875108839239,6.474632479917917,5.190414864936488,5.953019132222165,5.385747380510356,5.117188082078367,4.302805483366135,300.6537780761719,300.53783455075103,301.0891739239504,300.9854186574415,298.62978579110774,301.0198539029743,296.6280719033421,299.03394365251125,299.98827502796945,100938.640625,101142.43087606155,100881.36800963429,98897.17927968272,94166.01898738105,94831.66679773048,90255.16645916336,92808.8654255826,94468.40476494636,0.0061873979866504,0.0055412256236867,0.0026756795724207,0.00165397337349,0.0011039713866585,0.0002729116289906,0.0002457561748021,0.0001265018827751,0.0039190267147015,301.94101897199295,301.94101897199295,302.15027276247986,302.15027276247986,302.15027276247986,302.15027276247986,302.15027276247986,302.15027276247986,301.94101897199295,0.2176878452301025,0.217537800540171,0.2885948054565635,0.3172956141991161,0.2588254656878791,0.2790713696213598,0.2176742483566335,0.2020472238937926,0.1999328653911089,1.1695562962918649,1.1723697090813054,1.1672034981376982,1.1446385320617225,1.098441449310137,1.097432242449017,1.0599494798375595,1.0811823628428476,1.09701501014252,105.0,799.0002000000001,2072.3500000000004,390.8,352.545,340.165,130.51999999999998,1049.15,587.0999999999999,0.37207986844468083,0.22052457125757075,0.49324422055897826,0.544432107480063,0.29671129935486296,2111.750530169813,2251.6525668372715,2325.0437006091665,1059.652540510766,-0.02290798964384483,74,1.0,6.123233995736766e-17,1.62,-1.4,93.92863,2.66,2.21,0.47
2016-04-01,2016,4,NE,2411.463950851833,0.3924282702899243,6144.9802,9747.009518051542,63913.280750247,79893.50642798,195.3500000000004,2,5.6053992447175744,7.011505712520076,7.951119471244626,6.912480233392667,5.688112637757009,6.620998032088793,5.743986948179002,5.609140388158679,5.907020018435199,300.7629699707031,300.4851186102888,300.5460992235342,299.95862900208084,297.81315291490387,300.459048994632,295.56405369357907,298.34691143900346,299.90025192763005,100844.0390625,101057.49458514998,100814.92939853913,98682.4308358114,94131.11815601555,94953.49101743166,90228.1978911278,92790.29695341169,94411.03469069238,0.0066062025725841,0.013139710358706,0.0047124900137908,0.0021293256342799,0.0008079396383872,0.0001582492730497,0.0002320788798638,5.298130211129594e-05,0.0006175017831473,302.05823990283136,302.05823990283136,302.0904799972193,302.0904799972193,302.0904799972193,302.0904799972193,302.0904799972193,302.0904799972193,302.05823990283136,0.2287014126777649,0.2534954281223808,0.3072165292862554,0.3284877811130469,0.2779607355571811,0.3106938528961993,0.2320094058347778,0.2204274749929705,0.2685619638962432,1.1680359574126902,1.1715907021418437,1.1685409430285958,1.146059064292705,1.1010466287648453,1.1008934311671752,1.063447487673385,1.0834560767838228,1.0966706550330212,105.0,826.0002000000002,2072.3500000000004,470.8,352.545,398.915,130.51999999999998,1049.15,616.7,0.349171878800836,0.37207986844468083,0.22052457125757075,0.5601314038023368,0.24452934852023273,2077.4435551041934,1173.7266379033467,2443.732998564059,916.7222368070832,0.043256391489088275,75,0.8660254037844387,-0.4999999999999998,0.91,-1.58,93.87694,2.57,2.36,0.7
2016-05-01,2016,5,NE,2534.648410032231,0.4030942098119569,6287.9802,10059.764106717945,59306.55379220451,71844.53199999,143.0,2,6.079220661297748,7.463217455501566,7.377220662542664,6.418738132492063,4.937169469892472,6.515143522833756,5.546007039324612,5.238865025362024,6.676262978617336,301.0534973144531,300.6519560900581,300.1743702615618,299.3948521123868,296.6410554796785,298.77946817444257,296.0423412833805,296.86279720511294,300.0240722329646,101029.4453125,101246.85817188272,101020.09544037412,98879.89910790142,94317.161111968,95082.03080119312,91879.33547391913,92986.79373883024,94598.15636148042,0.0018482289742678,0.0021920965878001,0.0041467597240994,0.0044842174184922,0.001647170545693,0.0005847018906951,0.0001866605025903,4.900445224704411e-05,0.0005249557825997,301.90236460053336,301.90236460053336,301.69098031581854,301.69098031581854,301.69098031581854,301.69098031581854,301.69098031581854,301.69098031581854,301.90236460053336,0.2482222318649292,0.2613856963732113,0.287729184631617,0.2973227299363711,0.236607381189738,0.3015787852714708,0.2233784276801025,0.2029005485154116,0.3182445455645168,1.1690541747722236,1.1731347462001405,1.1723693860312534,1.1505106726353396,1.1075849406592717,1.1085796551224003,1.0810574302155884,1.091179125855068,1.0983907245149054,105.0,841.0002000000002,2072.3500000000004,470.8,352.545,428.915,228.52,1049.15,616.7,0.3924282702899243,0.349171878800836,0.37207986844468083,0.4646933756496742,0.41198069396265324,2411.463950851833,2111.750530169813,2048.919154452584,1568.7339891567203,0.010665939522032652,76,0.49999999999999994,-0.8660254037844387,0.3,0.09,93.5806,2.26,2.72,0.92
2016-06-01,2016,6,NE,3049.8182587779306,0.4612449010916958,6612.145199999999,9808.76987916414,58865.98097361101,71565.31999997,324.16499999999905,2,6.478934287299373,8.353090990784983,8.255334120853627,7.245729377703173,5.286922813408215,6.659363820273945,5.553605907292658,5.003694298401729,7.165364225622842,301.1788635253906,300.4474409229855,299.65451164440856,298.99874911636454,295.5662253975645,297.1211891484266,295.1094783420385,295.825466704422,298.5443545360513,101136.8203125,101367.11402625107,101148.64381788883,99018.28132965168,94185.93019916136,95236.82381051609,92013.0042884649,93133.16966338822,94736.93650174316,0.0007667741738259,0.0016446824018337,0.0021512521199378,0.0009740515914329,0.0005444279802036,0.0003643341079214,0.0002820562660916,0.0003443770676101,7.229366031281233e-05,301.4408297818097,301.4408297818097,301.0872309568217,301.0872309568217,301.0872309568217,301.0872309568217,301.0872309568217,301.0872309568217,301.4408297818097,0.2782332897186279,0.3006883115295741,0.3259576727106418,0.3448329004273135,0.2602394784955376,0.3043911681832485,0.228523621933902,0.2003996326784407,0.3537369280768422,1.169809518066462,1.1753279005748836,1.1758979737247146,1.1536537564544762,1.1100760086663397,1.1165814363347768,1.0860523740765418,1.0967283462070951,1.105454189663502,105.0,841.0002000000002,2217.55,470.8,531.51,428.915,228.52,1049.15,616.7,0.4030942098119569,0.3924282702899243,0.349171878800836,0.49324422055897826,0.42321807500635966,2534.648410032231,2077.4435551041934,2251.6525668372715,1680.0848505327365,0.058150691279738875,77,1.2246467991473532e-16,-1.0,-0.03,-0.1,93.77626,1.62,2.66,1.18
2016-07-01,2016,7,NE,3600.4152741900944,0.53609117963265,6716.0502,9553.558733868133,58073.64201747193,70932.67199999001,103.90500000000064,3,6.798501467821303,9.429980513593645,9.643301544974678,8.441935374240895,6.19619611042137,7.241379084310125,6.311847704272802,5.920274123228875,8.512939297499415,300.7694091796875,299.93407135345313,299.31910954940065,298.9697755669373,294.6676669010712,296.5140226419789,293.9808219590497,294.793476864258,298.12555067230323,101088.640625,101325.79417116592,101115.70190673294,98985.95510301615,94138.49670120644,95241.18057482256,92007.01938561175,93132.39432926358,94712.82509729204,0.0003414218081161,0.0010395697692478,0.0006042466195823,0.0001405673105191,0.0007276588131279,0.0002717813943497,0.0002362101065158,0.0002036352941716,9.855876564458214e-06,300.42465448693974,300.42465448693974,300.15917909099306,300.15917909099306,300.15917909099306,300.15917909099306,300.15917909099306,300.15917909099306,300.42465448693974,0.2990028262138366,0.3378026657461653,0.3782582287083105,0.403194687026177,0.2862078698141156,0.3307713084306323,0.2606652194995002,0.2338681477476153,0.4026575591085949,1.1708440116835208,1.176859731990335,1.1768336706234783,1.1533884102940382,1.1129017838365445,1.1189186825845512,1.0901470132401587,1.100559336701537,1.106725400096763,105.0,841.0002000000002,2267.95,470.8,585.015,428.915,228.52,1049.15,616.7,0.4612449010916958,0.4030942098119569,0.3924282702899243,0.22052457125757075,0.49442224183540845,3049.8182587779306,2411.463950851833,1173.7266379033467,1983.367505673562,0.07484627854095416,78,-0.4999999999999997,-0.8660254037844388,-0.48,-0.14,93.52028,0.91,2.57,1.46
2016-08-01,2016,8,NE,3773.899327953857,0.5470410173648347,6898.7502,9669.979807657674,59727.321145161935,72307.93999998001,182.7000000000008,3,8.095478134367646,10.145698545192696,9.801980458853096,8.564962973156913,6.1279930992885685,7.067897586427722,6.405651913242034,6.0617910129565855,8.145960137641255,300.89923095703125,299.7324957307475,299.3573829666522,299.1869881621665,295.0772718335977,297.1183682349628,295.01135720777654,296.2722519301222,299.3472010640816,101064.8984375,101316.86254264678,101119.35264476867,98925.95950078932,94113.05567164942,95191.0703752492,91948.76535970595,93047.4253970476,94656.45867013464,0.0001058655907399,0.0003546196956952,0.0002910479562978,0.0001141815939727,0.0003822692819069,0.0002851055759401,0.0002176481179008,8.381996745365205e-05,2.5169693590597308e-06,300.05556686743614,300.05556686743614,299.8228205900853,299.8228205900853,299.8228205900853,299.8228205900853,299.8228205900853,299.8228205900853,300.05556686743614,0.3528488874435425,0.3605827916289746,0.3878691606789781,0.4165849155013545,0.289551504477272,0.3190101657816703,0.2656586228204904,0.2478028199201497,0.3868018453387489,1.1700639840072018,1.1775477712569389,1.1767260643242765,1.1518511539633294,1.111054118466909,1.1160557388890833,1.085655067520671,1.0940672459433023,1.1015528629304665,105.0,958.0002000000002,2267.95,506.8,585.015,428.915,228.52,1049.15,646.4,0.53609117963265,0.4612449010916958,0.4030942098119569,0.37207986844468083,0.6148224940057186,3600.4152741900944,2534.648410032231,2111.750530169813,2574.252683029032,0.01094983773218472,79,-0.8660254037844385,-0.5000000000000004,-0.58,1.09,93.23097,0.3,2.26,1.93
2016-09-01,2016,9,NE,3997.868523816708,0.5738416083378265,6966.8502,9897.171191663874,60201.419268054,73423.97399998,68.09999999999945,3,8.555768796711194,10.3228431428881,10.096322490676268,8.886668373813109,6.346300242047642,7.091745768982869,6.359220907491233,6.03446582730311,6.960383309573177,300.9964599609375,299.708099113665,299.5699360075954,299.69695168173774,296.25999173802364,298.6005566568758,295.68845137067467,296.930097813441,301.0294832286269,101013.8046875,101270.69186176515,101068.30929785882,98865.03465370956,94042.77301223046,95086.3578371443,91864.00927708736,92953.04270838296,94563.48172087716,6.962020415812731e-05,0.0002464356460204,0.0002344922860574,9.059701950564244e-05,0.0002984259377429,0.0001596915580054,0.0009884256919682,0.0006880574326524,5.345857393741869e-05,300.07997950561287,300.07997950561287,299.8991463457874,299.8991463457874,299.8991463457874,299.8991463457874,299.8991463457874,299.8991463457874,300.07997950561287,0.3730292320251465,0.3682392275428715,0.4009607877006582,0.4385898369640088,0.311240557307273,0.3357954675206056,0.2710835568733355,0.2501365703150899,0.3595937097555782,1.169094686265692,1.177107076635251,1.1752984215547049,1.1491861074490393,1.105789835282599,1.109295198550814,1.0821681739293598,1.0905358801090996,1.094320915686339,105.0,958.0002000000002,2346.55,506.8,585.015,428.915,228.52,1049.15,646.4,0.5470410173648347,0.53609117963265,0.4612449010916958,0.349171878800836,0.544432107480063,3773.899327953857,3049.8182587779306,2077.4435551041934,2325.0437006091665,0.02680059097299181,80,-1.0,-1.8369701987210297e-16,-0.58,2.11,93.28985,-0.03,1.62,2.21
2016-10-01,2016,10,NE,3792.440787631156,0.5330699237058071,7114.3402,10175.111861370176,60994.308961300645,79604.79399999,147.48999999999978,4,7.540139714925933,10.131227118228628,9.816467348437282,8.605638719735266,6.352779177841324,6.4666575501219645,5.85726245942444,5.507798290438837,5.92030762234717,301.53058492483854,300.1486276832773,300.1264689847622,300.36898259356343,297.6435473225192,300.10582783235463,297.2846126492963,298.39306345411825,302.27818174173314,98739.96270256296,101064.37548530624,100863.38963166828,98664.75347770324,93828.17989255616,94841.88557865488,91642.3293803606,92722.79580113964,94349.57423325338,0.0001838694928131,0.0003543886918928,0.0002885383320932,0.0001019034264557,0.0002199673577556,0.0006446960923202,0.0016331091298938,0.0010230176575448,0.0001370931403907,300.51365942265846,300.51365942265846,300.3648902937896,300.3648902937896,300.3648902937896,300.3648902937896,300.3648902937896,300.3648902937896,300.51365942265846,0.345732679260458,0.3601314737406364,0.3921607175787429,0.4300416716930897,0.3303602070321111,0.3236468768991963,0.2595449500653156,0.2521159108621469,0.3265963288042509,1.140757597261191,1.172984887434348,1.1707411668058094,1.144290204963343,1.098137622853745,1.1008931059322578,1.0737580968996965,1.082500161144288,1.0873351321855556,190.99,958.0002000000002,2397.55,506.8,585.015,428.915,228.52,1049.15,646.4,0.5738416083378265,0.5470410173648347,0.53609117963265,0.3924282702899243,0.5601314038023368,3997.868523816708,3600.4152741900944,2411.463950851833,2443.732998564059,-0.04077168463201941,81,-0.8660254037844386,0.5000000000000001,-0.74,2.65,92.90546,-0.48,0.91,2.36
2016-11-01,2016,11,NE,3731.158613885597,0.5135969407339277,7264.760200000001,10214.075152636402,61320.027540973664,77683.41999999,150.42000000000098,4,7.197681477587741,9.880573706081908,9.528240053210077,8.412926645208172,6.166735939177784,6.1024724480890615,5.236057019699736,4.635446083400899,5.350202179894339,301.652497752012,300.3444517322063,300.4451318452013,300.84469043277056,298.35509852023523,300.2845376638178,296.9673038417897,297.6782577182318,302.4924032050784,97863.43699602394,100982.076946825,100777.87258559818,98577.55517462509,93726.36345382172,94744.99649624634,91561.6984071416,92647.0373321558,94265.167586827,0.0001306780851425,0.0004177753188563,0.0002915368362781,0.0001760538483422,0.0001986125914166,0.0009189779670849,0.002837911253016,0.0054235247604224,0.0002830115012023,300.74438159447146,300.74438159447146,300.6031495401176,300.6031495401176,300.6031495401176,300.6031495401176,300.6031495401176,300.6031495401176,300.74438159447146,0.339222344656346,0.3543754131180314,0.3855339629204251,0.4293621687693396,0.3227638928250161,0.3032292602463365,0.2290872833826027,0.2111090365159739,0.3018978037733104,1.1301694725697553,1.1712655005600816,1.1685087260734055,1.1414711967493156,1.09432975254211,1.099114489071082,1.0739646035850563,1.0842127124007372,1.0855930344392553,269.11,976.9002000000002,2450.95,506.8,585.015,428.915,228.52,1049.15,646.4,0.5330699237058071,0.5738416083378265,0.5470410173648347,0.4030942098119569,0.4646933756496742,3792.440787631156,3773.899327953857,2534.648410032231,2048.919154452584,-0.019472982971879382,82,-0.5000000000000004,0.8660254037844384,-0.76,3.57,92.94744,-0.58,0.3,2.72
2016-12-01,2016,12,NE,3264.737505078898,0.44257064301465265,7376.760200000001,10214.778135749932,62398.27269986387,77686.079,112.0,4,5.657049034442626,8.111455463117355,8.418011591677457,7.341366169268275,5.585122544223662,5.460079514139176,4.683412638188612,4.069536584976154,4.60895526532247,300.9355624677576,300.40251863722307,300.6299931838057,300.9806674105449,298.47869001335914,300.8317086995874,297.56557092411225,297.6781436706552,301.4978221666694,97906.16598115084,100989.30560259636,100759.45335956772,98719.5801512656,93707.28241877344,94735.10843895352,91564.20655741292,92667.84882181411,94292.38417098545,0.001285807581952,0.0014375223910858,0.000634368359968,0.0003757041569754,0.000499623726835,0.000644599260777,0.001982376744223,0.0037215635291567,0.0009682876757999,301.10459521167377,301.10459521167377,301.0049696132212,301.0049696132212,301.0049696132212,301.0049696132212,301.0049696132212,301.0049696132212,301.10459521167377,0.2707042593314741,0.2946025682449936,0.3467349971516347,0.3813767913062429,0.3019790475541073,0.2901898498381348,0.2170000964155886,0.1924587458711569,0.2738543409430006,1.1333324397695816,1.1711225877955815,1.1675765190893233,1.1425978814175806,1.0936539474578817,1.0970000986019857,1.0718345176413646,1.0844560166716888,1.089488843372048,269.11,976.9002000000002,2492.95,576.8,585.015,428.915,228.52,1049.15,646.4,0.5135969407339277,0.5330699237058071,0.5738416083378265,0.4612449010916958,0.49324422055897826,3731.158613885597,3997.868523816708,3049.8182587779306,2251.6525668372715,-0.07102629771927504,83,-2.4492935982947064e-16,1.0,-0.5,2.87,92.69436,-0.58,-0.03,2.66
2017-01-01,2017,1,NE,3053.4954435452955,0.401682684432126,7601.760200000001,10502.294361556817,66457.75632809097,80742.62599998,225.0,1,4.671607120088099,6.899298731510914,8.015102860023164,6.866615615410688,5.302888369341625,6.048305006130136,5.0758583748365655,5.047213698304376,3.621904044650886,300.3160655998447,300.1218745639548,300.6107450603761,301.02552527550057,298.2730350885789,301.4056676536864,298.65447915783494,299.3876665666663,300.4900779254084,97976.33525324216,101046.24024100794,100786.88553528336,98632.87077217008,93746.4801530196,94760.89867966264,91577.24251706632,92660.88326487516,94353.231573619,0.0037177509079983,0.0045920993638132,0.0014870150760958,0.0006929247829776,0.0004960302894479,0.0001310435694793,0.0002416165977972,0.0003962950127978,0.0024330807718827,301.3594292240681,301.3594292240681,301.2043720977864,301.2043720977864,301.2043720977864,301.2043720977864,301.2043720977864,301.2043720977864,301.3594292240681,0.2214841634098234,0.2492724686467298,0.3284312804702262,0.3603667275524601,0.282060010596642,0.2950842098026445,0.2244393820418757,0.2133544315761408,0.2090011185330894,1.1364773497211762,1.172878293258495,1.167968632719893,1.1414285217870348,1.0948659751362395,1.095208999614789,1.0680806145539614,1.078182525888682,1.093848361461926,269.11,995.8002,2522.35,660.8,585.015,428.915,228.52,1049.15,722.3,0.44257064301465265,0.5135969407339277,0.5330699237058071,0.53609117963265,0.22052457125757075,3264.737505078898,3792.440787631156,3600.4152741900944,1173.7266379033467,-0.04088795858252664,84,0.49999999999999994,0.8660254037844387,-0.43,1.69,93.3777,-0.74,-0.48,2.57
2017-02-01,2017,2,NE,2653.1424032707737,0.34852169750602086,7612.5602,10535.212052947129,68293.32553345358,85305.844,10.799999999999272,1,3.68056859083978,5.895139275655244,7.196192470789279,6.083892393337055,5.16351692649696,5.566528944059947,4.502840159710689,4.507440342144746,3.133741224201768,299.1875942630392,299.8428859145686,300.4639698926074,300.39546401275555,298.6409413436243,300.81114734800724,297.7848472708728,297.8298133142171,299.2139503577236,97972.65543016794,101026.41075706,100757.13896087727,98610.9992433414,93709.53979759068,94747.63961318092,91576.0001750394,92682.36562142568,94349.69834642808,0.0109610279908442,0.0077117146295808,0.0040857594001076,0.0046380845391242,0.0005795516390312,0.0007963852564029,0.0016424879602078,0.0028265575146907,0.0029616811821461,301.5478806607321,301.5478806607321,301.5896234958107,301.5896234958107,301.5896234958107,301.5896234958107,301.5896234958107,301.5896234958107,301.5478806607321,0.18386855470417,0.2196092901987694,0.2925884431626918,0.3093925812631196,0.2758120901059731,0.2745209346335019,0.2085462324927697,0.1995283993196198,0.1920212057428018,1.140697020486755,1.1737389918849712,1.1681927709757236,1.143559232766769,1.0930867764140777,1.0972198826886643,1.071192781604301,1.0840729093876575,1.0984723052459855,269.11,995.8002,2522.35,660.8,585.015,428.915,228.52,1049.15,722.3,0.401682684432126,0.44257064301465265,0.5135969407339277,0.5470410173648347,0.37207986844468083,3053.4954435452955,3731.158613885597,3773.899327953857,2111.750530169813,-0.05316098692610516,85,0.8660254037844386,0.5000000000000001,-0.08,0.82,94.57979,-0.76,-0.58,2.26
2017-03-01,2017,3,NE,1998.4319865560349,0.2608626099920261,7660.860199999999,10768.35364784738,67264.44021370872,83243.575,48.29999999999927,1,3.058325736221752,4.859613912560928,6.115235560941202,5.159061695363114,4.354109652391363,5.04961643149727,4.222157143713275,4.336025522308028,3.029425962125423,298.60818458991747,299.7063662945762,300.3863606246145,300.1152541227548,298.7934645798532,300.6615740243977,298.20911015250647,298.9337960299265,298.30362199754416,98003.40619426072,101050.94888937371,100763.5454946528,98622.48266305994,93709.26142598904,94758.76138592436,91575.54829993,92660.2684193752,94378.97623637327,0.0121411097921102,0.0091906384385253,0.004411535860014,0.0026483362431797,0.000956119312629,0.0019171930654217,0.0014604432150931,0.0025216425791178,0.0083490213043977,301.74602471593016,301.74602471593016,301.95429327021674,301.95429327021674,301.95429327021674,301.95429327021674,301.95429327021674,301.95429327021674,301.74602471593016,0.1521081438205796,0.1793306307186833,0.2434871977352988,0.2543720201776333,0.2382778815242677,0.2488588053028421,0.1910616226524307,0.1870965443955972,0.1622319248517565,1.1432561240777208,1.1745588189364309,1.168568159988806,1.1447583649714614,1.0925257371065216,1.0978943376707744,1.0696604952104438,1.079812334945669,1.1021670820070557,269.11,995.8002,2522.35,660.8,585.015,428.915,228.52,1049.15,752.1999999999999,0.34852169750602086,0.401682684432126,0.44257064301465265,0.5738416083378265,0.349171878800836,2653.1424032707737,3264.737505078898,3997.868523816708,2077.4435551041934,-0.08765908751399476,86,1.0,6.123233995736766e-17,0.03,-1.07,94.54061,-0.5,-0.58,1.62
2017-04-01,2017,4,NE,2699.456002774611,0.3488182927473753,7738.860199999999,10364.334584719583,61890.29415277833,77750.95999997,78.0,2,3.2705854602173186,5.704962444417628,6.911324494839042,5.916282721002203,4.904625695546048,6.473732987178434,5.342366289225304,5.2657589006056265,5.1693743675261725,299.1831905292271,300.2241264161753,300.44570876900065,300.12853021136783,297.73693506572386,299.6665957866331,297.4104568532192,297.17140877523764,299.09993326543344,98014.82650333506,101059.22958058665,100789.91199733752,98650.14452179176,93783.39964092802,94858.36664242916,91667.2702279888,92790.16178736956,94427.04493675823,0.0072411960952601,0.0083602553070383,0.0046778090071856,0.00219382767238,0.001476747538305,0.001330601062016,0.0010456548978941,0.0008147372762811,0.0028123600190873,302.0419278467566,302.0419278467566,302.1067590139167,302.1067590139167,302.1067590139167,302.1067590139167,302.1067590139167,302.1067590139167,302.0419278467566,0.1555757760261816,0.2078427133154009,0.2737685887509253,0.2940890066343704,0.2478364167599139,0.3021918280535476,0.2272758992294619,0.2081068001290905,0.2344267250224248,1.141190350750375,1.172629289325473,1.1686414366655475,1.1450397688744731,1.0972723631606096,1.1026978032827337,1.0736010719097293,1.0877403485230146,1.0997918934883812,269.11,1025.5002000000002,2522.35,660.8,585.015,428.915,228.52,1049.15,800.5,0.2608626099920261,0.34852169750602086,0.401682684432126,0.5330699237058071,0.3924282702899243,1998.4319865560349,3053.4954435452955,3792.440787631156,2411.463950851833,0.08795568275534921,87,0.8660254037844387,-0.4999999999999998,0.22,0.13,94.40463,-0.43,-0.74,0.91
2017-05-01,2017,5,NE,2880.24271370664,0.3707563099925055,7768.5602,10271.39256585824,60535.95738024225,73199.0657,29.700000000000728,2,4.023649042080661,6.532915167924166,6.95450070604934,5.941222498850739,4.791961993256872,6.823751216862775,5.574426020427262,5.287827195234056,6.752283334015901,299.55472786993283,300.4880944517893,300.4408339782917,299.98004772934445,296.5909861853689,298.55680110634285,296.33667433418367,296.35584992841115,299.5019688889207,98084.49260525436,101138.2253401268,100893.43089594648,98755.25604381051,93895.20843242265,94988.60885825276,91782.54225013129,92914.69706726872,94527.3388858526,0.0033386598846107,0.0053022821178585,0.0031665309910448,0.0032090998135482,0.0033751201363757,0.0004940767929977,0.0003286034862017,0.0002864684811585,0.0007552352040216,301.87560022345355,301.87560022345355,301.75693414136254,301.75693414136254,301.75693414136254,301.75693414136254,301.75693414136254,301.75693414136254,301.87560022345355,0.1797413653516036,0.2331108368369028,0.2801933160503452,0.2943283741973502,0.2467412904578506,0.3219372465639046,0.2436679490138827,0.2252398444257166,0.3268786679722978,1.1405887709049298,1.172515006218879,1.1698610743360147,1.146823660019165,1.1028270954112886,1.1083164062755682,1.078843602565012,1.0921976829105244,1.0994819051707714,269.11,1055.2002,2522.35,660.8,585.015,428.915,228.52,1049.15,800.5,0.3488182927473753,0.2608626099920261,0.34852169750602086,0.5135969407339277,0.4030942098119569,2699.456002774611,2653.1424032707737,3731.158613885597,2534.648410032231,0.02193801724513017,88,0.49999999999999994,-0.8660254037844387,0.37,2.16,94.2554,-0.08,-0.76,0.3
2017-06-01,2017,6,NE,3835.30063333025,0.49022446754231536,7823.5602,9900.80102083086,59572.50837638833,73417.805,55.0,2,5.332723803950899,8.019546900451939,8.194534939688568,7.226479135142003,5.809772409189623,7.487452328958113,6.468793208166228,6.073884602459686,8.510710725389913,300.20759001278225,300.45713613882674,299.917064130632,298.9492803762958,294.96608235631174,297.0530488512376,294.69537016983605,295.1739163445511,297.8951226988568,98144.53560927686,101218.29444485984,101000.93879501628,98866.35510933718,94031.529172596,95152.3062247182,91934.90277656224,93081.65807960612,94662.8752520456,0.0003585441288482,0.0024860730924054,0.0028692728934558,0.0020616845829303,0.001425957999831,0.0003664010830322,0.0002305623844117,0.0002112849054396,0.0001879092671269,301.4842063942767,301.4842063942767,301.18276609216286,301.18276609216286,301.18276609216286,301.18276609216286,301.18276609216286,301.18276609216286,301.4842063942767,0.2320398388665183,0.2901230867592098,0.3266878563830747,0.337693193165211,0.2726651230398432,0.3518628660867084,0.2726038404757184,0.2434692322489179,0.4001436491029294,1.1388111081337284,1.1735645241838153,1.1731533981548417,1.1520606495223298,1.110515536652684,1.1158462081359757,1.0866518915653445,1.0985418008448091,1.1069979668784171,269.11,1055.2002,2522.35,660.8,585.015,428.915,228.52,1049.15,855.4999999999999,0.3707563099925055,0.3488182927473753,0.2608626099920261,0.44257064301465265,0.4612449010916958,2880.24271370664,1998.4319865560349,3264.737505078898,3049.8182587779306,0.11946815754980988,89,1.2246467991473532e-16,-1.0,0.34,1.16,94.77185,0.03,-0.5,-0.03
2017-07-01,2017,7,NE,4577.0337970394485,0.5657486267550931,8090.2252,9408.810325265646,57752.44949193581,71147.46799998,266.665,3,5.861145318219117,8.218302117013687,8.923980555688402,8.002512847333437,7.306527852196873,8.624249379893394,7.517343213890044,7.100090819113766,9.81930155881764,300.2036588551949,299.96813381234364,298.3802460808804,297.43452141417714,293.01639899461884,294.9292986453703,292.5301490381722,292.5907714570323,296.55132494825705,98325.72832322284,101417.9760397387,101232.15885758091,99080.03949757868,94256.11574542962,95411.58550718092,92182.08917162612,93392.84572645117,94859.29650690225,0.0002529095709487,0.001596361739766,0.0054271595813735,0.0029442893771328,0.0030440609257851,0.0004491772436718,0.0002686475614919,0.0004440149014224,0.0001218177282169,300.64528763389126,300.64528763389126,299.9412597903189,299.9412597903189,299.9412597903189,299.9412597903189,299.9412597903189,299.9412597903189,300.64528763389126,0.2735983166672138,0.3058726358123069,0.3464199654166539,0.366565602274553,0.3335654970686745,0.4028962876258564,0.325509068115818,0.3009812558003514,0.4706495530302114,1.140920257758342,1.1777973898572895,1.181894695937981,1.1604374154236865,1.1205731494380773,1.1269434246626466,1.0976370190361373,1.111944170974511,1.114320790009717,269.11,1103.5002,2658.115,660.8,585.015,428.915,228.52,1049.15,938.1,0.49022446754231536,0.3707563099925055,0.3488182927473753,0.401682684432126,0.53609117963265,3835.30063333025,2699.456002774611,3053.4954435452955,3600.4152741900944,0.07552415921277772,90,-0.4999999999999997,-0.8660254037844388,0.25,2.1,94.84265,0.22,-0.43,-0.48
2017-08-01,2017,8,NE,4741.403096771008,0.5817940065232703,8149.6252,9772.246153088292,59778.32514099516,72615.95300000001,59.40000000000055,3,6.030589362780976,9.967624859140576,9.511675584876944,8.285846514332425,5.63239084116016,7.173268645965381,5.783250238230784,5.684992472181711,8.413335503792519,300.5288435714237,299.7122517485697,298.96496697247915,298.6287664085554,294.3798669223784,296.6345029770254,294.11788439905075,294.1665349061056,298.7631204254532,98168.72286193378,101283.62566266696,101110.95940814736,98949.6025272397,94102.75205042816,95188.33869800836,91933.33595527743,93063.37306093026,94643.1272573501,3.4852053802964794e-05,0.0002496767823627,0.0003596757296868,0.0001055641606502,0.0009895293771083,0.0002340612631305,0.0001465399341512,0.0001314888518173,2.319510434594544e-05,299.96308223298803,299.96308223298803,299.5696868127183,299.5696868127183,299.5696868127183,299.5696868127183,299.5696868127183,299.5696868127183,299.96308223298803,0.2718049112975515,0.35347066820286,0.3708256557975242,0.4003384830227198,0.2663914058781735,0.3331299867056407,0.2458131984489176,0.2323098385242546,0.3975557402716341,1.137897911635054,1.177241172332356,1.1781725053832706,1.1542799714233725,1.1135675344538187,1.1178451583897373,1.0887664047067005,1.1020891929513097,1.10355125133805,269.11,1103.5002,2658.115,660.8,585.015,428.915,228.52,1049.15,1027.2,0.5657486267550931,0.49022446754231536,0.3707563099925055,0.34852169750602086,0.5470410173648347,4577.0337970394485,2880.24271370664,2653.1424032707737,3773.899327953857,0.016045379768177215,91,-0.8660254037844385,-0.5000000000000004,-0.16,1.93,94.55825,0.37,-0.08,-0.58
2017-09-01,2017,9,NE,5752.196387496848,0.6886527910935869,8352.8252,9701.747136107626,61654.829060834,75695.16859997,203.1999999999989,3,6.920267550817135,10.7977042389074,10.552258043629868,9.24083135524948,6.980739914267806,8.319934487280804,7.507875589586554,6.986602211110268,9.765943205208064,300.90185603349136,299.72303138505004,299.11853081097365,299.01446189603274,294.6531063928925,296.2398945563264,294.256486563847,294.99728786962606,298.5449481021864,98142.49839285052,101266.68459516928,101113.84693773244,98955.34648342918,94137.4501580622,95254.54384865006,92010.6453373884,93276.63900413689,94704.3367217316,2.007244746181252e-05,0.0001573419205685,0.0003929740320306,0.0001646775882004,0.00103505395136,0.0005735553185493,0.0002854987527171,0.0002711963777917,6.80134301395622e-05,299.83024156414297,299.83024156414297,299.550868017634,299.550868017634,299.550868017634,299.550868017634,299.550868017634,299.550868017634,299.83024156414297,0.3138704245994421,0.3843414346512457,0.4155999890334148,0.4541013504561153,0.3317449359448843,0.3918486792646871,0.3328253198959521,0.3029755942277231,0.4679881246408193,1.136193532810173,1.1770021895123457,1.1776021915450252,1.1528591125600978,1.1129449548454715,1.1201116599331935,1.0891707334655034,1.1015047617314226,1.105073867522065,269.11,1103.5002,2658.115,660.8,585.015,428.915,228.52,1139.15,1126.7,0.5817940065232703,0.5657486267550931,0.49022446754231536,0.2608626099920261,0.5738416083378265,4741.403096771008,3835.30063333025,1998.4319865560349,3997.868523816708,0.10685878457031661,92,-1.0,-1.8369701987210297e-16,-0.43,3.1,94.52891,0.34,0.03,-0.58
2017-10-01,2017,10,NE,5253.291768814435,0.6240527491904437,8418.0252,10230.952422608372,62898.68760647645,78671.93999998001,65.20000000000073,4,7.414618274580076,10.515250064281398,10.043155522720738,8.734370596801886,6.445868544658662,7.379228920297494,6.637572225223787,6.078547928169859,7.599568170294892,301.2053723098717,299.8568281412472,299.74734142677613,299.9566762522404,296.3298844988008,299.1283935943184,297.2558693534414,298.098974876737,301.2783165312165,97966.03260051653,101093.39746869922,100913.11895830082,98751.94326006352,93899.00552443098,94935.44159062691,91699.85703658324,92894.85803024734,94449.07344640272,0.0001547785857101,0.0004611088532972,0.0004998673459381,0.0002247967129085,0.000542918225509,0.0001534958388349,0.0001788419579322,0.0001163514985016,2.5189270298893076e-05,300.09375492418394,300.09375492418394,299.9594145151901,299.9594145151901,299.9594145151901,299.9594145151901,299.9594145151901,299.9594145151901,300.09375492418394,0.3424184398460466,0.3732872173001848,0.3986164033397797,0.4376904292631957,0.320774668932611,0.3489664144918326,0.2902315465869366,0.2612644198319336,0.3795564434988398,1.1330208514685902,1.1744637106612823,1.1727997344890029,1.146875935011706,1.1038401568347107,1.1055804307992498,1.0745420248701028,1.0855854183121327,1.0920959335211042,269.11,1103.5002,2658.115,660.8,585.015,428.915,228.52,1139.15,1175.9,0.6886527910935869,0.5817940065232703,0.5657486267550931,0.3488182927473753,0.5330699237058071,5752.196387496848,4577.0337970394485,2699.456002774611,3792.440787631156,-0.06460004190314317,93,-0.8660254037844386,0.5000000000000001,-0.56,2.94,94.79668,0.25,0.22,-0.74
2017-11-01,2017,11,NE,4339.187276385722,0.5044789233623816,8601.3252,10371.39263055293,62550.747043056,78570.28999999,183.29999999999927,4,6.727930748520877,9.61003657278918,9.08803230741366,7.923241356075258,5.671623680652306,5.5526762906376605,4.609519150964742,4.184247983479599,4.618127016032215,301.1591638520624,300.0838581652381,300.2070229199111,300.4306192467346,297.7984002377927,300.3365527519598,296.5469576693574,297.27784281118954,301.5455323080941,97880.20613898592,101002.00279468967,100796.7491746677,98629.35387976696,93704.13146831703,94699.0696493245,91533.11547129354,92722.746484495,94280.43626285216,0.0001045543152805,0.0002549008842328,0.0002294546795776,0.0001170927752735,0.0002459148130586,0.0005241990490599,0.0032627687925782,0.0038037615356688,0.0008981632115085,300.5976853407606,300.5976853407606,300.56712240060943,300.56712240060943,300.56712240060943,300.56712240060943,300.56712240060943,300.56712240060943,300.5976853407606,0.3182544903183571,0.3407252694379549,0.3630411725059201,0.4025522689481625,0.2974626688665087,0.2806943092746951,0.2059415513426247,0.1891893339273263,0.2387077221888179,1.1322104556387529,1.17251372105523,1.169653561294709,1.1436430760838194,1.0961154908204238,1.0983982385858726,1.0751543311184528,1.0865611947234155,1.0891767296341546,269.11,1103.5002,2658.115,660.8,585.015,552.915,228.52,1139.15,1235.2,0.6240527491904437,0.6886527910935869,0.5817940065232703,0.3707563099925055,0.5135969407339277,5253.291768814435,4741.403096771008,2880.24271370664,3731.158613885597,-0.11957382582806209,94,-0.5000000000000004,0.8660254037844384,-0.97,4.48,94.95922,-0.16,0.37,-0.76
2017-12-01,2017,12,NE,3803.2059645151207,0.4272005031184646,8902.625199999999,10462.24134403629,63958.42354296387,78902.52099999,301.2999999999993,4,6.169523974724422,8.150479577759477,8.018059866758973,7.017950786484853,5.119285884029748,4.480798967684593,3.6526639307800206,2.791582629572853,4.346745510299215,301.1751086385411,300.2983614346823,300.5179377406092,300.867587793826,298.61212050894784,300.6298788812472,296.9995068469853,297.2817452774011,301.39562596080856,97908.90742981496,101002.66946467532,100782.75985921464,98621.08163400424,93700.54908336808,94694.54802779332,91557.50302758312,92714.4453186038,94312.8618213872,0.0008951373960364,0.0014520682064174,0.0007710253936794,0.0003599868807398,0.0002896966989949,0.0011748577107812,0.0026582449877686,0.0044551281992713,0.0006941293016826,301.0488002533272,301.0488002533272,301.0539324692879,301.0539324692879,301.0539324692879,301.0539324692879,301.0539324692879,301.0539324692879,301.0488002533272,0.2915101155297049,0.2925139569687655,0.3291377732143993,0.3718404936588417,0.288134784601917,0.2562192636252606,0.1904971212866049,0.1622500552953412,0.2364279564924918,1.132473784661869,1.1716838662856797,1.1682818353485642,1.141886051762105,1.09308926321013,1.0972749992493236,1.0738380841030912,1.0864479915634135,1.090094376221734,269.11,1103.5002,2704.315,660.8,635.615,608.915,318.22,1139.15,1294.0000000000002,0.5044789233623816,0.6240527491904437,0.6886527910935869,0.49022446754231536,0.44257064301465265,4339.187276385722,5752.196387496848,3835.30063333025,3264.737505078898,-0.07727842024391707,95,-2.4492935982947064e-16,1.0,-0.98,6.14,96.27794,-0.43,0.34,-0.5
2018-01-01,2018,1,NE,3592.284688937997,0.3912641952119851,9181.2252,10540.964911287958,66525.44022748742,83808.69899998,278.6000000000022,1,4.744385467708272,6.722890452618734,7.237337628875792,6.386930686884798,5.006066669813716,4.8326018864314655,4.72109909676591,4.061341050669687,3.924991678470342,300.1352161570344,299.9509489167839,300.3569970927017,300.64975323960124,298.08652530961035,300.34393913419,297.2789167185465,298.04881112366974,299.81086319567,97962.46307968858,101037.41970932018,100794.23342070982,98584.0219035388,93741.35770056362,94824.9416257508,91618.67676077165,92779.3683054526,94378.59494247774,0.0036263992643309,0.0034743221382449,0.0017094513710701,0.0010455481140059,0.0012220750681288,0.0014803669694078,0.0012948916383267,0.001571988627223,0.0031421779504953,301.3463473523679,301.3463473523679,301.3620921193394,301.3620921193394,301.3620921193394,301.3620921193394,301.3620921193394,301.3620921193394,301.3463473523679,0.2284449476346288,0.2485657317544631,0.2965122052769797,0.3349877767707114,0.2675706294403389,0.2523367121919809,0.2098065356870858,0.1764206843851678,0.2142559427256236,1.1370021074320862,1.1734442704880268,1.1690402509754605,1.1422849234316097,1.0954935789610425,1.0998305408894464,1.073556050925939,1.0844100251738495,1.0966191248616866,269.11,1103.5002,2822.615,700.8,635.615,641.815,376.2199999999999,1139.15,1323.4000000000003,0.4272005031184646,0.5044789233623816,0.6240527491904437,0.5657486267550931,0.401682684432126,3803.2059645151207,5253.291768814435,4577.0337970394485,3053.4954435452955,-0.0359363079064795,96,0.49999999999999994,0.8660254037844387,-0.98,2.12,95.73131,-0.56,0.25,-0.43
2018-02-01,2018,2,NE,2428.030007437604,0.2624578043152636,9251.1252,10360.760217259673,66373.08099999964,81135.97399999,69.89999999999782,1,2.5907141666693807,3.653308120276304,5.339586147151024,4.662325150726758,4.268923977600544,3.596776816034261,3.590466850800167,3.0804377289897418,2.600209818181726,298.51452092616563,299.23143073305954,299.9163401141759,299.8748719550703,297.980259493226,299.0923168485229,296.5534577066604,297.0658900886258,298.2165183750041,97978.34899878304,101027.50912668616,100750.87731325207,98540.6932791096,93674.05602497184,94790.84840866333,91877.59381923587,92735.97869285762,94365.09522583873,0.0127458532017347,0.0128709566672697,0.006710441652211,0.0044127735256144,0.0018952397625306,0.0035611169920202,0.0042218204913621,0.0069856427441829,0.0077002155032243,301.33313679023206,301.33313679023206,301.51021888121124,301.51021888121124,301.51021888121124,301.51021888121124,301.51021888121124,301.51021888121124,301.33313679023206,0.1439145503844674,0.1465135903384477,0.2259799959636034,0.2513000784467343,0.2337132203911192,0.1915407798057763,0.1678374221274327,0.1493077846896798,0.1605992438805072,1.143329463982214,1.176150215907651,1.1702529699898538,1.1447298008880469,1.095098390368475,1.1040366817933012,1.0792091808473092,1.0874890127976842,1.1023243624883476,269.11,1103.5002,2862.515,700.8,635.615,641.815,406.22,1139.15,1323.4000000000003,0.3912641952119851,0.4272005031184646,0.5044789233623816,0.5817940065232703,0.34852169750602086,3592.284688937997,4339.187276385722,4741.403096771008,2653.1424032707737,-0.12880639089672147,97,0.8660254037844386,0.5000000000000001,-0.78,-0.22,95.42006,-0.97,-0.16,-0.08
2018-03-01,2018,3,NE,2350.6142647818547,0.25263129652030547,9304.5252,10573.49497042816,68054.39154569936,84248.57299998,53.400000000001455,1,3.6009461691780715,5.348775516526434,5.763038390525862,4.749229069567009,3.504723957890898,3.033627743730759,2.872817694369332,2.574674247871922,3.1686542056898768,299.2999797663841,300.1481317407815,300.56017236131,300.2034172859366,298.1030000007702,299.5825120887713,296.6373063384633,297.33738870105435,298.35614690251697,97988.86248536845,101039.48036503246,100789.27937627584,98583.57427226027,93711.03828378816,94877.07385422342,91903.96284340996,92753.47678614536,94397.75997903128,0.0054053906662967,0.0055513695900178,0.004391388631004,0.0046286283775347,0.0019061162692249,0.0023346707496709,0.0044356777952794,0.0041810956970609,0.0053500852671302,302.02332158559216,302.02332158559216,302.0514436965443,302.0514436965443,302.0514436965443,302.0514436965443,302.0514436965443,302.0514436965443,302.02332158559216,0.1683042663284192,0.1913008215515203,0.230130750708822,0.2420188618237024,0.2102976110592892,0.1930808082568659,0.1540337249803188,0.1405181078628697,0.1678882490585122,1.1404486647054557,1.1726970256626756,1.1681903544942902,1.143972107869069,1.0950799270491482,1.1032308475995891,1.079211535942589,1.0867012475825282,1.102189899382687,269.11,1103.5002,2887.715,700.8,635.615,670.015,406.22,1139.15,1323.4000000000003,0.2624578043152636,0.3912641952119851,0.4272005031184646,0.6886527910935869,0.2608626099920261,2428.030007437604,3803.2059645151207,5752.196387496848,1998.4319865560349,-0.00982650779495814,98,1.0,6.123233995736766e-17,-0.8,0.56,95.44397,-0.98,-0.43,0.03
2018-04-01,2018,4,NE,3105.203599997097,0.3315532635234108,9365.6252,10367.044936108849,63905.58283610301,78362.969,61.09999999999855,2,2.348191378897555,4.087000237393052,5.624521014236922,4.793131889108855,4.369154575589648,5.896577384857925,5.399543837473803,5.179421162734773,4.962455259078826,298.53974374814567,299.6702247554284,299.75437255041777,298.98071932938893,296.48511172044994,298.82103735459594,295.9197336489608,296.6777160976724,297.58271116660563,98076.72617377654,101122.92778759236,100859.18239769396,98721.90195669212,93833.72904318062,95025.18480603042,92056.50243941088,92954.17978831528,94506.9020491726,0.0101725129776563,0.0104646052542095,0.0064273488882261,0.0037542784604827,0.0030473988116649,0.0008520642254022,0.000502947886653,0.0004400271013088,0.003445331527566,302.05979169970965,302.05979169970965,301.76448428152264,301.76448428152264,301.76448428152264,301.76448428152264,301.76448428152264,301.76448428152264,302.05979169970965,0.1380779941736453,0.1780275140330965,0.2335400361043145,0.2364411233263378,0.217580305642233,0.2794406691289679,0.228680816530612,0.2103835936494294,0.2302457032398963,1.1443711009397268,1.175537230652109,1.1721417147860396,1.1502586109498336,1.1024971594494697,1.1077696879387495,1.083614081354617,1.091476547710124,1.1063326245421827,269.11,1103.5002,2915.915,733.6999999999999,635.615,670.015,406.22,1139.15,1323.4000000000003,0.25263129652030547,0.2624578043152636,0.3912641952119851,0.6240527491904437,0.3488182927473753,2350.6142647818547,3592.284688937997,5253.291768814435,2699.456002774611,0.07892196700310533,99,0.8660254037844387,-0.4999999999999998,-0.51,-2.9,95.96441,-0.98,-0.56,0.22
2018-05-01,2018,5,NE,4141.923126340618,0.43277456172253176,9570.6252,10193.68760618035,60005.95726080419,75650.17999999001,205.0,2,3.349143479844901,5.920417480770448,7.2268749564518595,6.371364229993704,5.362253820328634,6.947861961549615,5.908094165702299,5.367795914693848,7.07441189352316,299.005409534717,300.1710668756397,299.9250414230007,299.1261054958361,295.8308571050086,297.8521795456939,296.4189868464035,295.97197078632325,298.14019222412304,98130.3054931069,101182.714169439,100937.39923317375,98798.69648272455,93943.58863045044,95157.84281601904,93107.33418204571,93093.0926522105,94594.2797458252,0.0042302287919802,0.0066757639498093,0.0017587570942427,0.000982297637981,0.0010342984207559,0.0003947035162568,0.0003788388340183,0.000349316768679,0.0002696900904227,301.74373561610867,301.74373561610867,301.3773596397559,301.3773596397559,301.3773596397559,301.3773596397559,301.3773596397559,301.3773596397559,301.74373561610867,0.1553304766976072,0.218773649105447,0.2905455262158622,0.3075368017612206,0.2566639764470428,0.3218462823906073,0.2509370495236935,0.222045926755658,0.3226354577236168,1.1432152277469498,1.174269653263075,1.1723834448257595,1.1505966971603032,1.1062313780014288,1.1129227690862986,1.0941094932244422,1.0957155180172,1.105285144555308,269.11,1103.5002,2915.915,733.6999999999999,635.615,670.015,611.2199999999999,1139.15,1323.4000000000003,0.3315532635234108,0.25263129652030547,0.2624578043152636,0.5044789233623816,0.3707563099925055,3105.203599997097,2428.030007437604,4339.187276385722,2880.24271370664,0.10122129819912096,100,0.49999999999999994,-0.8660254037844387,-0.2,-4.72,93.05594,-0.78,-0.97,0.37
2018-06-01,2018,6,NE,5069.340524996389,0.5231395989637463,9690.2252,9852.018283329944,59539.803052780335,72872.55199997,119.60000000000036,2,4.796988300891179,8.201405584580742,8.507564753585282,7.579752065386721,5.632619323958593,7.146808888583366,6.36715388387411,5.559638557941564,7.826793618311994,298.974657749586,299.90249826609414,299.31085797739235,298.62399423212685,294.9003205766639,296.9157095567135,295.33685452121824,294.6131849787817,297.7648485335624,97976.2929874568,101325.59619768376,101114.72387979525,99040.56835611608,94111.6041019328,95334.9632783408,93271.58847622378,93253.01318993328,94744.95750056676,0.0008769894561225,0.0022930427467796,0.0018864373082158,0.0004561226469967,0.0007546426648259,0.0004783532583972,0.0003540196086594,0.000262171559713,0.0001111271889249,300.8105281759676,300.8105281759676,300.5031122116385,300.5031122116385,300.5031122116385,300.5031122116385,300.5031122116385,300.5031122116385,300.8105281759676,0.2055517318212378,0.2940326243927997,0.3367169301607725,0.3667460785048594,0.266513828964548,0.3278467212938666,0.2654251004423108,0.2178948143307844,0.3630882208803477,1.1415395032684528,1.176981119498028,1.1768534580691346,1.1553557850883358,1.1117064197276905,1.1185104662586254,1.1000540989333305,1.1026619334794217,1.1084421572954095,315.31,1131.5002,2915.915,779.1,635.615,670.015,611.2199999999999,1139.15,1323.4000000000003,0.43277456172253176,0.3315532635234108,0.25263129652030547,0.4272005031184646,0.49022446754231536,4141.923126340618,2350.6142647818547,3803.2059645151207,3835.30063333025,0.09036503724121453,101,1.2246467991473532e-16,-1.0,0.04,-6.48,95.68383,-0.8,-0.98,0.34
2018-07-01,2018,7,NE,5648.088569889328,0.570391552905161,9902.1252,9830.900068545026,59607.23535078097,72634.63200000001,211.89999999999964,3,5.069752950945744,8.9715174985982,9.045039281204977,7.952299051186905,5.859501896904313,7.135747500068831,6.266663588598796,5.564256166720074,8.222408736130937,299.2531280083712,299.6233280571077,298.69620362617525,298.30281538309055,294.352373994674,296.5515491120106,294.3453614171193,293.80987861893504,297.87874082923025,97812.40444385014,101334.78159768417,101142.01547705111,99059.2621775125,94141.9733806038,95356.7702085028,93082.04227300438,93260.12067193742,94750.63325052892,0.0003914456589181,0.0018553544221064,0.004798612792487,0.0023435834218643,0.0007836648909031,0.0001887908245116,0.0002344324597728,0.000145092388934,3.0023054388256452e-05,300.1566859937813,300.1566859937813,299.74367599072656,299.74367599072656,299.74367599072656,299.74367599072656,299.74367599072656,299.74367599072656,300.1566859937813,0.2300320114793683,0.3221257469393831,0.3474484408335299,0.3728107002821618,0.2738244474277858,0.3228059721150679,0.2581011564515893,0.2118885340292115,0.3879104013644408,1.1385731683803362,1.1781850411583903,1.1795934883134305,1.1568242774942303,1.1141345919468857,1.120140159687015,1.1015379354148178,1.1057614063189376,1.1080853830711337,355.21,1131.5002,2915.915,779.1,635.615,670.015,783.22,1139.15,1323.4000000000003,0.5231395989637463,0.43277456172253176,0.3315532635234108,0.3912641952119851,0.5657486267550931,5069.340524996389,3105.203599997097,3592.284688937997,4577.0337970394485,0.04725195394141468,102,-0.4999999999999997,-0.8660254037844388,0.12,-4.72,96.00805,-0.51,-0.98,0.25
2018-08-01,2018,8,NE,5800.424709674261,0.5840240432014713,9931.8252,9976.72393144856,60415.36606597452,72334.67999999001,29.700000000002547,3,5.31588644513537,9.464524135672384,9.537777772352548,8.305899700019975,5.870819011579572,7.049343694441937,6.401095050165718,5.718871588216649,7.64943697778576,299.6966650229794,299.52203426980265,299.08775972589166,299.1612174986813,295.331158429933,297.5072290045954,295.5907913659603,296.1126767879027,299.11264628421446,97840.52618609415,101375.39687371468,101178.77931929711,99089.4860796913,94156.46462235392,95227.50733758567,93060.21191802747,93199.34958062205,94743.7234325412,0.000133447296999,0.0006652239851741,0.0003722014729276,0.0001601984487656,0.0003538323011442,0.0002125424581247,0.0003118572121105,0.000124216356484,2.1014080307950095e-05,299.9434632257364,299.9434632257364,299.6889680091723,299.6889680091723,299.6889680091723,299.6889680091723,299.6889680091723,299.6889680091723,299.9434632257364,0.2488290399538664,0.3395750920185759,0.3756832669350741,0.4111674985856853,0.2942934899943876,0.3152090258291596,0.2700018124318469,0.2370115000758028,0.3627954242415744,1.1372326550316654,1.1790559084187788,1.1784792002892526,1.1538614722710243,1.1106122404565126,1.115023081630587,1.09664342134745,1.0964492013632043,1.103433845794073,355.21,1131.5002,2915.915,779.1,635.615,699.7149999999999,783.22,1139.15,1323.4000000000003,0.570391552905161,0.5231395989637463,0.43277456172253176,0.2624578043152636,0.5817940065232703,5648.088569889328,4141.923126340618,2428.030007437604,4741.403096771008,0.013632490296310307,103,-0.8660254037844385,-0.5000000000000004,0.09,-1.36,96.74237,-0.2,-0.78,-0.16
2018-09-01,2018,9,NE,6305.568320830111,0.6311106190289966,9991.2252,10233.539184718971,61580.634609723,77670.12799999,59.39999999999964,3,6.503577802620958,10.437561781246322,10.101238343958984,8.8493285816525,6.307580033339119,6.903067652137542,6.329170807194123,5.648142550434846,7.361541175626039,300.46016125329857,299.5454932890471,299.3697741128262,299.58857046466875,296.13598644311537,298.6258679416066,296.99588847231576,297.5727528507327,300.69688283393657,97602.0440355705,101150.34854239583,100965.74537307542,98878.94474794634,93945.20209855807,94783.14574311044,92807.41665456386,92920.84738181978,94498.7970095965,5.647085168078154e-05,0.0003032256456131,0.0002598162365916,0.0001463716500005,0.00038822881683,0.0001115751418554,0.0002321114846848,6.85053337772219e-05,1.0836941678525151e-05,299.80435132167685,299.80435132167685,299.5407968388682,299.5407968388682,299.5407968388682,299.5407968388682,299.5407968388682,299.5407968388682,299.80435132167685,0.2971320373797006,0.3677530256632736,0.3934254404599024,0.4342845655760644,0.3144753107023232,0.3116990096134556,0.2698943187524963,0.2348848786695424,0.3560418202308832,1.1315980209499956,1.176346593927312,1.1748912204250512,1.149761781574243,1.105107880807442,1.105654762235437,1.0884930261391046,1.0878102555538458,1.0947828050095143,355.21,1131.5002,2915.915,779.1,635.615,759.115,783.22,1139.15,1323.4000000000003,0.5840240432014713,0.570391552905161,0.5231395989637463,0.25263129652030547,0.6886527910935869,5800.424709674261,5069.340524996389,2350.6142647818547,5752.196387496848,0.04708657582752529,104,-1.0,-1.8369701987210297e-16,0.47,-0.78,96.22608,0.04,-0.8,-0.43
2018-10-01,2018,10,NE,5210.709967738912,0.5125006936739153,10167.2252,10800.472940857757,63856.42975806807,78051.04499998,176.0,4,5.883995440261059,9.201252854135598,8.8956005830586,7.595183652196982,5.223156350956339,5.624290527453423,5.321984765990675,4.908609219129871,5.079726104096426,300.6030935990522,300.0118471427714,300.14823122896297,300.6712988676087,297.90080146204093,300.02042276043125,298.3556884459031,298.75639401917937,301.64743255297003,97562.64692892936,101103.99953871527,100893.035714856,98799.00061970545,93810.62664628944,94477.911453211,92568.66891190736,92800.55257888284,94408.74541663517,0.0012986514373423,0.0002504041352441,0.0002093772208162,0.0001494071891343,0.0002696410994008,0.0006674859826316,0.0010893827772833,0.0011642273806247,0.0003998552584727,300.4678715327327,300.4678715327327,300.3780749596733,300.3780749596733,300.3780749596733,300.3780749596733,300.3780749596733,300.3780749596733,300.4678715327327,0.2779952535583361,0.328510761350496,0.3609161055447623,0.3939065374285767,0.2843620082151306,0.2632961908089526,0.2350934749034746,0.2185969425755713,0.2705865719580697,1.130597425039855,1.1739796043137016,1.1710017212223771,1.144694081136968,1.0969866667122452,1.0969655926647317,1.0807526231721545,1.0820944125142122,1.0902911838406943,355.21,1131.5002,2915.915,779.1,635.615,818.515,899.8199999999999,1139.15,1323.4000000000003,0.6311106190289966,0.5840240432014713,0.570391552905161,0.3315532635234108,0.6240527491904437,6305.568320830111,5648.088569889328,3105.203599997097,5253.291768814435,-0.1186099253550813,105,-0.8660254037844386,0.5000000000000001,0.9,0.99,96.53103,0.12,-0.51,-0.56
2018-11-01,2018,11,NE,5743.011352774125,0.5584780449007025,10283.3252,10786.544858133437,64104.75096960967,81175.45599999,116.09999999999854,4,6.253584757180351,9.266508095851938,9.31370919229919,8.11876587518043,6.034559266278014,6.343897358118239,5.801879949267096,5.060634886640918,5.508529422482045,301.3622829048172,300.3951241317988,300.64420971544075,301.2068389904329,297.85534902078564,299.8830984287746,297.86696386450683,297.1582071196241,301.7358193713907,97468.34886933085,100999.19285518573,100785.45201514252,98703.32437467913,93758.2977040445,94216.93778680942,92530.88997556455,92801.93102443432,94371.77181529546,0.0004965672591169,0.0007013896765982,0.0003420303149709,0.0002708234034091,0.00060266395052,0.0005210170718914,0.0012027155723186,0.0032319596771375,0.0006370245043497,300.948344438603,300.948344438603,300.80179360777,300.80179360777,300.80179360777,300.80179360777,300.80179360777,300.80179360777,300.948344438603,0.2989940354356974,0.3358209874379203,0.3747795582000779,0.4155654696303695,0.3115896869854302,0.2974148271936553,0.2579539610835027,0.2196145139240545,0.2801601406478133,1.1266712951216715,1.1712663984917608,1.1678238964967604,1.1415514073254485,1.0965420862113953,1.0944299296661035,1.0820806894393855,1.0879262617853591,1.089543910119978,355.21,1131.5002,2915.915,779.1,635.615,907.615,899.8199999999999,1139.15,1350.4,0.5125006936739153,0.6311106190289966,0.5840240432014713,0.43277456172253176,0.5044789233623816,5210.709967738912,5800.424709674261,4141.923126340618,4339.187276385722,0.045977351226787255,106,-0.5000000000000004,0.8660254037844384,0.9,-0.68,96.85747,0.09,-0.2,-0.97
2018-12-01,2018,12,NE,4043.952923383992,0.3834866346319462,10545.2252,10447.940553760956,65276.05903754839,84889.51199998,261.90000000000146,4,3.689748729142941,6.380149947713014,7.618257920643498,6.553362936692663,4.692490364024606,3.811299863960212,3.287164404239883,2.286836240311521,3.834804242642321,299.3585038430378,299.8963916281776,300.5729286674925,301.16309384206585,297.9241780404347,298.2567702577061,297.168593736651,296.72691354979713,298.4718059140119,97639.78014501985,101127.87470297866,100871.83225714527,98789.55746414133,93824.5625641603,94167.76418563636,92625.33872781502,92873.36742691915,94603.39860517863,0.003961569919853,0.0041543471653012,0.0014617919197861,0.0006834021278758,0.00097934917652,0.0029024633664769,0.0032140724505999,0.00542728819317,0.0040217987387299,301.1835589377323,301.1835589377323,301.1622995361176,301.1622995361176,301.1622995361176,301.1622995361176,301.1622995361176,301.1622995361176,301.1835589377323,0.1792824691569112,0.2324641246445155,0.3110442316883131,0.343743083986846,0.2532107113706895,0.192185135667498,0.1712966112828625,0.1411151528724726,0.2060400810375687,1.136182923419817,1.1747083005050272,1.169101576736244,1.1427155062106886,1.0970696286587946,1.099829379137638,1.0857363468947483,1.0903451134621838,1.104160754678036,355.21,1131.5002,2915.915,779.1,635.615,1103.515,899.8199999999999,1139.15,1416.4,0.5584780449007025,0.5125006936739153,0.6311106190289966,0.5231395989637463,0.4272005031184646,5743.011352774125,6305.568320830111,5069.340524996389,3803.2059645151207,-0.1749914102687563,107,-2.4492935982947064e-16,1.0,0.89,-1.83,97.19314,0.47,0.04,-0.98
2019-01-01,2019,1,NE,4804.219963706451,0.4300935193663257,11170.1752,10930.887412632042,71196.90252153647,90120.00399998,624.9500000000007,1,3.925702967832057,6.139751928152023,7.171038222036409,6.128500638952393,5.132144220590688,5.97297362318703,5.667349081154939,5.37206743822243,4.765747361344856,299.4771957519889,300.0459007269625,300.50139473794434,300.8060934825453,297.5123186525635,299.6462598590452,298.5085113810956,298.6474739699244,299.93586315223547,97685.31904542384,101177.59656826896,100935.91319832996,98838.47463820432,93888.47960439888,94124.3692639278,92680.20092004511,92949.7431455883,94741.29249381668,0.005323911050067,0.0048851772696814,0.0035868432044516,0.0028560345290098,0.0013814394252678,0.0002597214086841,0.0003147579264975,0.0002589769844554,0.0017590189891336,301.5747491873268,301.5747491873268,301.48454772920934,301.48454772920934,301.48454772920934,301.48454772920934,301.48454772920934,301.48454772920934,301.5747491873268,0.1894497107601672,0.2232773335065974,0.2850623133704332,0.3074358385895415,0.2605016153830409,0.2632826569077778,0.2447242134026662,0.2150520646336133,0.2272460247911036,1.1362619365869726,1.174700206753036,1.1701205569162154,1.1446376080839615,1.0993308437282203,1.094230190775686,1.0814979724183296,1.0842257180600956,1.1003681956823734,355.21,1131.5002,3167.9149999999995,779.1,635.615,1356.465,899.8199999999999,1139.15,1536.4000000000003,0.3834866346319462,0.5584780449007025,0.5125006936739153,0.570391552905161,0.3912641952119851,4043.952923383992,5210.709967738912,5648.088569889328,3592.284688937997,0.04660688473437952,108,0.49999999999999994,0.8660254037844387,0.65,-0.7,97.00215,0.9,0.12,-0.98
2019-02-01,2019,2,NE,2745.979508858601,0.24307210206663116,11296.9752,11239.434349700105,69802.74211458286,89039.49999998999,126.79999999999929,1,3.0233219973167027,4.839368519832149,5.199610529380487,4.460062915603529,3.9698852162734526,3.06556706746475,2.929477720353824,2.208298129565963,2.967046670474937,298.8459877999381,299.790279041704,300.3661682661412,300.2541520711831,298.52116543182353,300.18908151293374,299.05550511957864,299.35026658671023,299.4415661097503,97621.24470207766,101098.6998443692,100842.61351504669,98802.28230722932,93765.57931958616,93979.3010627536,92551.7683561018,92774.71800293804,94665.18729863636,0.0099443011681176,0.0139384746955426,0.0055423895079461,0.0047563360591172,0.0024248841820273,0.00425480808535,0.0032567369404396,0.0036722139064012,0.0076359005550839,301.88621380819967,301.88621380819967,301.9580636940945,301.9580636940945,301.9580636940945,301.9580636940945,301.9580636940945,301.9580636940945,301.88621380819967,0.1530695238671442,0.181472911645644,0.2150970263373589,0.2316285470765761,0.2129508660115571,0.1637008911128029,0.1528315614131516,0.1254359991714846,0.1595595189755982,1.1379073552796262,1.1747849574730538,1.1695638949700662,1.1463154329871978,1.0941822883317465,1.0905752073625925,1.07804020314883,1.0796390999604877,1.1012996612820491,355.21,1131.5002,3241.415,809.9,635.615,1378.965,899.8199999999999,1139.15,1536.4000000000003,0.4300935193663257,0.3834866346319462,0.5584780449007025,0.5840240432014713,0.2624578043152636,4804.219963706451,5743.011352774125,5800.424709674261,2428.030007437604,-0.18702141729969457,109,0.8660254037844386,0.5000000000000001,0.71,-0.03,96.32185,0.9,0.09,-0.78
2019-03-01,2019,3,NE,2734.7478699297044,0.23801164252553864,11489.9752,10848.002637403912,66700.17971670709,83044.41599996999,193.0,1,2.4215407371046,3.4812990671458084,3.887018295647045,3.4606519732146808,3.603248657130626,3.3340426744146727,3.303324786978977,3.200800634054214,2.917684213554025,298.44647520073954,299.53928750882284,299.9960220791318,299.65728676491324,298.30206731014243,299.22033444469025,298.3762515496806,298.6487834894756,298.90533010080065,97676.25232872806,101152.98965242533,100882.1351070036,98845.27783908504,93805.27168691935,93921.87638795465,92600.62755467762,92836.08427507624,94715.53072930226,0.0134344710216082,0.0165923136836662,0.0096409148215089,0.0056438425125523,0.0032144826948332,0.0025125718462174,0.00332302332927,0.004044500923263,0.003968622307895,301.9591165699076,301.9591165699076,302.2083746714759,302.2083746714759,302.2083746714759,302.2083746714759,302.2083746714759,302.2083746714759,301.9591165699076,0.134247299481853,0.1467991523506355,0.1880752856429247,0.2020793631130094,0.2106666768207577,0.1830006801036447,0.1713653111849439,0.1483237233529448,0.1720606413236106,1.1400688579816496,1.176400695804723,1.1714647744774564,1.14910001747725,1.0954513519451163,1.0934338321042782,1.0810583965838714,1.0828916561415416,1.1038622733346166,355.21,1131.5002,3304.415,809.9,635.615,1508.965,899.8199999999999,1139.15,1536.4000000000003,0.24307210206663116,0.4300935193663257,0.3834866346319462,0.6311106190289966,0.25263129652030547,2745.979508858601,4043.952923383992,6305.568320830111,2350.6142647818547,-0.005060459541092521,110,1.0,6.123233995736766e-17,0.81,-3.01,95.75498,0.89,0.47,-0.8
2019-04-01,2019,4,NE,3009.42422499693,0.25926604822700205,11607.4752,10927.682327775765,65499.93476805433,81662.46299997001,117.5,2,2.3666085022024106,3.899336661333165,5.35455180949192,4.682011902405275,3.8970088971919656,4.315938068031218,3.964817624692596,3.538372356836834,3.7226237734486776,298.5355706192755,299.8103305848872,300.2335110908957,299.5644798481342,297.86376062897943,298.7708432891451,297.7584829404846,297.7659351471608,298.9043510196669,97649.3068299386,101122.1347086414,100852.96894342016,98822.0526029448,93805.46792845316,93857.09290845104,92621.41247971816,92870.53776019951,94707.17455577974,0.0122002001313469,0.0193055092500363,0.0074168188036924,0.0041894542835518,0.0017354670963324,0.0015554789175668,0.001507616737248,0.0015219731969869,0.0030885262768089,302.1491134073112,302.1491134073112,302.34153286308845,302.34153286308845,302.34153286308845,302.34153286308845,302.34153286308845,302.34153286308845,302.1491134073112,0.131429988324872,0.157547535149544,0.2166219896804557,0.2232030569763738,0.1961487119109302,0.1882382657986206,0.1711314454317352,0.1409537072983929,0.1779879873710136,1.139411893891434,1.1749786589286195,1.1701988510819925,1.1491838771103973,1.0970643568160918,1.0943209538948913,1.083546212589129,1.086507503287187,1.1037656583178117,355.21,1131.5002,3304.415,809.9,635.615,1626.465,899.8199999999999,1139.15,1536.4000000000003,0.23801164252553864,0.24307210206663116,0.4300935193663257,0.5125006936739153,0.3315532635234108,2734.7478699297044,4804.219963706451,5210.709967738912,3105.203599997097,0.02125440570146342,111,0.8660254037844387,-0.4999999999999998,0.62,-3.54,95.84935,0.65,0.9,-0.51
2019-05-01,2019,5,NE,4441.011544112716,0.37729775042027824,11770.5752,10826.004604836358,62840.7300604842,77617.76699998,163.09999999999854,2,3.685584484254533,6.5793742299387015,6.948207862972129,6.05119656461718,4.471411085852442,5.5852718403423145,5.080116409239498,4.70248713253553,5.517741856044171,299.10003192932004,300.3204919930243,300.3151752009353,299.6559085452656,297.12389670539653,298.4443755019955,297.6382156670557,297.3573786103088,298.8640585444738,97638.5586844754,101112.56742816143,100885.28190176266,98854.2343788585,93862.07244017604,93859.38603448804,92831.68442507526,92943.31104249878,94733.43744304872,0.003332562032839,0.0057153153616713,0.0028461234122154,0.0011710854612484,0.0008863715455716,0.0004948028788466,0.0005959843708554,0.0004332423892212,0.0009280514293829,302.0269317991141,302.0269317991141,302.05343326280365,302.05343326280365,302.05343326280365,302.05343326280365,302.05343326280365,302.05343326280365,302.0269317991141,0.1695730644237457,0.2371524324887357,0.2734726104678857,0.2894314557096813,0.2185020460970153,0.2418417184651227,0.2155033892546105,0.1833599873135999,0.2389315913211427,1.1371279115820276,1.1728717437329197,1.1702554841345898,1.1492116559029848,1.100459888619838,1.0955448390190954,1.0864259971239063,1.0888546400959245,1.1042202269952393,355.21,1131.5002,3327.5149999999994,809.9,635.615,1716.465,949.82,1139.15,1536.4000000000003,0.25926604822700205,0.23801164252553864,0.24307210206663116,0.5584780449007025,0.43277456172253176,3009.42422499693,2745.979508858601,5743.011352774125,4141.923126340618,0.11803170219327619,112,0.49999999999999994,-0.8660254037844387,0.55,-2.08,97.16932,0.71,0.9,-0.2
2019-06-01,2019,6,NE,6276.95081944143,0.5332747731344031,11770.5752,9922.855797219056,60100.947654273004,73423.34300974,0.0,2,4.7247817571834645,8.149528639520893,8.21638711056778,7.288595258867721,5.70926163633953,7.035425092798755,6.612434763729596,5.90468929833483,8.175948263455426,299.1741079586737,300.3501996811859,299.473926419718,298.55977466233304,295.19864106506304,296.1099521277054,295.47818585381526,295.18277020215186,297.70265105390763,97823.11434081246,101321.6392048307,101122.93017525374,99083.22851200764,94117.97399885349,94153.5421737044,93124.1072940136,93276.3589665266,94985.35540264584,0.0008307345520259,0.0032762997164817,0.0057764782289592,0.0031051030565351,0.0015417896681321,0.0004275053509031,0.0004033884018515,0.0002615783466459,0.0002920366557847,301.52145964203794,301.52145964203794,301.14287945170685,301.14287945170685,301.14287945170685,301.14287945170685,301.14287945170685,301.14287945170685,301.52145964203794,0.2016290561401314,0.2891029007831843,0.3199977448407682,0.3384872759723533,0.2683391888941362,0.3104650366003952,0.2820811958179548,0.2306911218178385,0.3735891590939932,1.1389878303736565,1.175180738506994,1.1763072977200564,1.156107128085564,1.1106596608566124,1.107642836060392,1.0978134140038136,1.1008062135500964,1.1114780718207249,355.21,1131.5002,3327.5149999999994,809.9,635.615,1716.465,949.82,1139.15,1536.4000000000003,0.37729775042027824,0.25926604822700205,0.23801164252553864,0.3834866346319462,0.5231395989637463,4441.011544112716,2734.7478699297044,4043.952923383992,5069.340524996389,0.15597702271412484,113,1.2246467991473532e-16,-1.0,0.45,-1.35,96.54027,0.81,0.89,0.04
2019-07-01,2019,7,NE,5906.746674728038,0.5018231118159832,11770.5752,9820.8624139752,59464.62592741936,73514.92099998001,0.0,3,5.110821123303629,8.47767574531703,8.230810804754721,7.288566994057621,5.392872762754246,6.63601611982699,6.057315475922212,5.267032136531679,7.969552351746547,299.5252271320217,299.79869236667025,298.9993662297526,298.39999480082065,294.3078612565861,295.3807967598846,294.6905839320058,294.2954351792443,297.4415859390256,97819.6223967864,101333.33853894124,101144.61660407147,99099.42633735646,94120.68969300402,94152.8003996404,93112.29072844064,93253.12207237854,94987.91915354076,0.0005165535211491,0.0019192739150442,0.0012408330755899,0.0005178330441427,0.0016342831888873,0.0003239686269484,0.000340419914583,0.0003012402708879,0.0002354049387085,300.7549001594058,300.7549001594058,300.40744451153125,300.40744451153125,300.40744451153125,300.40744451153125,300.40744451153125,300.40744451153125,300.7549001594058,0.2368484782557112,0.3093135439524739,0.3260321142365742,0.3534929044144523,0.258000496187325,0.2930321356188059,0.2588181080099471,0.2200926066930942,0.3779438571231931,1.1376272273014767,1.1774788502438511,1.1784280758377466,1.1569169071538143,1.1140534968885476,1.110369458323316,1.100607510212931,1.1038518414678864,1.112484157529914,355.21,1131.5002,3327.5149999999994,809.9,635.615,1716.465,949.82,1139.15,1536.4000000000003,0.5332747731344031,0.37729775042027824,0.25926604822700205,0.4300935193663257,0.570391552905161,6276.95081944143,3009.42422499693,4804.219963706451,5648.088569889328,-0.03145166131841992,114,-0.4999999999999997,-0.8660254037844388,0.35,-0.14,96.31093,0.62,0.65,0.12
2019-08-01,2019,8,NE,7477.1858051041,0.6352438753463893,11770.5752,9774.326106178898,60303.51828629064,72252.92999999,0.0,3,5.917488820111755,9.980064297308234,9.929744553969895,8.755328200414136,6.324711480886867,7.313049834402693,7.0008890430486606,6.354305184212835,8.89858799605742,299.922130762237,299.64631103024584,298.93221681495896,298.573730186145,294.1680068994333,295.39056750817315,294.7798549789213,294.98929654891487,298.20370720563164,97897.72157843248,101437.88106523451,101269.78188222858,99220.41905443574,94263.40776551056,94275.18679752064,93234.22056152744,93369.99496348706,95084.23874601342,0.0001166107780096,0.0004230244041369,0.0004904067630271,0.0002379699202654,0.0010053725072175,0.0005127922134596,0.0005450127263793,0.0003591449272423,4.961585284842382e-05,300.0010007376176,300.0010007376176,299.70575057681486,299.70575057681486,299.70575057681486,299.70575057681486,299.70575057681486,299.70575057681486,300.0010007376176,0.2700339844442226,0.3612184708740001,0.385860488969584,0.4222721216825515,0.2989000451160338,0.320408490512723,0.3031151996105479,0.2630627460058634,0.4190771682510399,1.1370369475683175,1.1792934796493428,1.1801521553966647,1.157653247761558,1.1162722330758623,1.1117745329683186,1.1017159026329817,1.102637176344055,1.11076819169313,355.21,1131.5002,3327.5149999999994,809.9,635.615,1716.465,949.82,1139.15,1536.4000000000003,0.5018231118159832,0.5332747731344031,0.37729775042027824,0.24307210206663116,0.5840240432014713,5906.746674728038,4441.011544112716,2745.979508858601,5800.424709674261,0.1334207635304061,115,-0.8660254037844385,-0.5000000000000004,0.04,0.33,96.57537,0.55,0.71,0.09
2019-09-01,2019,9,NE,7129.675340274653,0.6042110444668267,11799.9752,10106.945804163306,63200.585638889,79292.61299998,29.39999999999964,3,6.20516683853944,10.331181902702967,9.95611582186196,8.668361721145537,5.929558633297525,6.806832788012774,6.511967499752648,5.987359478437387,7.636262212896563,300.5345713702754,299.61381172119684,299.31842562283776,299.3401092254228,295.9162395093164,297.3498704295438,296.7065239632986,297.3100472616729,300.50793098106084,97726.354466372,101277.7362520144,101103.4359930102,99046.88299288492,94063.6798558286,94053.48742412428,92990.61590386865,93089.15003909163,94852.170046456,9.25662314510378e-05,0.00036598220895,0.0003601509995393,0.0002104063683617,0.0005566607510445,0.0002287025057625,0.0003973980436249,0.0003361678197093,1.7324332212304025e-05,299.9275843350233,299.9275843350233,299.72214775420923,299.72214775420923,299.72214775420923,299.72214775420923,299.72214775420923,299.72214775420923,299.9275843350233,0.2918822573973135,0.3707604500016209,0.3876150825112415,0.4228849938466588,0.2961332403540617,0.2978713210368001,0.2838289778704631,0.2513409811410316,0.3723508102164173,1.132758150792393,1.1775594716063695,1.1766943487930726,1.1526706244244471,1.1073240759177168,1.1018536595491208,1.0917043127230557,1.090741580106902,1.0995618066618815,355.21,1131.5002,3327.5149999999994,809.9,635.615,1745.8650000000002,949.82,1139.15,1536.4000000000003,0.6352438753463893,0.5018231118159832,0.5332747731344031,0.23801164252553864,0.6311106190289966,7477.1858051041,6276.95081944143,2734.7478699297044,6305.568320830111,-0.031032830879562545,116,-1.0,-1.8369701987210297e-16,0.03,2.33,96.93026,0.45,0.81,0.47
2019-10-01,2019,10,NE,6865.025944889127,0.5805040031615427,11825.9752,10696.636771502526,65581.40424193516,82568.171,26.0,4,6.166108317781697,9.48443153418166,9.548365463329173,8.32676107163149,6.1460226232325885,6.283939491923341,5.993653320286182,5.711011325320013,6.420279423489084,300.7905619465477,299.7712639719706,299.84838059303024,300.21222029710816,297.2445246193532,298.8116752262087,298.36398006726046,299.1035786096249,301.7774192613414,97570.92452879986,101119.3230512879,100922.44775305295,98864.9897826892,93870.54620107102,93842.11219375853,92778.54169671625,92857.20317897644,94654.97463225722,9.169603233294838e-05,0.000274628448386,0.000230196564443,0.0001487211337056,0.0002689691990559,0.0007841646715865,0.0006503831104507,0.0008984182033858,0.0001687953977298,300.256849311096,300.256849311096,300.1605829549122,300.1605829549122,300.1605829549122,300.1605829549122,300.1605829549122,300.1605829549122,300.256849311096,0.2976746368957247,0.3422875241106111,0.3773618762480484,0.41171095817674,0.3132092112609564,0.2823850702144623,0.2706278989998344,0.2561575982599602,0.3311445279547834,1.1300061594022663,1.1750999724647808,1.1725136396730025,1.1472108688111249,1.1001111745688572,1.093997618970802,1.083164452155996,1.081498201414227,1.0926611642044208,355.21,1131.5002,3327.5149999999994,809.9,635.615,1745.8650000000002,949.82,1165.15,1536.4000000000003,0.6042110444668267,0.6352438753463893,0.5018231118159832,0.25926604822700205,0.5125006936739153,7129.675340274653,5906.746674728038,3009.42422499693,5210.709967738912,-0.023707041305284005,117,-0.8660254037844386,0.5000000000000001,0.48,2.25,98.06604,0.35,0.62,0.9
2019-11-01,2019,11,NE,5883.672343052431,0.4971007664034671,11835.9752,11085.555519441725,65431.478956945335,81810.27999999,10.0,4,5.60515219333381,8.743991169283586,8.944128414140842,7.606001137740781,5.532458254907925,5.532244633584235,5.192330172763806,4.6182200474809205,4.958196382561871,300.9267655207207,300.24621558939845,300.3889937731923,300.84717906570853,298.26598547198216,300.22092121993444,299.86329481458193,300.0470419646395,302.1623531620629,97449.07485184816,100974.58514907357,100766.69476039178,98713.13657936166,93700.67931919284,93662.21843989224,92604.3848018572,92676.58858084606,94503.26852748312,0.0002319413961659,0.0004283934724939,0.0001633685977138,8.24777448085931e-05,0.0001554808047435,0.0005408982966763,0.0006650739165046,0.0012108948162706,0.0005961863225512,300.8061686428903,300.8061686428903,300.66192202257673,300.66192202257673,300.66192202257673,300.66192202257673,300.66192202257673,300.66192202257673,300.8061686428903,0.2769592977272209,0.3136699353439403,0.3579663054643868,0.3896619634196144,0.2875059539322214,0.2465595383534281,0.2397838180556792,0.2153917279475973,0.266181499452617,1.1280801634320317,1.171561557086996,1.1685974727084425,1.1430318390627292,1.094359266827731,1.0867757653602037,1.0757261588239473,1.0759977300070636,1.0895187728223783,355.21,1131.5002,3327.5149999999994,809.9,635.615,1745.8650000000002,949.82,1175.15,1536.4000000000003,0.5805040031615427,0.6042110444668267,0.6352438753463893,0.37729775042027824,0.5584780449007025,6865.025944889127,7477.1858051041,4441.011544112716,5743.011352774125,-0.0834032367580756,118,-0.5000000000000004,0.8660254037844384,0.52,-0.02,97.86104,0.04,0.55,0.9
2019-12-01,2019,12,NE,5687.72323521211,0.47916892321831556,11869.9752,11129.115243277123,65223.55965456872,79518.057,34.00000000000182,4,5.377106655180509,8.079587487068856,8.360551997761608,7.124214034159108,5.366376276759391,5.42804480441914,5.053375133755988,4.552155073966703,4.931065431764971,300.787449741232,300.5403971330483,300.7329002649766,301.09857661931045,298.5875512231414,300.8109028667401,300.26291194611434,299.8705712905264,301.71283489327584,97484.95551751078,100999.74808032787,100787.2367086437,98735.02823265216,93725.4201924514,93689.35050202553,92636.83259163582,92737.26471514082,94545.62984086171,0.0009713371440688,0.0013680776998005,0.0005251643606615,0.0003543135806207,0.0004308107802942,0.0005983231400788,0.0012295178521555,0.0011443368305288,0.0006381667166849,301.419902801633,301.419902801633,301.2431365333745,301.2431365333745,301.2431365333745,301.2431365333745,301.2431365333745,301.2431365333745,301.419902801633,0.2674884462134399,0.2980408180034726,0.3400886194679377,0.3713117468605837,0.290054960628973,0.2570703754864832,0.2458469511152772,0.2205978842234733,0.2651010063074119,1.1290050372464155,1.1707063100848158,1.1674981345681816,1.142331547692065,1.093469471317046,1.0849601026524198,1.074669271815205,1.0773326661645437,1.0916305743585262,355.21,1131.5002,3327.5149999999994,809.9,635.615,1745.8650000000002,949.82,1209.15,1536.4000000000003,0.4971007664034671,0.5805040031615427,0.6042110444668267,0.5332747731344031,0.3834866346319462,5883.672343052431,7129.675340274653,6276.95081944143,4043.952923383992,-0.017931843185151564,119,-2.4492935982947064e-16,1.0,0.52,-1.19,97.51876,0.03,0.45,0.89
2020-01-01,2020,1,NE,2965.696474459341,0.24793610726985454,11961.5352,10952.558877685911,68541.25781787645,84879.01699999999,91.55999999999948,1,2.9583446961157094,5.038098425816366,6.230251418554269,5.187844040222004,3.967246492396435,2.513032158834352,2.311122942118236,1.963062180213777,1.7731714411848083,299.0929907402515,300.1693805222481,300.6446813112084,300.80457842575214,298.958450905178,298.7578928703934,297.6485114288667,297.8372331108255,298.693877865951,97628.27954062386,101100.70179586028,100851.09242775368,98804.7311898074,93762.66923889656,93772.68771416676,92731.3600027505,92792.2287623925,94676.92504189989,0.0098726184452587,0.0066952767909997,0.0033063908462264,0.002932958173647,0.0009329693135569,0.0042767714456318,0.0051864123583876,0.0083951682330498,0.0060018240959101,301.84643957908924,301.84643957908924,301.716431792676,301.716431792676,301.716431792676,301.716431792676,301.716431792676,301.716431792676,301.84643957908924,0.1487092839272412,0.1824766402009414,0.2501680385103874,0.2706676146353832,0.2296979918661129,0.1413538014414244,0.1351877488758325,0.1357145444727592,0.1385485046979382,1.1370458954416534,1.1733244870053778,1.1685797338380874,1.144250460996486,1.092548713792802,1.0933843208153486,1.0852313985798652,1.0853292749288928,1.1041947956046316,355.21,1131.5002,3419.075,809.9,635.615,1745.8650000000002,949.82,1209.15,1536.4000000000003,0.47916892321831556,0.4971007664034671,0.5805040031615427,0.5018231118159832,0.4300935193663257,5687.72323521211,6865.025944889127,5906.746674728038,4804.219963706451,-0.231232815948461,120,0.49999999999999994,0.8660254037844387,0.6,-1.87,97.57402,0.48,0.35,0.65
2020-02-01,2020,2,NE,3086.8702183875143,0.25763561737793955,11981.535199999998,10995.70531177931,68796.6736005769,86509.735,19.99999999999818,1,2.6502224354785344,4.486178646763342,5.90840495891937,4.989213636366074,3.947853669632551,3.567923745436919,3.3353415517691416,2.7567046623078246,2.78570367690066,298.68040075184257,300.0377187790209,300.6814311935429,300.6249045209394,298.60371317916395,299.2488258577846,298.3002373628965,298.22655083844427,298.3623307319211,97643.43377860983,101109.87961879614,100843.71809670288,98803.04389044948,93787.72618177866,93797.63294171156,92758.78474770222,92846.66428419792,94701.63280436413,0.0083106487117068,0.009912495011926,0.0057451444248169,0.0039986244287027,0.0026275401510309,0.0023633251785952,0.0023030265607715,0.002329896242977,0.0060993949358044,302.0955656002111,302.0955656002111,302.24665294085634,302.24665294085634,302.24665294085634,302.24665294085634,302.24665294085634,302.24665294085634,302.0955656002111,0.1366809608515397,0.1669674634453031,0.2335667109599791,0.2463584758570377,0.2051850313015884,0.1645092523495761,0.1510813591145954,0.1278840270819464,0.1520018718052394,1.138789861872394,1.173945900464913,1.1683506406068431,1.1449118377906518,1.0941431213181756,1.0918841920400195,1.0831790484767978,1.0845485054327568,1.1057074099995738,355.21,1131.5002,3419.075,809.9,635.615,1745.8650000000002,949.82,1229.15,1536.4000000000003,0.24793610726985454,0.47916892321831556,0.4971007664034671,0.6352438753463893,0.24307210206663116,2965.696474459341,5883.672343052431,7477.1858051041,2745.979508858601,0.009699510108085008,121,0.8660254037844386,0.5000000000000001,0.37,-1.51,97.74628,0.52,0.04,0.71
2020-03-01,2020,3,NE,2278.280606179879,0.18917701677219523,12043.1152,10597.09649462156,66209.7097768829,84341.71299999,61.58000000000175,1,1.566465874996829,2.7391109883185947,3.7007901620521686,3.0427499586430837,2.444415624001687,2.714070676806657,2.5523968942621016,2.7858876057289166,1.7283242558620295,298.7753490760404,300.18518920869707,300.4788874526982,299.79571331988313,298.03107666151016,298.364403637585,297.25457766949125,296.6246252209803,298.0490844734506,97628.42848508628,101087.89116616486,100824.31074122286,98793.04080171934,93758.54460960056,93785.33395372782,92748.98505276,92862.14223334368,94695.56117994986,0.0118437673095195,0.0084740683586554,0.0076154669726149,0.0068789241509586,0.0060277240823364,0.0040894095187955,0.0058430675862342,0.0069205962455201,0.0078008046957589,302.57316769465245,302.57316769465245,302.8748929196738,302.8748929196738,302.8748929196738,302.8748929196738,302.8748929196738,302.8748929196738,302.57316769465245,0.1172681073878538,0.1317457905595634,0.1649860515759409,0.1701899351993008,0.1614952225171533,0.1667785911641135,0.1535387327437055,0.1517153579478829,0.140883556037823,1.1382473187468776,1.1731140013355843,1.1689112962176391,1.14795773926816,1.095906532860943,1.094978149158747,1.0868847255690322,1.0905872915658816,1.1068003991662003,355.21,1131.5002,3481.445,809.9,635.615,1745.8650000000002,949.82,1249.15,1536.4000000000003,0.25763561737793955,0.24793610726985454,0.47916892321831556,0.6042110444668267,0.23801164252553864,3086.8702183875143,5687.72323521211,7129.675340274653,2734.7478699297044,-0.06845860060574432,122,1.0,6.123233995736766e-17,0.48,-0.49,91.16936,0.52,0.03,0.81
2020-04-01,2020,4,NE,3309.380043052361,0.2737489655605248,12089.1052,9592.03932916368,57175.42661944533,70875.25999999,45.98999999999978,2,2.3100602041443947,4.119446181587926,5.716200241158977,4.917270807798088,3.861705754799544,4.336678178463098,4.015395290017152,4.1385321518878015,3.726493067315365,298.84525622689534,300.19995964601287,300.5105608731949,299.8103727978209,297.23280454564366,297.8563442247322,296.7759349779864,296.2733853092368,297.99593319702933,97676.56686185638,101141.75256779394,100882.9781864035,98853.57149995369,93848.43861186606,93886.11756367904,92850.96082744624,92982.09713505184,94766.49547440442,0.0114939291051038,0.0187942954975498,0.0066108016433204,0.0046349148100313,0.0049053628259098,0.0030025748372833,0.0042803441182711,0.0028878739400726,0.0043414495097954,302.69186985309267,302.69186985309267,302.8537695648411,302.8537695648411,302.8537695648411,302.8537695648411,302.8537695648411,302.8537695648411,302.69186985309267,0.1333832303812728,0.1748795207261354,0.2243401328252254,0.2295509826211167,0.1883225289204552,0.2116133493448761,0.1883507635254494,0.1778134874693841,0.1989778096175882,1.138544868467823,1.1736813022497397,1.1694679997513946,1.148607437406202,1.0999005507256367,1.0980234142333087,1.0898206889361972,1.093292285079123,1.1078275843547656,355.21,1131.5002,3506.6449999999995,809.9,635.615,1745.8650000000002,949.82,1249.15,1536.4000000000003,0.18917701677219523,0.25763561737793955,0.24793610726985454,0.5805040031615427,0.25926604822700205,2278.280606179879,2965.696474459341,6865.025944889127,3009.42422499693,0.08457194878832958,123,0.8660254037844387,-0.4999999999999998,0.36,0.19,82.99561,0.6,0.48,0.62
2020-05-01,2020,5,NE,4216.419017469892,0.34670064380169835,12161.5552,9470.411504029124,55955.37720296935,70559.87999999,72.44999999999891,2,3.785646596600389,6.690265958172354,6.588944559515955,5.74815202106868,4.24394076649692,5.430199750765162,4.861963808143796,4.219409637090928,5.897573220645192,299.0677559687404,300.4454855228349,300.1406592447763,299.12662630543946,296.0404484697234,296.8174562423169,295.78854852900383,294.82464600342297,297.74817151161767,97756.2744336097,101234.4447918817,101003.08168478824,98976.41512648168,93990.04583503772,94031.68524717688,92991.87512666872,93137.16505817704,94884.13226739455,0.0029089152825673,0.0070740380536936,0.0048241632958027,0.0027465028745519,0.0021359293574389,0.001209184694482,0.0010274076779979,0.0007669494293404,0.0009682932250455,302.2397697594843,302.2397697594843,302.1283118838095,302.1283118838095,302.1283118838095,302.1283118838095,302.1283118838095,302.1283118838095,302.2397697594843,0.1626184219286545,0.2326570689295974,0.2569158442156785,0.2676706086678156,0.2076904022585698,0.2496260382209423,0.2135559509124867,0.1786432114602929,0.2692164963063272,1.1386176449294636,1.1737969205751193,1.1723027681682203,1.1526675007558111,1.1059987880588202,1.1035723490721387,1.095108160924276,1.100496947999395,1.1101250249025072,355.21,1131.5002,3579.095,809.9,635.615,1745.8650000000002,949.82,1249.15,1536.4000000000003,0.2737489655605248,0.18917701677219523,0.25763561737793955,0.4971007664034671,0.37729775042027824,3309.380043052361,3086.8702183875143,5883.672343052431,4441.011544112716,0.07295167824117355,124,0.49999999999999994,-0.8660254037844387,-0.27,-1.04,85.60886,0.37,0.52,0.55
2020-06-01,2020,6,NE,5874.320884718861,0.4739570460491376,12394.2052,9441.394874996611,57557.278909721,71742.53999998,232.65000000000143,2,4.867347142230116,7.865446237576648,7.53758073084261,6.858764004858109,5.280862780106378,6.7537083510777824,6.371285459210366,5.683858799757496,7.714692232000702,298.8979493252836,299.9666921744161,299.41350704493857,298.4628840308819,294.65975576209166,295.42702159846607,294.89844509871045,293.7946832412936,297.17247145339184,97782.35637105515,101281.38098164112,101060.06765599515,99033.58378927954,94065.94725334914,94110.30883127628,93070.97975701974,93245.573309538,94939.36410806108,0.0007482013952931,0.0044777169178329,0.0024527472194266,0.001084711966088,0.0017316680015991,0.0010906633872063,0.0006068816133297,0.0003870581137827,0.0002500433487205,301.74295928109115,301.74295928109115,301.20372067808654,301.20372067808654,301.20372067808654,301.20372067808654,301.20372067808654,301.20372067808654,301.74295928109115,0.2066202418317747,0.2761718900696086,0.290678464600686,0.3181317733649721,0.245594995607706,0.2962826521210556,0.2679559234652494,0.214671358386343,0.352837995610272,1.1395648152541822,1.1762157566335751,1.175813762617668,1.1558995627181858,1.112077789000305,1.1096957568931731,1.0993429457815322,1.1056413797143132,1.1129226255612408,355.21,1131.5002,3761.345,809.9,635.615,1796.265,949.82,1249.15,1536.4000000000003,0.34670064380169835,0.2737489655605248,0.18917701677219523,0.47916892321831556,0.5332747731344031,4216.419017469892,2278.280606179879,5687.72323521211,6276.95081944143,0.12725640224743923,125,1.2246467991473532e-16,-1.0,-0.34,0.52,89.39998,0.48,0.52,0.45
2020-07-01,2020,7,NE,6785.991885749664,0.5423411228521967,12512.4052,9612.534336018263,59067.13054166581,73965.02199996999,118.19999999999892,3,4.960166025491511,8.722696671287693,8.536972154449039,7.685722233470367,5.605842612458744,6.984259012379373,6.527031262110293,5.877693557303839,8.526780211828905,298.6943453210475,299.8600631058768,298.88601809441377,298.06985999278226,293.69289251844714,294.7485412070814,294.2859413384894,293.58468847805767,297.2349552789165,97762.12720028292,101271.15425874844,101081.84587067986,99048.91341909494,94087.62007833947,94125.10252257108,93080.66768144228,93246.56928111117,94938.66508558972,0.000855802805325,0.0011313575360141,0.0013668350868922,0.0004369224850485,0.0010335258611413,0.0007266668130243,0.0005952159269716,0.000283282064237,6.442096528416808e-05,300.6999121908125,300.6999121908125,300.1723042009424,300.1723042009424,300.1723042009424,300.1723042009424,300.1723042009424,300.1723042009424,300.6999121908125,0.2146011160296002,0.3046799352610677,0.3338605388311841,0.3656095772455438,0.2643333072549748,0.3077077910604284,0.2807143705363765,0.2257780887584062,0.3942771468489034,1.140097073960669,1.1765154516356544,1.1781443656852486,1.1576073104226077,1.1159950369527074,1.1124253721695665,1.1017456582704646,1.1064444307640284,1.1126808398496757,355.21,1131.5002,3829.145,809.9,635.615,1846.665,949.82,1249.15,1536.4000000000003,0.4739570460491376,0.34670064380169835,0.2737489655605248,0.24793610726985454,0.5018231118159832,5874.320884718861,3309.380043052361,2965.696474459341,5906.746674728038,0.06838407680305914,126,-0.4999999999999997,-0.8660254037844388,-0.3,-0.59,91.7615,0.36,0.6,0.35
2020-08-01,2020,8,NE,8178.452749996397,0.6468961595032958,12642.6052,9809.270948920926,60669.825969121615,76127.35499999,130.20000000000073,3,5.5325096763010455,10.020269378703157,9.780245152115976,8.61715007823044,6.048926902908686,7.154299347546205,6.765082971452383,6.39676630427588,8.800465879385062,299.3552471652855,299.586519604508,299.05743066274977,298.7638649696154,294.1415496504727,295.1126293772927,294.8598384474431,294.73869264156264,298.35138155761666,97742.77561600885,101271.43086956868,101097.72486635024,99058.64169766325,94112.28459592286,94124.5614984529,93073.85748122013,93229.56093412272,94925.3687943407,4.090438775940644e-05,0.0002627243696527,0.0002830506828196,0.0001035845730221,0.0006817283302379,0.0004346052559721,0.0004423717749671,0.0002061171211495,2.718485789617852e-05,299.93698864870566,299.93698864870566,299.5345713206193,299.5345713206193,299.5345713206193,299.5345713206193,299.5345713206193,299.5345713206193,299.93698864870566,0.2496801760630888,0.3516171640233227,0.3809899865635037,0.4156596594525641,0.2902798229002687,0.3178558913048769,0.3003224565487266,0.2673742531599229,0.4083361595605259,1.1373757990544409,1.1775931853618016,1.1776556997198926,1.1550322424667123,1.1145834524771656,1.1110505892778002,1.099524735254824,1.101914963662828,1.108363317680772,355.21,1131.5002,3908.945,809.9,635.615,1897.0650000000005,949.82,1249.15,1536.4000000000003,0.5423411228521967,0.4739570460491376,0.34670064380169835,0.25763561737793955,0.6352438753463893,6785.991885749664,4216.419017469892,3086.8702183875143,7477.1858051041,0.10455503665109911,127,-0.8660254037844385,-0.5000000000000004,-0.59,0.29,93.48555,-0.27,0.37,0.04
2020-09-01,2020,9,NE,7865.755479163041,0.6203078967195024,12680.4052,10132.21288471872,65323.91038749867,82430.98999997,37.80000000000109,3,6.122868410397398,10.459286540087204,9.644556633952558,8.409216395902597,5.842039730264689,7.016927082537686,6.774087316209128,6.458194520157547,8.002966947257216,300.0152364273181,299.5367811222375,299.2722795903269,299.16140522870296,295.08193401880624,296.6443524137089,296.2659136603936,296.74923670801223,299.8911750652429,97698.54666957576,101248.6538169,101074.78188312656,99028.15737668231,94059.47815919424,94040.0461532848,92990.98162480789,93113.42743415522,94845.1547204504,3.429648947133135e-05,0.0001881655177995,0.0002103470871327,0.000134350744158,0.000530558705261,0.0003596198393219,0.0003339144657851,6.912378620099672e-05,6.179684330662133e-06,299.87808662637394,299.87808662637394,299.67478869059806,299.67478869059806,299.67478869059806,299.67478869059806,299.67478869059806,299.67478869059806,299.87808662637394,0.278890537219234,0.368599865747493,0.3850490906262239,0.4175327453131674,0.2901725688743641,0.31259255859066,0.2991426917665773,0.2681131890188181,0.3756654560449563,1.1343824830587113,1.177523985946169,1.1765437332634276,1.153141585068582,1.1104047898091298,1.1043206645845556,1.0933356358475173,1.0930882040781675,1.101740884058075,355.21,1131.5002,3946.745,809.9,635.615,1897.0650000000005,949.82,1249.15,1536.4000000000003,0.6468961595032958,0.5423411228521967,0.4739570460491376,0.18917701677219523,0.6042110444668267,8178.452749996397,5874.320884718861,2278.280606179879,7129.675340274653,-0.026588262783793448,128,-1.0,-1.8369701987210297e-16,-0.83,1.9,95.39296,-0.34,0.48,0.03
2020-10-01,2020,10,NE,6363.982334894488,0.4970131282816693,12804.4552,11048.550873652905,67531.56323387161,84747.86299999,124.04999999999929,4,6.229981889483282,9.164727839483772,8.479984974788362,7.454646683974922,5.442055345223833,4.852169029287742,4.699050708773002,4.064503738964351,5.493718993072003,300.7060324872743,300.0635837841563,300.004835252896,300.1805957097568,297.4807274571913,299.2707448258069,298.83672862311874,298.7149928030162,301.9062512096593,97596.4886229273,101140.24404129856,100934.12790346262,98888.94696490312,93866.18765241143,93805.22881328136,92755.77061673532,92836.47017246728,94657.51143094248,0.0001011014196003,0.0003379849571276,0.0003731751101307,0.0002640810064668,0.0002231829925532,0.0007909436214364,0.0011949310787273,0.0028626103759936,0.0001032190092499,300.6435149324805,300.6435149324805,300.4683055401823,300.4683055401823,300.4683055401823,300.4683055401823,300.4683055401823,300.4683055401823,300.6435149324805,0.2914124104253833,0.3242185162052866,0.3441455476212169,0.3807516229684037,0.2956922221870958,0.2417090885429164,0.2320324526977555,0.2065600414432249,0.2897353338306068,1.130610661536026,1.174197956782746,1.1720381644786468,1.1476101395217215,1.0991863575540597,1.0918976402297875,1.0811842005577008,1.082661643868689,1.0922238062759713,355.21,1131.5002,3978.695,809.9,635.615,2010.465,949.82,1249.15,1536.4000000000003,0.6203078967195024,0.6468961595032958,0.5423411228521967,0.2737489655605248,0.5805040031615427,7865.755479163041,6785.991885749664,3309.380043052361,6865.025944889127,-0.12329476843783305,129,-0.8660254037844386,0.5000000000000001,-1.26,3.77,97.25691,-0.3,0.36,0.48
2020-11-01,2020,11,NE,6029.450682138889,0.46611348376715794,12935.5852,10790.926198607722,66105.05704247067,81681.65799999,131.1299999999992,4,5.173940297066105,9.101409072299242,8.664631279911326,7.433222173197457,4.875623215901971,4.491792003996641,4.048405774122776,3.838458537713332,4.678584962283184,300.3969329501497,300.5458270568137,300.55354793701486,300.6650770936046,297.37777880862063,297.3982647091148,296.55917391813483,295.5937538427009,299.5122050211101,97534.6434415557,101039.72510695863,100833.582170659,98802.04306473024,93797.67327878311,93783.36784865572,92744.2894449738,92861.90004565605,94637.78174018807,0.0019184132275648,0.0013249071938218,0.0004957300380724,0.0003545776049576,0.0013798605078691,0.0041330533794692,0.0075208300511302,0.0083731792214068,0.0019236928524824,301.28164682737474,301.28164682737474,301.04214331376863,301.04214331376863,301.04214331376863,301.04214331376863,301.04214331376863,301.04214331376863,301.28164682737474,0.2450242660586681,0.32409325131947,0.3534956908379915,0.3859260795969833,0.269443160524625,0.2192009142729225,0.1962024106188875,0.1794116879520626,0.2551339829233405,1.1310238628440028,1.1711486161249685,1.1687329205174648,1.1447508700207094,1.0987669937616422,1.0985147292591513,1.0893588973699913,1.0943898131204484,1.1007292025786706,355.21,1131.5002,4054.9250000000006,809.9,635.615,2044.0650000000005,949.82,1249.15,1536.4000000000003,0.4970131282816693,0.6203078967195024,0.6468961595032958,0.34670064380169835,0.4971007664034671,6363.982334894488,8178.452749996397,4216.419017469892,5883.672343052431,-0.030899644514511382,130,-0.5000000000000004,0.8660254037844384,-1.42,2.92,97.45552,-0.59,-0.27,0.52
2020-12-01,2020,12,NE,6279.672372308494,0.47778977801782513,13143.1702,11165.524768814344,68074.98530941129,83410.10199999,207.5850000000009,4,5.865939455138686,9.23376831120432,8.887114062102999,7.689660001979055,5.527156057669648,5.141529979623086,4.559478557503764,3.957184213385065,4.673453862796988,300.50545341156845,300.4988981876205,300.612594811214,300.6438784134772,297.5002158244281,298.4147516131148,297.7640675091727,297.43316555868336,300.0871399869358,97530.84762798763,101047.83867715512,100838.33430358797,98806.30776368998,93793.07316265543,93779.15807479092,92712.40628783609,92809.10946606191,94730.04222622412,0.0003568150647376,0.0006926474521459,0.0004483304138675,0.0003641722823596,0.0004757538385207,0.0002026010595827,0.0002652981495714,0.0008938942755865,0.0003370104058375,301.2285120263484,301.2285120263484,301.0500755749412,301.0500755749412,301.0500755749412,301.0500755749412,301.0500755749412,301.0500755749412,301.2285120263484,0.2743402678017236,0.3249558624703253,0.3583301919183834,0.3914092711893654,0.2938438838771288,0.2193092829809107,0.1898791569856289,0.1520871826914605,0.2290191489941403,1.130586802802176,1.1714254042448524,1.1685583712569576,1.1448787293075076,1.0982585526402635,1.0947225524210975,1.084573337049434,1.0870039052864902,1.099686712287356,355.21,1131.5002,4054.9250000000006,809.9,635.615,2146.6500000000005,949.82,1249.15,1662.4,0.46611348376715794,0.4970131282816693,0.6203078967195024,0.4739570460491376,0.47916892321831556,6029.450682138889,7865.755479163041,5874.320884718861,5687.72323521211,0.011676294250667185,131,-2.4492935982947064e-16,1.0,-1.15,3.6,97.61259,-0.83,-0.34,0.52
2021-01-01,2021,1,NE,6342.016575265726,0.4623822527033672,13715.960199999998,11104.463098115524,69898.2721484929,84137.32999193,572.7899999999972,1,4.780163274418732,8.100356764218986,7.924811346958616,6.77301233023356,4.875862751450541,5.4890173959438044,5.014825234688489,4.956087830664302,4.648744207953611,299.5644871452995,300.3254894446203,300.671121488775,300.75254397304553,297.54155335738744,298.8086132656725,298.24039053123226,298.11539533845905,299.6871336492707,97525.11637394078,101021.81245460948,100789.17279511114,98759.28624482962,93749.25474835394,93836.1905668766,92686.84917800214,92797.1652961514,94902.58516998492,0.0017135459438557,0.0016907653363272,0.000604584852453,0.0005476560168175,0.0007360710001123,0.0003680909914091,0.00072224622691,0.0009383663652413,0.0005473078097308,301.2907573585283,301.2907573585283,301.17648660155817,301.17648660155817,301.17648660155817,301.17648660155817,301.17648660155817,301.17648660155817,301.2907573585283,0.2254969564876538,0.2865075354070321,0.3233695383562561,0.3509026524578735,0.2652274978018039,0.2458681105748937,0.2186897249206339,0.2032351722128658,0.2269043117013446,1.1340573462801813,1.171799727910083,1.1677610918403798,1.143919623336996,1.0975938846194029,1.0939433342104672,1.0825417784535376,1.0843761638551166,1.1031550747773418,355.21,1131.5002,4183.895,809.9,635.615,2278.02,949.82,1249.15,1953.85,0.47778977801782513,0.46611348376715794,0.4970131282816693,0.5423411228521967,0.24793610726985454,6279.672372308494,6363.982334894488,6785.991885749664,2965.696474459341,-0.015407525314457937,132,0.49999999999999994,0.8660254037844387,-1.0,3.39,97.7242,-1.26,-0.3,0.6
2021-02-01,2021,2,NE,4426.863514877813,0.31842074058257364,13902.5602,11218.179636902632,70359.76954174608,86482.562,186.60000000000213,1,3.9721702085505655,6.596507732981296,7.0940752306964106,6.00004424733415,4.281894036558752,3.1654196166448694,2.816710462698151,2.431380468938145,2.5443042500270554,299.166524672568,300.20968265837007,300.8634619600997,300.9868430766312,298.4580744562572,298.6142498460338,297.26300480781885,296.94870857006987,298.4188026662977,97550.27793945832,101031.80589027204,100778.65438060148,98751.35151523334,93712.0296474674,93810.61539367118,92672.33304961731,92767.82316212523,94924.77103421515,0.0050303869648724,0.0031336759261921,0.0013130181378553,0.0014679167974912,0.0006489593305682,0.002173635556289,0.0035203931800049,0.0059890624793469,0.0039982223493458,301.5119983012526,301.5119983012526,301.59204911507004,301.59204911507004,301.59204911507004,301.59204911507004,301.59204911507004,301.59204911507004,301.5119983012526,0.1875358701460379,0.2322460468938291,0.2882036573413649,0.3116608731230624,0.2464923343256491,0.1770521924902258,0.1549858336841155,0.1349012781834767,0.1583076430738587,1.1358528521777558,1.172367614231136,1.16689308496312,1.142932802471827,1.093788533531946,1.094356681539146,1.085947809103762,1.088291057914779,1.108104288362838,355.21,1249.1002,4183.895,809.9,635.615,2320.02,949.82,1249.15,1980.85,0.4623822527033672,0.47778977801782513,0.46611348376715794,0.6468961595032958,0.25763561737793955,6342.016575265726,6029.450682138889,8178.452749996397,3086.8702183875143,-0.14396151212079356,133,0.8660254037844386,0.5000000000000001,-1.0,1.97,98.67493,-1.42,-0.59,0.37
2021-03-01,2021,3,NE,4856.226483867728,0.34536579365317316,14061.1102,11499.665245965834,72223.71587231194,84790.25199999,158.54999999999927,1,3.0286484011708503,5.388598769162585,6.234862821703447,5.458659870401914,4.490143082478966,4.928457281964251,4.250650176933474,3.926487400594308,3.508630865024489,298.2536816917955,299.57780660565305,300.25686990960526,300.2677190281135,297.62037744790143,299.0474974234953,297.9955237631733,297.55839560574043,298.37565519571586,97586.83725120351,101063.93156121035,100793.84128938898,98764.36013319544,93748.30119328327,93826.2460253192,92701.51501764804,92813.18589553396,94960.8012260052,0.0079979865835702,0.0077228607140485,0.0033602305532927,0.0019660033205697,0.0017898853788416,0.0002435889011505,0.000388833059472,0.00018267163148,0.0016808269306357,301.79872372942486,301.79872372942486,301.8164234347306,301.8164234347306,301.8164234347306,301.8164234347306,301.8164234347306,301.8164234347306,301.79872372942486,0.1544944840217743,0.1974582576692422,0.2583453897900427,0.2839383322127822,0.243913478479145,0.2196425712435895,0.1850864081669308,0.1590381278376351,0.1722980405286183,1.1397559155556525,1.1752138395324996,1.1694245331213309,1.1458260264515143,1.0972908502086989,1.0929529764030823,1.083612996441963,1.0865935634975386,1.1086786303249951,355.21,1278.5002,4215.844999999999,809.9,635.615,2387.2200000000003,949.82,1249.15,2010.8500000000008,0.31842074058257364,0.4623822527033672,0.47778977801782513,0.6203078967195024,0.18917701677219523,4426.863514877813,6279.672372308494,7865.755479163041,2278.280606179879,0.026945053070599523,134,1.0,6.123233995736766e-17,-0.8,0.16,95.19826,-1.15,-0.83,0.48
2021-04-01,2021,4,NE,5487.496192813,0.3815644687263008,14381.5702,11163.710490274862,67891.00505274467,79910.22999997,320.46000000000095,2,3.767246158760948,6.3924546434352605,6.632519953292764,5.8787138320267065,4.127563108703422,4.778673231948184,4.333576773605603,3.952875752353584,4.845595805983474,299.1872915051709,300.25904456303573,300.54674237346234,300.1280655112587,296.86500503164217,298.14221970374246,297.1729543600408,297.0277105313937,298.883705995724,97574.7749764224,101049.32722766712,100795.90001055086,98779.91548725154,93795.59841968998,93856.43340347824,92762.69925913594,92884.9121719019,95040.91306298957,0.0034877973933681,0.0045248353464064,0.0023451819160488,0.0012852326825496,0.0030488372908952,0.0019930499136593,0.0024765012137419,0.0016045812072059,0.0023588287433576,301.9099282731044,301.9099282731044,301.90221727661896,301.90221727661896,301.90221727661896,301.90221727661896,301.90221727661896,301.90221727661896,301.9099282731044,0.1707411788108028,0.2275849302536674,0.2710509543625371,0.2953547589395324,0.217939496044564,0.2355807768254881,0.202675964649015,0.1716427482229473,0.2260543834452796,1.1360639926576166,1.1723780468225478,1.1683194651207762,1.1465371036671388,1.1006406858306637,1.0966248560943486,1.087323796255267,1.0893754682211587,1.1077271844870813,355.21,1307.9002,4330.955,809.9,635.615,2441.82,949.82,1249.15,2144.8,0.34536579365317316,0.31842074058257364,0.4623822527033672,0.4970131282816693,0.2737489655605248,4856.226483867728,6342.016575265726,6363.982334894488,3309.380043052361,0.03619867507312763,135,0.8660254037844387,-0.4999999999999998,-0.72,-0.97,96.34817,-1.0,-1.26,0.36
2021-05-01,2021,5,NE,6375.017643813885,0.4348761941130986,14659.3852,10767.942676072473,66353.93095161322,81351.38999999,277.8149999999987,2,3.715578029218345,6.474308629556391,6.71337191597601,6.075341841322108,4.852410837501542,6.175366563212477,5.288132046476452,4.659509361711203,7.024362266836988,298.8166045219001,300.2413188849285,299.7934177086687,298.7886101736494,295.2619636057738,296.2640007597542,295.6761760982766,295.57674564123295,298.4125993771171,97713.12921493624,101196.58284581504,100946.00647908964,98935.38286362516,93965.66489738284,94037.99556045444,92951.70918305576,93085.022522536,95237.93228346294,0.0041036628771672,0.0051304612541051,0.0088519410401426,0.0067831790949797,0.0018946094327848,0.0002775790844566,0.0001618992639813,6.84687387755264e-05,0.0001733538932864,301.8419107628034,301.8419107628034,301.5219703389208,301.5219703389208,301.5219703389208,301.5219703389208,301.5219703389208,301.5219703389208,301.8419107628034,0.1612646559992236,0.2280984128514345,0.2699529393208051,0.2862860959376033,0.2401027008288016,0.2708526186423673,0.2189865395461578,0.1733057655276801,0.3144887194222859,1.1390742445945146,1.1741558057070929,1.1729976965468327,1.1534895637589848,1.1086255341300546,1.1057124321200826,1.095048638448904,1.0970834083027656,1.1117764352640092,355.21,1337.3002,4424.51,809.9,635.615,2471.2200000000003,949.82,1305.5500000000002,2222.05,0.3815644687263008,0.34536579365317316,0.31842074058257364,0.46611348376715794,0.34670064380169835,5487.496192813,4426.863514877813,6029.450682138889,4216.419017469892,0.05331172538679779,136,0.49999999999999994,-0.8660254037844387,-0.46,-2.29,97.12689,-1.0,-1.42,-0.27
2021-06-01,2021,6,NE,7369.84245416325,0.4968921565739206,14831.8752,10967.231370830432,65814.08445972399,80548.49199999,172.4900000000016,2,3.4087813826814606,7.156601314518547,7.319337968029991,6.462358542232432,4.754112171360202,6.302168700686448,5.5482662046970885,5.041734157424814,7.546968799808663,299.0510113608384,300.30106165106133,299.7934974051317,299.11382478995887,294.5009581059465,295.7913069888117,295.15931352686204,294.8486852663625,298.87315518799284,97770.4375642226,101262.11515667326,101021.66839912074,99006.7257030189,94048.3918874338,94079.29822383304,93031.45600353244,93171.27420579449,95308.94206883306,0.001272975537222,0.0017162150793041,0.0006120602305804,0.0004561703075111,0.0010310288183887,0.0003022563438221,0.0002618471296618,0.0001654599915587,4.742987869002753e-05,301.38331721020137,301.38331721020137,300.9601686641756,300.9601686641756,300.9601686641756,300.9601686641756,300.9601686641756,300.9601686641756,301.38331721020137,0.1634198893267997,0.2522382013750355,0.2980806344629412,0.3160411729416976,0.2348986888049416,0.2774405762776882,0.2329646464480434,0.1898402255801621,0.3458296447474581,1.1388540895425214,1.1746825035862865,1.1738788442432808,1.153073219605948,1.1124664212990585,1.107966887796412,1.0979100535990975,1.1008118725563625,1.1108916479098323,355.21,1337.3002,4424.51,809.9,635.615,2559.6200000000003,981.62,1305.5500000000002,2253.5500000000006,0.4348761941130986,0.3815644687263008,0.34536579365317316,0.47778977801782513,0.4739570460491376,6375.017643813885,4856.226483867728,6279.672372308494,5874.320884718861,0.06201596246082203,137,1.2246467991473532e-16,-1.0,-0.28,-4.13,96.65124,-0.8,-1.15,-0.34
2021-07-01,2021,7,NE,9076.05591397512,0.5982528957064638,15170.9352,11038.132947577407,65086.01020295645,80440.735,339.0599999999995,3,4.737702912662763,8.672357602016861,8.32159695651413,7.515942971806959,5.242541707870121,6.861915756459417,6.143389941662839,5.147715263217974,8.392243259181896,299.4055445302644,299.97669492889383,299.32770979035035,298.29656222716324,294.2032324170833,295.11259614764225,294.5055503232212,294.21026117899646,298.48106735861563,97862.43460910449,101374.29450577224,101151.15031240528,99176.8725190457,94183.29192224264,94191.36028861903,93186.63550966154,93330.4488879208,95443.3208295661,0.0004910247414432,0.0021186371705604,0.0009970075751121,0.0012074152814243,0.0012661203234822,0.0005809014319263,0.0003059801009158,8.947944243577298e-05,0.00010873487487,300.7821510365136,300.7821510365136,300.285277361222,300.285277361222,300.285277361222,300.285277361222,300.285277361222,300.285277361222,300.7821510365136,0.217033288545032,0.311318715248199,0.3296610116302699,0.3544582052798407,0.2504442182625718,0.3045431191441899,0.2630853654857912,0.2088231456717584,0.3923530719389266,1.138581589437762,1.1772558266771218,1.1772143302399023,1.1582164561800417,1.115191546885779,1.1118384158155648,1.1021852179906837,1.105085376395583,1.1139201592570365,355.21,1337.3002,4602.670000000001,872.9,635.615,2631.02,1008.12,1305.5500000000002,2253.5500000000006,0.4968921565739206,0.4348761941130986,0.3815644687263008,0.4623822527033672,0.5423411228521967,7369.84245416325,5487.496192813,6342.016575265726,6785.991885749664,0.10136073913254318,138,-0.4999999999999997,-0.8660254037844388,-0.39,-4.12,96.31689,-0.72,-1.0,-0.3
2021-08-01,2021,8,NE,10320.323827953764,0.6688507562853384,15429.9352,11276.101979835244,67318.42904032225,83273.89399998999,259.0,3,5.464566368349168,9.911107940738876,9.4936824087125,8.659649836247047,6.149820806452039,7.440941613546076,6.896384937406815,6.432320898311362,9.085145918189513,299.89073430776017,300.01869636029085,299.2654805293445,298.5491776063744,294.040023315302,295.2189186419169,294.64607521647054,294.3625246789043,298.8902596259581,97765.9821109344,101290.64527579988,101096.04661871008,99033.41259788262,94156.1099513365,94147.16330637688,93150.11493243746,93290.0545739822,95372.00341093772,9.52766301173014e-05,0.0004008714099112,0.0005231812695742,0.0003008605658942,0.0011205915257391,0.000278644383894,0.0002442513057475,0.000167569654039,1.1770240492274525e-05,300.3378043568278,300.3378043568278,299.85688918855004,299.85688918855004,299.85688918855004,299.85688918855004,299.85688918855004,299.85688918855004,300.3378043568278,0.2553831760835205,0.3529872787106625,0.3734498822600147,0.4151918741037976,0.2975797413181741,0.3392010997431769,0.3054919175810508,0.2668019415673811,0.4320246816284498,1.135623429541773,1.176119989571515,1.176819864696006,1.155560807943158,1.1154860057000984,1.110916604380799,1.1012362269547546,1.104038007195263,1.111566390906674,355.21,1337.3002,4718.320000000001,970.55,635.615,2631.02,1066.42,1305.5500000000002,2253.5500000000006,0.5982528957064638,0.4968921565739206,0.4348761941130986,0.31842074058257364,0.6468961595032958,9076.05591397512,6375.017643813885,4426.863514877813,8178.452749996397,0.07059786057887463,139,-0.8660254037844385,-0.5000000000000004,-0.53,-2.29,96.93795,-0.46,-1.0,-0.59
2021-09-01,2021,9,NE,10060.349245829517,0.6383907728544445,15758.9202,11972.59602638511,70113.685711111,83645.29799999,328.9849999999988,3,6.009263581333665,9.944322476618623,9.18528223172834,8.118736005088126,5.780139500082699,6.548758792813885,6.202937765388562,5.930501262692518,7.651805778173093,300.62675585228186,299.9764253297574,299.84880598779057,299.63471347892863,296.3494133488396,298.2031069026519,297.5366785631628,297.864247425467,301.2639875085921,97705.88922046112,101244.98788117796,101022.5230468606,98861.28147541758,94036.1795124112,93940.20028877175,92971.93671273056,93041.76983664693,95220.39956055448,0.0001312273540221,0.0003595479044808,0.0003211333689404,0.0002856103934938,0.0007194301069004,0.0001174533674177,0.0002287690006854,0.0001500725743147,8.627254585290978e-06,300.3864698884116,300.3864698884116,300.1385209046827,300.1385209046827,300.1385209046827,300.1385209046827,300.1385209046827,300.1385209046827,300.3864698884116,0.2805777656522232,0.3499430889017909,0.3660089590960695,0.3974678091159073,0.2899614094962986,0.2942328397991778,0.2705081236035613,0.2401327012878271,0.3630020467254967,1.1321730552894465,1.1757555958505737,1.1736760021705743,1.1493785796766571,1.1053829722849513,1.097384394842644,1.0884561028156634,1.0881567213072263,1.1010522265649594,355.21,1337.3002,4880.42,1166.585,635.615,2685.6200000000003,1087.62,1305.5500000000002,2253.5500000000006,0.6688507562853384,0.5982528957064638,0.4968921565739206,0.34536579365317316,0.6203078967195024,10320.323827953764,7369.84245416325,4856.226483867728,7865.755479163041,-0.030459983430893955,140,-1.0,-1.8369701987210297e-16,-0.55,1.31,96.90966,-0.28,-0.8,-0.83
2021-10-01,2021,10,NE,8969.401005566613,0.5577154953614504,16082.3952,12179.026026504622,67063.81778910031,81021.9309453,323.4750000000004,4,5.7089012857219785,9.137702580020356,8.703018878947645,7.461308154159629,5.662536872456792,5.773984343486144,5.644672979214333,5.355717359032259,5.715582218697726,300.78459598640814,300.3786788036766,300.50537581117817,300.6184834256648,297.7811134437826,299.40363717492505,299.03815954591414,299.0099048520562,302.0929461907854,97582.74633843362,101109.44557046026,100875.49122174442,98585.0621591531,93851.81983492368,93710.11456120508,92776.14452140912,92848.3726475432,95043.23961464966,0.0003228091961403,0.0006045262099223,0.0004562142206296,0.0002425721855575,0.0004257457824802,0.001398459295947,0.001624514263565,0.0014960234074547,0.0006358829379443,301.0441792811983,301.0441792811983,300.88597409190004,300.88597409190004,300.88597409190004,300.88597409190004,300.88597409190004,300.88597409190004,301.0441792811983,0.2784830133931257,0.3254390974737784,0.3531775207683195,0.3754778972610045,0.291307153436906,0.2619134893937889,0.2545010691319889,0.2300608779647103,0.2886335812468558,1.130150718782767,1.17260891741008,1.1694075169678309,1.1424230875579775,1.097909868948178,1.090305110411875,1.0807070881641678,1.0817326906252909,1.0959917700235362,355.21,1337.3002,4932.990000000001,1333.535,635.615,2744.4200000000005,1087.62,1305.5500000000002,2253.5500000000006,0.6383907728544445,0.6688507562853384,0.5982528957064638,0.3815644687263008,0.4970131282816693,10060.349245829517,9076.05591397512,5487.496192813,6363.982334894488,-0.08067527749299408,141,-0.8660254037844386,0.5000000000000001,-0.94,1.83,97.38324,-0.39,-0.72,-1.26
2021-11-01,2021,11,NE,7240.084129162972,0.44277201668133803,16351.7202,11923.984643052652,70279.06433610967,86799.19299998,269.3250000000007,4,5.209632815664357,8.362859809228153,8.130033135659279,6.924496236919966,5.316222937322566,3.823212148959061,3.31787126523961,2.698792646843576,3.607371437799935,300.8772404856155,300.8014686846403,300.9945808644245,301.3124279578661,299.06907177102727,297.6773520817364,297.0554356860075,296.64575443861713,300.60525060731004,97489.78464587848,100993.72872919984,100751.35869151309,98442.90331340372,93694.4604956912,93601.43390076504,92672.34406203456,92741.2419216279,94955.32039275533,0.0006881609502504,0.0007323743198409,0.0005296733623293,0.0003366607781432,0.0002845830524775,0.003260376358449,0.0049388338008148,0.0087090995445642,0.0012685326637408,301.6128601233488,301.6128601233488,301.4683129627485,301.4683129627485,301.4683129627485,301.4683129627485,301.4683129627485,301.4683129627485,301.6128601233488,0.2523818737479709,0.2934201967859733,0.3277915473490687,0.35302851633229,0.2856181437097496,0.1958265598720591,0.1804066213025492,0.1634298002462842,0.2093826719664058,1.1287160550684696,1.169620546317729,1.166069765963134,1.1381481617571048,1.0913492070047228,1.0953528124774088,1.0867038388488814,1.0890917052713194,1.1004047861494408,355.21,1337.3002,5054.789999999999,1431.1850000000002,635.615,2744.4200000000005,1087.62,1305.5500000000002,2253.5500000000006,0.5577154953614504,0.6383907728544445,0.6688507562853384,0.4348761941130986,0.46611348376715794,8969.401005566613,10320.323827953764,6375.017643813885,6029.450682138889,-0.11494347868011234,142,-0.5000000000000004,0.8660254037844384,-0.94,3.18,99.04641,-0.53,-0.46,-1.42
2021-12-01,2021,12,NE,7174.199244302434,0.4265461517373635,16819.2802,11664.32136088394,70080.84916196225,84167.71799997,467.5600000000013,4,5.631313464564244,8.488215404821789,7.953359851536268,6.594407851292235,5.202102357466044,3.4929047501985675,3.2216518263572027,2.35399870894294,3.5587323846520458,301.0565459750592,300.8653311287751,301.0469838082196,301.17037393929166,298.6948046502229,297.179642719083,296.2716939653973,296.00310794423746,299.5282450027196,97434.36680238452,100936.1740572162,100694.74044492951,98351.98658697966,93656.03555611496,93557.54673425989,92552.63328622896,92685.9385473316,94924.03496843867,0.0015402354490777,0.0015084973875438,0.0011323188784267,0.0009774759244599,0.000865839772223,0.0058484064945428,0.0079082558178315,0.014560257885717,0.0025557209828104,301.77149660173814,301.77149660173814,301.694157741997,301.694157741997,301.694157741997,301.694157741997,301.694157741997,301.694157741997,301.77149660173814,0.2665477421503138,0.2938116846187277,0.3191455787247881,0.3379247855469171,0.2803826818347242,0.1815635947963063,0.1699423450032255,0.1346065902772965,0.1963814483240422,1.1274001454467208,1.1687058741692695,1.1652112319917216,1.1376282845882095,1.0922697283360483,1.0966715209843263,1.0881842537791888,1.0908046373818971,1.103997774360281,355.21,1337.3002,5116.79,1596.35,635.615,2744.4200000000005,1222.02,1305.5500000000002,2253.5500000000006,0.44277201668133803,0.5577154953614504,0.6383907728544445,0.4968921565739206,0.47778977801782513,7240.084129162972,10060.349245829517,7369.84245416325,6279.672372308494,-0.016225864943974544,143,-2.4492935982947064e-16,1.0,-1.06,2.69,99.24826,-0.55,-0.28,-1.15
2022-01-01,2022,1,NE,5499.501544351398,0.3145502085623384,17483.7002,11272.549063169396,71861.25222984,88576.12999999,664.4199999999983,1,3.468405995351498,6.176397520698253,6.129989411769699,5.159423231501036,4.342441298899935,3.9236655137947607,3.706698213170192,2.8742797639789126,2.971858689281609,298.83686520138394,299.999738335606,300.3000563165384,299.99685757737814,298.2539950613596,297.06522020893783,296.36811304727286,296.5371562171461,298.12657386505003,97602.47144998734,101082.11497944704,100812.22630060506,98282.38121197384,94069.31902722851,93691.17715309613,92613.55952131117,92837.53486736296,95105.68180602224,0.0057782898106556,0.0044478841016288,0.003925041806478,0.0026492186998359,0.0021593307710928,0.0027508933188404,0.0027009007776512,0.0052175346410448,0.003554112411623,301.77488791606737,301.77488791606737,301.93809448582016,301.93809448582016,301.93809448582016,301.93809448582016,301.93809448582016,301.93809448582016,301.77488791606737,0.1630328730894387,0.2174501930081329,0.2530768700387548,0.263879616102436,0.228765365202731,0.174318262838841,0.160123752060238,0.1228346575450548,0.1572956434146157,1.137709926254802,1.173772201213849,1.1694696454677396,1.1412595895311162,1.0987002745536778,1.098662542796783,1.0885542996976705,1.0906211993059487,1.111301105996633,355.21,1337.3002,5154.59,1814.54,734.615,2744.4200000000005,1375.9200000000003,1329.0500000000002,2336.350000000001,0.4265461517373635,0.44277201668133803,0.5577154953614504,0.5982528957064638,0.4623822527033672,7174.199244302434,8969.401005566613,9076.05591397512,6342.016575265726,-0.11199594317502509,144,0.49999999999999994,0.8660254037844387,-0.94,2.97,97.47187,-0.94,-0.39,-1.0
2022-02-01,2022,2,NE,5995.100107773378,0.337488873623678,17763.845199999996,11754.36664285457,73762.98596577429,87190.99899998,280.1449999999968,1,4.115026669009376,6.7028973599917645,6.694272788402017,5.456421771608845,4.186603837328655,4.098264309699911,4.003996988801855,3.2308399064324185,3.3017062450598598,299.4145247475332,300.3421465822446,300.78609755579066,300.6321414517068,299.00364508181974,298.2857298161616,297.3104872555699,297.2053730677888,298.74959618204343,97548.09045353452,101030.130579927,100762.29772454347,98247.73022572696,94015.884839763,93624.70596656125,92506.25991068926,92788.0221846667,95046.08762867296,0.0029893791237844,0.0032001233612218,0.0016643013915218,0.0009605024744524,0.000637991476488,0.0013097966109847,0.0017755471307657,0.0045286366691045,0.0026027859959711,301.87707877862334,301.87707877862334,301.8986595601143,301.8986595601143,301.8986595601143,301.8986595601143,301.8986595601143,301.8986595601143,301.87707877862334,0.1827771609919063,0.2326480062949431,0.2672606584143785,0.2759506728778736,0.2250829279456431,0.1734640169543816,0.1643497645663924,0.1274916448656285,0.1607565419498448,1.1348924321600025,1.171831089809162,1.167001924421754,1.138457500918806,1.0953229748742783,1.0933886045958603,1.0838479613215553,1.0875872646985,1.108291625031965,355.21,1337.3002,5231.4400000000005,1848.14,734.615,2744.4200000000005,1497.72,1329.0500000000002,2336.350000000001,0.3145502085623384,0.4265461517373635,0.44277201668133803,0.6688507562853384,0.31842074058257364,5499.501544351398,7240.084129162972,10320.323827953764,4426.863514877813,0.022938665061339625,145,0.8660254037844386,0.5000000000000001,-0.89,2.1,98.50873,-0.94,-0.53,-1.0
2022-03-01,2022,3,NE,6599.626526878387,0.3646535887092256,18098.3452,11567.363716395212,74277.22348387065,88561.65999997,334.50000000000364,1,2.9056259643117186,5.201477259250586,5.626814027490177,5.102211730658484,4.572622660529307,5.512465803935129,5.32443862567836,5.21917489873332,4.806363690071203,298.5158340472574,299.6487204336937,300.0963631348991,299.7944311572771,297.6660461853666,298.07350254277753,296.90189550068067,297.1927262045039,298.47213051782256,97524.56563195011,100997.09222452446,100700.64481796278,98187.62042984484,94008.11638579392,93633.08248919628,92467.25041058593,92829.00432318934,95031.35878212808,0.0120195764372341,0.0144691034115133,0.007122959594672,0.0040844674374899,0.0031106663228776,0.0014969471069292,0.0014975128617109,0.0009379740252704,0.0037826455048465,302.0769605158058,302.0769605158058,302.13773846110945,302.13773846110945,302.13773846110945,302.13773846110945,302.13773846110945,302.13773846110945,302.0769605158058,0.1521278437735552,0.1945645882790947,0.2334925782762533,0.2593082664584634,0.226504233313432,0.2443078459297364,0.2304274587559138,0.2025686540443441,0.2147170103351178,1.138032103363204,1.1741586760454208,1.1689669046781908,1.1409410029458662,1.1001573901944532,1.0942667155611672,1.0848815766031497,1.0881156784323482,1.109143579181904,355.21,1337.3002,5328.040000000001,1881.74,734.615,2744.4200000000005,1621.92,1442.15,2336.350000000001,0.337488873623678,0.3145502085623384,0.4265461517373635,0.6383907728544445,0.34536579365317316,5995.100107773378,7174.199244302434,10060.349245829517,4856.226483867728,0.027164715085547575,146,1.0,6.123233995736766e-17,-0.97,-1.27,99.47057,-1.06,-0.55,-0.8
2022-04-01,2022,4,NE,6394.624597219083,0.3523161547822551,18150.2452,11332.976533330597,69233.18199166567,84535.761,51.900000000001455,2,2.8140095953781827,5.137276616318218,5.596480445929233,4.975385642124787,4.086985153173343,5.149104969540601,5.056731082897029,4.855572609510138,4.67562784417316,298.47334205140095,299.7403092796758,300.0543865394849,299.5682574772909,297.4810301338138,297.9728260812419,296.7206387485498,297.0305786830452,298.80911479223937,97573.58340224795,101046.01064242396,100753.45802095054,98244.05806344793,94059.13535533915,93686.51152207251,92519.19963530876,92884.33635292256,95083.45341558415,0.0093107979628994,0.0128094560185348,0.0056612708711534,0.0025501984987761,0.0011876528274369,0.0011465211970497,0.0015739210694771,0.0012428798897198,0.0027981819625226,301.9848060863485,301.9848060863485,302.2468865687193,302.2468865687193,302.2468865687193,302.2468865687193,302.2468865687193,302.2468865687193,301.9848060863485,0.1434615889797976,0.1917904922035157,0.2327116977140762,0.2576332437724692,0.2205893220731944,0.2419141488676476,0.2244898089645669,0.1973549391927098,0.2323060812235699,1.1387640771775478,1.1743684217963963,1.169742627517425,1.1424650109267631,1.1014392102923205,1.095261735475859,1.0861531458826477,1.0893594907542008,1.1084969723932443,355.21,1337.3002,5328.040000000001,1881.74,734.615,2744.4200000000005,1621.92,1461.0500000000002,2336.350000000001,0.3646535887092256,0.337488873623678,0.3145502085623384,0.5577154953614504,0.3815644687263008,6599.626526878387,5499.501544351398,8969.401005566613,5487.496192813,-0.012337433926970509,147,0.8660254037844387,-0.4999999999999998,-1.11,-2.44,99.68327,-0.94,-0.94,-0.72
2022-05-01,2022,5,NE,7384.606624124772,0.4055460647725105,18209.0452,11080.756221099287,66458.14123232,82197.17499999,58.79999999999927,2,3.811896877481536,6.181539821234202,6.275163109327919,5.850216264428486,4.686742128122193,5.619755330756162,5.060151865344793,4.206312621577708,6.466517298934541,298.6729427028462,299.8376284795862,299.6710153179139,298.6875601929688,296.1700006998045,296.9034024170192,295.72223528571953,295.1161452030899,298.4472779386178,97725.50391053884,101208.38897174135,100932.18507492766,98424.37060538052,94257.84871114462,93894.6218810008,92718.69800837895,93089.85681193531,95279.17812540127,0.0027664866944956,0.0109289843233353,0.0073020419526322,0.0039047432151322,0.0032689369988644,0.0008309099303252,0.0004973758128471,0.0001106223099331,0.0009262472937231,301.78175461953373,301.78175461953373,301.7592437720222,301.7592437720222,301.7592437720222,301.7592437720222,301.7592437720222,301.7592437720222,301.78175461953373,0.1684008698008228,0.218221168454832,0.2525640788021173,0.28723485216343,0.2515280860980153,0.2665601190826498,0.2304634928998773,0.1844379005488916,0.3121374912779546,1.1397751232817908,1.175873807147907,1.1733165863994175,1.1479289693404564,1.10865256215326,1.101651210191769,1.092167313793197,1.0988533853234108,1.1121252596117477,355.21,1337.3002,5386.84,1881.74,734.615,2744.4200000000005,1621.92,1461.0500000000002,2336.350000000001,0.3523161547822551,0.3646535887092256,0.337488873623678,0.44277201668133803,0.4348761941130986,6394.624597219083,5995.100107773378,7240.084129162972,6375.017643813885,0.0532299099902554,148,0.49999999999999994,-0.8660254037844387,-1.11,-0.24,99.68411,-0.89,-0.94,-0.46
2022-06-01,2022,6,NE,7507.952269486292,0.4090848242168712,18353.0452,10408.504999994944,65144.22442629333,81871.96099999,144.0,2,4.389862154146405,6.768147645217217,6.436379862355505,5.958497014069343,4.772145920874503,6.302836971509954,5.637352874156766,4.979538206740601,7.584757930712016,298.407172323156,299.7122347947314,299.0990576801187,297.6916675005885,294.46236365127527,295.58686642511213,294.38369684368945,293.6855269566632,297.5592790190918,97719.19117212358,101215.52321833292,100956.58864301896,98451.70249866812,94287.6234866648,93925.18867391604,92742.84319240467,93101.66265108234,95303.86474060768,0.0024896710622609,0.0040346315514408,0.0030078457077556,0.0021488424141772,0.0042112693197261,0.0002898361299632,0.0002365920069408,5.446898430939578e-05,0.0003400719688348,301.4522160753696,301.4522160753696,301.03422217598,301.03422217598,301.03422217598,301.03422217598,301.03422217598,301.03422217598,301.4522160753696,0.1832798805857278,0.239102761274395,0.2511677161317902,0.2677675760471635,0.2246451906721282,0.2752103745525129,0.2326923327389477,0.1825640013591581,0.3425484400074428,1.1407064270439626,1.1764487453313386,1.1758449285022374,1.152071028726658,1.1154372062880058,1.1069207362116331,1.097419518321063,1.1043474844008507,1.1157338800577996,355.21,1337.3002,5487.64,1881.74,734.615,2744.4200000000005,1621.92,1504.25,2336.350000000001,0.4055460647725105,0.3523161547822551,0.3646535887092256,0.4265461517373635,0.4968921565739206,7384.606624124772,6599.626526878387,7174.199244302434,7369.84245416325,0.0035387594443607173,149,1.2246467991473532e-16,-1.0,-0.75,-0.6,99.483,-0.97,-1.06,-0.28
2022-07-01,2022,7,NE,10353.642334636936,0.5610013750501086,18455.6452,10488.68696236082,65929.05723760968,82077.48800633001,102.59999999999854,3,5.433123014471687,8.559363668291496,8.287488523457018,7.80910386633161,6.007496519440317,7.181913115802268,6.738028339141983,6.0781144961625815,8.602938146346508,298.7206177976076,299.6065337842625,298.7186659837056,297.44173350405066,293.83081129879014,294.9227931645308,293.804163625822,293.7867404740115,297.2712205453706,97771.04067840148,101282.9505439649,101051.88149018893,98549.18049650856,94410.79481918248,94060.69281037751,92884.59964964364,93260.4662945551,95409.0146047066,0.0005935928523292,0.0034893110518919,0.0044965538790368,0.0024669365091276,0.0017018548592778,0.0004765767230783,0.0005988043196885,0.0002388133494251,0.0001387219442597,300.6559104165456,300.6559104165456,299.99648317245544,299.99648317245544,299.99648317245544,299.99648317245544,299.99648317245544,299.99648317245544,300.6559104165456,0.2324395032486249,0.3035451427270038,0.3179228889810505,0.3605042007764958,0.2800158186657226,0.3201899660275982,0.2901750719521104,0.2473588711789555,0.3961088407726834,1.1401214397748125,1.1776479398977695,1.178455769376074,1.1541861770263158,1.119294265738828,1.1110124330242224,1.101264897214777,1.1058486867133586,1.118048330426974,355.21,1337.3002,5487.64,1881.74,734.615,2744.4200000000005,1621.92,1525.85,2417.35,0.4090848242168712,0.4055460647725105,0.3523161547822551,0.3145502085623384,0.5982528957064638,7507.952269486292,6394.624597219083,5499.501544351398,9076.05591397512,0.1519165508332374,150,-0.4999999999999997,-0.8660254037844388,-0.69,-1.57,101.40967,-1.11,-0.94,-0.39
2022-08-01,2022,8,NE,11602.524296582378,0.6207403164142237,18691.430200000003,10808.890258059271,66493.34735522774,82131.47098987999,235.7850000000035,3,5.733165734121097,9.669226460617818,8.939086398677869,8.11815783917937,5.78738527520585,7.110693239878901,6.650665888450752,6.065226231874851,8.565764550913176,299.12508107721754,299.6164758614528,298.87589266435214,297.695684308573,293.6176457268682,295.28948332010793,294.26778671973625,295.1124081370598,297.9024961341592,97748.94901167616,101282.2485571618,101074.80484343992,98573.75752960025,94429.5597891838,94071.6481979267,92859.52547578642,93194.9998418914,95421.91860680212,4.654119097423611e-05,0.0005604293843384,0.0005077003338206,0.0003617821460842,0.0017100550484334,0.0004383163849226,0.0004267291199467,9.412433837574772e-05,0.0001071771322477,300.2430536949431,300.2430536949431,299.7554653005131,299.7554653005131,299.7554653005131,299.7554653005131,299.7554653005131,299.7554653005131,300.2430536949431,0.2482552484820169,0.3418062850346012,0.3470237944388237,0.3769812684242123,0.2709949392045864,0.3220835334242737,0.2928915067292993,0.2609121159019361,0.4018281410083894,1.1383249334855396,1.1776009557170464,1.1781050591893636,1.1534908560502564,1.1203236083701982,1.10976373739432,1.0992375155708214,1.1001107828722718,1.1158317310847168,355.21,1337.3002,5487.64,1881.74,734.615,2775.6050000000005,1621.92,1525.85,2643.8500000000004,0.5610013750501086,0.4090848242168712,0.4055460647725105,0.337488873623678,0.6688507562853384,10353.642334636936,7384.606624124772,5995.100107773378,10320.323827953764,0.05973894136411506,151,-0.8660254037844385,-0.5000000000000004,-0.97,-0.21,101.06383,-1.11,-0.89,-0.53
2022-09-01,2022,9,NE,11685.341414384318,0.6181374420731587,18904.1152,10992.91050971743,67199.22714896234,83201.63901561,212.68499999999767,3,6.174568719442959,10.068031991447189,9.00696342638823,7.993092819466428,5.584552456156879,6.595739812888217,6.172759414545445,5.781901902067311,7.609243537694817,299.7581738533495,299.6259876865377,299.394570332469,298.937990943636,295.28940661418625,297.150590125734,296.22496018603056,296.85712489670067,299.91190388127546,97695.45023630388,101244.61904130844,101026.23922495457,98508.99303437246,94340.97341294424,93962.25654166994,92726.86307316324,93014.163787387,95296.28145528652,5.730854557139794e-05,0.0003819465258219,0.0002748876889585,0.0001128462972929,0.0003303579299896,0.0002672973095365,0.0004804106940549,0.0005379394159741,1.123632446881082e-05,300.1033955932475,300.1033955932475,299.7832065653594,299.7832065653594,299.7832065653594,299.7832065653594,299.7832065653594,299.7832065653594,300.1033955932475,0.2794407232247146,0.3573901360945658,0.3630958009136533,0.3921657078395658,0.2811576214595661,0.29947124555356,0.2739592651257126,0.2451779139220731,0.360482388316687,1.1353136910209267,1.1771263098136182,1.1755008438059886,1.147950779989467,1.1129333196004012,1.101532657596864,1.0904168087083166,1.0915247594840631,1.1068976981942995,355.21,1337.3002,5487.64,1881.74,734.615,2806.79,1621.92,1609.8500000000004,2724.850000000001,0.6207403164142237,0.5610013750501086,0.4090848242168712,0.3646535887092256,0.6383907728544445,11602.524296582378,7507.952269486292,6599.626526878387,10060.349245829517,-0.002602874341064987,152,-1.0,-1.8369701987210297e-16,-1.07,2.2,101.08479,-0.75,-0.97,-0.55
2022-10-01,2022,10,NE,11897.68526925969,0.6195767126801957,19202.9252,11621.156887092084,68675.05703230742,83901.634,298.8099999999977,4,6.548314718824797,10.200872300354543,9.283088301350483,8.089259436116102,5.87768145659308,6.601678730868455,6.334761712970814,6.020352283665293,7.15997864414289,300.40412560163304,300.03592178841484,300.02352751215733,299.7847360826273,297.087540112265,299.19584001920487,297.89660395712286,298.8693956243289,301.231401573546,97573.49610969568,101117.95832819784,100891.63971114944,98377.67276031755,94204.42758281552,93837.05140495305,92584.88381150887,92867.65800760334,95177.9886743108,9.74124312910391e-05,0.000310334670736,0.0003205253428744,0.0002232750899359,0.0004507951452241,0.0011535362517523,0.0013663829421933,0.0007552325607953,0.0014236534351478,300.53125291741065,300.53125291741065,300.3373777043868,300.3373777043868,300.3373777043868,300.3373777043868,300.3373777043868,300.3373777043868,300.53125291741065,0.3047287555241087,0.3632418510748312,0.3765438863158389,0.4039737288542019,0.3023575589522353,0.3014655984024598,0.285387227873813,0.2609587643297008,0.3392904116279261,1.131468310248954,1.1740474468760294,1.1714734430160585,1.143188676041658,1.104594492513945,1.0925403159275933,1.0826351885034675,1.082467028839443,1.1006829228712736,355.21,1337.3002,5487.64,1881.74,734.615,2855.3,1621.92,1634.15,2990.8500000000004,0.6181374420731587,0.6207403164142237,0.5610013750501086,0.3523161547822551,0.5577154953614504,11685.341414384318,10353.642334636936,6394.624597219083,8969.401005566613,0.0014392706070369687,153,-0.8660254037844386,0.5000000000000001,-0.99,2.8,101.48981,-0.69,-1.11,-0.94
2022-11-01,2022,11,NE,7601.183338754694,0.385766971185729,19704.0802,11456.447676384458,68300.31073055566,85072.58199999001,501.1550000000025,4,4.679072426035606,7.904602698750349,7.505391429886402,6.06954025897043,3.854630824341191,3.4275118819437536,3.137484181330356,2.8002809927331174,3.535753892445045,300.0279342536671,300.1301825883891,300.2658269260341,300.17854186382954,297.5787421707269,297.2401703450573,296.03827153198324,296.1149455457622,298.53357464632387,97537.90366614114,101054.25922385918,100794.61010099942,98288.6710236976,94046.42133996212,93747.54431626656,92522.19202430604,92711.57252200514,95148.77132233397,0.0007373881990759,0.0005339320371523,0.0005581301281266,0.0005997620914197,0.0028516582511166,0.0066722166058088,0.0076083527339822,0.0084633523027029,0.0052805235580514,301.03169438039043,301.03169438039043,300.9399546989121,300.9399546989121,300.9399546989121,300.9399546989121,300.9399546989121,300.9399546989121,301.03169438039043,0.2355737056198167,0.282672084869727,0.3085381973853963,0.3171719003976896,0.2398223669205239,0.1916135763783172,0.1857963015379833,0.1651986754806134,0.202794470897854,1.1324699994177991,1.1729390331446057,1.169400281945591,1.140654129747413,1.1009215837313937,1.098673406246964,1.088692100791095,1.0906937251730318,1.1102939010688748,355.21,1337.3002,5487.64,1905.995,734.615,2896.88,1657.92,1711.2500000000002,3359.8500000000004,0.6195767126801957,0.6181374420731587,0.6207403164142237,0.4055460647725105,0.44277201668133803,11897.68526925969,11602.524296582378,7384.606624124772,7240.084129162972,-0.23380974149446665,154,-0.5000000000000004,0.8660254037844384,-0.9,2.2,100.67072,-0.97,-1.11,-0.94
2022-12-01,2022,12,NE,7810.171508292635,0.39065711887751375,19992.3952,11308.88266262969,68541.58788575097,86324.88299998999,288.3149999999987,4,5.121058434429243,8.17494073482745,7.439366031483862,6.076552382109453,4.448146657821981,3.1196337690503446,2.991517017180966,2.444307266948596,3.831787637646214,299.62174512386827,300.2974664567368,300.41570431473014,300.1123886042863,297.66078623714185,297.2834990461496,296.44808520984304,295.9830323379361,298.5345880990471,97515.48436136368,101023.3407971477,100774.03825929674,98305.47796300428,94028.675848276,93726.11881716548,92564.04152848871,92674.99867485822,95132.13567125148,0.0014183601164743,0.0008729822569502,0.0008109073710753,0.0009743157217874,0.0009585512805249,0.0047762625807957,0.0063230247330738,0.0104231903739007,0.0028099446537424,301.2709676971397,301.2709676971397,301.10825832669883,301.10825832669883,301.10825832669883,301.10825832669883,301.10825832669883,301.10825832669883,301.2709676971397,0.2398303715630508,0.2892794615467082,0.3054572924443623,0.3119852672807358,0.2358832659923438,0.1725778704828506,0.1651297830234531,0.150728580138203,0.2021175581462356,1.13372180807684,1.1719268791789603,1.1685783472559668,1.1410886861278482,1.1004135896561518,1.0982649063168366,1.0876753740361198,1.0907497885561122,1.11009378586247,355.21,1337.3002,5559.040000000001,1944.11,734.615,2968.880000000001,1693.92,1745.4500000000005,3409.350000000001,0.385766971185729,0.6195767126801957,0.6181374420731587,0.4090848242168712,0.4265461517373635,7601.183338754694,11685.341414384318,7507.952269486292,7174.199244302434,0.004890147691784752,155,-2.4492935982947064e-16,1.0,-0.85,1.61,100.41405,-1.07,-0.75,-1.06
2023-01-01,2023,1,NE,7946.884155269422,0.3886825112833249,20445.6952,11510.283720425765,70773.50265053452,86361.07899999,453.3000000000029,1,3.9078847122286935,6.654461334838793,7.073073554794902,6.119045483526712,4.755908183329854,4.156226990810231,4.162586477576811,3.1839123057052685,3.3849655229748845,298.6633404007145,299.7407831263257,300.21003728461324,300.05210360158407,297.93368384688534,297.93451193983407,297.0915640047779,296.75152920798587,298.31971431982373,97619.74645456208,101109.0676224194,100833.6825586609,98304.6480329465,94094.47173519465,93805.10792661172,92752.52903292254,92778.67594914604,95219.0674013762,0.0055078867382301,0.0037810574890586,0.0016764132285538,0.0008006378320817,0.0011533205929287,0.0013940550691875,0.0017436500386924,0.0047090993354575,0.0020933249527402,301.31858390672625,301.31858390672625,301.3526992202552,301.3526992202552,301.3526992202552,301.3526992202552,301.3526992202552,301.3526992202552,301.31858390672625,0.1925802519050207,0.2341300001569295,0.28797817261887,0.312871019651219,0.2469895818864039,0.1823344269275855,0.1743016150993258,0.1368578403402117,0.1670786872214697,1.1385788433602817,1.1750994958507774,1.170070579541043,1.1413185879036367,1.1001730529162008,1.0967861867514244,1.087530131278462,1.08914119282972,1.1119079373467196,355.21,1337.3002,5559.040000000001,1988.11,734.615,3040.88,1902.42,1753.5500000000002,3458.850000000001,0.39065711887751375,0.385766971185729,0.6195767126801957,0.5610013750501086,0.3145502085623384,7810.171508292635,11897.68526925969,10353.642334636936,5499.501544351398,-0.0019746075941888264,156,0.49999999999999994,0.8660254037844387,-0.72,1.29,100.17352,-0.99,-0.69,-0.94
2023-02-01,2023,2,NE,9186.525100340878,0.43163077023622154,21283.2952,11813.240264877084,73824.27300744035,89100.06199999,837.5999999999985,1,3.787974149667252,6.426457120210067,7.248910984692727,6.457971718705124,5.128965986751753,5.400091565966948,5.180313140678717,4.97819566552236,4.297389877027364,298.33984881721875,299.8034248099379,300.6532339295271,300.4347583169785,298.05807112845173,299.1675024645527,298.2791566218337,297.9876670925072,299.22821876042,97604.22583559727,101086.21123172504,100735.9706722311,98384.5767210147,94098.57155406236,93793.83631372744,92790.05217414629,92772.89676941062,95212.8964780345,0.0061561402095411,0.0081722354724751,0.0027962446686609,0.0015747308519491,0.0007598209398791,0.0007802516637538,0.0007437032284825,0.0002564126321403,0.0015915782999066,301.55106405872243,301.55106405872243,301.6671213738314,301.6671213738314,301.6671213738314,301.6671213738314,301.6671213738314,301.6671213738314,301.55106405872243,0.1790601808102374,0.2298376115171761,0.2970680797224116,0.3216208804723389,0.2606118112340226,0.234776498081503,0.220324227968102,0.1877224109965555,0.2022340067973525,1.1396279161478344,1.1745883143582032,1.167214215894433,1.1407835977201142,1.0997611757773382,1.0921329834228353,1.0836331522346432,1.084557648398012,1.1084597082898544,355.21,1337.3002,5878.240000000001,2248.51,734.615,3040.88,1933.92,1753.5500000000002,3557.85,0.3886825112833249,0.39065711887751375,0.385766971185729,0.6207403164142237,0.337488873623678,7946.884155269422,7601.183338754694,11602.524296582378,5995.100107773378,0.04294825895289661,157,0.8660254037844386,0.5000000000000001,-0.46,0.11,103.22616,-0.9,-0.97,-0.89
2023-03-01,2023,3,NE,7720.666684382486,0.3593800025790497,21483.2952,11487.93622580211,74849.05596618871,88824.87399997,200.0,1,2.524300362230745,4.1614497648526525,5.316528569690644,5.014537930561724,4.394057025567937,5.205885860615584,5.098222991639712,5.284559777726843,4.157865974285975,297.8229888085225,299.5591238779928,299.93128724496523,299.33770362145225,297.82507295201464,298.45152278188715,297.7564091090932,298.1520470024688,298.58700081245547,97645.78138284395,101123.64235828462,100767.83938787776,98358.2389337677,94108.5575084398,93830.21628710275,92930.42961877142,92810.80345197064,95260.39595971514,0.0148773864420275,0.0098243735814941,0.0102961006218333,0.0075069324273782,0.0027509260511693,0.0030964127428833,0.0024886401714899,0.0004944533959511,0.0052631216636685,301.84685429999155,301.84685429999155,301.8847103283857,301.8847103283857,301.8847103283857,301.8847103283857,301.8847103283857,301.8847103283857,301.84685429999155,0.1440476424397858,0.1740612893728826,0.2267667414957821,0.2483955203706646,0.22817967507651,0.2358902620151099,0.2271101947234446,0.2174054968537577,0.201699253848768,1.1420846214690186,1.175981520190465,1.1703899019905664,1.144662414858051,1.1007406667877675,1.0951815865838106,1.087176024063957,1.0844027935823315,1.111395719148777,355.21,1337.3002,5878.240000000001,2298.01,734.615,3040.88,2077.92,1753.5500000000002,3601.85,0.43163077023622154,0.3886825112833249,0.39065711887751375,0.6181374420731587,0.3646535887092256,9186.525100340878,7810.171508292635,11685.341414384318,6599.626526878387,-0.07225076765717187,158,1.0,6.123233995736766e-17,-0.11,1.02,102.92946,-0.85,-1.07,-0.97
2023-04-01,2023,4,NE,6257.254869414514,0.28712888597605446,21792.4952,11321.735759718347,69143.54313190367,86266.09499999,309.1999999999971,2,2.516797723919157,4.487646422147594,5.232463950031487,4.74222074936277,3.828398893826215,4.4850085262427495,4.2132177847257735,4.248450732303187,4.094980596266782,298.1806692731954,299.7972610444393,299.99913472892285,299.159120377178,297.66503516562693,298.34501990460075,297.9071002301364,297.66861123834485,298.3572272838699,97583.210786401,101053.7890833524,100704.24019687576,98349.54544756202,94055.71535770436,93778.02130515056,92871.58389985538,92752.10982961352,95215.95117331196,0.011558190416134,0.0111121332367251,0.0064175882318645,0.0030509832664265,0.0017746985789306,0.0007317649944909,0.0007091880658545,0.0013102552003314,0.0015683112443538,302.15221474104743,302.15221474104743,302.190892268234,302.190892268234,302.190892268234,302.190892268234,302.190892268234,302.190892268234,302.15221474104743,0.1353606343695562,0.1730573785719708,0.2109023283721099,0.2220011090163389,0.2019485522935053,0.2054854422136943,0.1906666216402706,0.1824764730548203,0.1888056136437602,1.1399850375358929,1.1742356970387289,1.169385561892592,1.145238354910906,1.100719750621238,1.0949646570526574,1.085935000449419,1.0854779543986173,1.1117302688008055,355.21,1337.3002,5878.240000000001,2438.8099999999995,734.615,3040.88,2077.92,1753.5500000000002,3601.85,0.3593800025790497,0.43163077023622154,0.3886825112833249,0.6195767126801957,0.3523161547822551,7720.666684382486,7946.884155269422,11897.68526925969,6394.624597219083,-0.07225111660299521,159,0.8660254037844387,-0.4999999999999998,0.14,1.12,104.36829,-0.72,-0.99,-1.11
2023-05-01,2023,5,NE,8799.05839095172,0.4006073634883454,21964.2952,11956.659622307809,71036.67988252807,86097.95099996,171.79999999999927,2,3.8149763709529103,6.834753387474638,6.650052542298075,5.993079235384529,4.263248401901134,5.660524579885375,5.200489001181781,5.0190609139609546,6.240240040630458,299.1265640780718,300.65793470195723,300.60360216619813,299.60914535292176,296.6218353113832,297.0891826840691,296.4870032594451,296.1350147859585,298.32881493788915,97693.83158730045,101169.95423186864,100841.90394539008,98476.03229990116,94246.0577996212,93994.17591243118,93088.76624821936,92987.11142191912,95403.33435514432,0.0018520827523546,0.0040589447435808,0.0011494052300751,0.000703660106443,0.0014435694328723,0.0020214980945425,0.0013869775340751,0.0003713352817356,0.0012656230436079,302.3329281560727,302.3329281560727,302.1582591194473,302.1582591194473,302.1582591194473,302.1582591194473,302.1582591194473,302.1582591194473,302.3329281560727,0.1664328240673034,0.2400223183260239,0.2710001640713154,0.288122153642197,0.2235367408180792,0.2516448931599819,0.223469152393169,0.1882081460695787,0.2782384568904765,1.137664106263498,1.1722202817772305,1.1686302358566114,1.1449883988086234,1.106828826630839,1.1021258617458256,1.0936869886828404,1.0938637976218677,1.114023090435373,355.21,1337.3002,5921.64,2547.71,734.615,3040.88,2077.92,1753.5500000000002,3651.35,0.28712888597605446,0.3593800025790497,0.43163077023622154,0.385766971185729,0.4055460647725105,6257.254869414514,9186.525100340878,7601.183338754694,7384.606624124772,0.11347847751229095,160,0.49999999999999994,-0.8660254037844387,0.46,2.28,102.51595,-0.46,-0.9,-1.11
2023-06-01,2023,6,NE,11515.952526173542,0.5161605591796002,22310.7952,11653.24439999586,69102.12775969667,84396.44499657,346.50000000000364,2,4.715527279367097,8.033668299065,7.657607226867585,7.155130845347681,5.418664874831292,6.898946090417154,6.366372793031082,5.8250825600318485,8.197879919856932,298.9283437772107,300.32295413180594,299.7244554225217,298.34016357302767,294.9216404801504,295.58948388859494,295.12696357601965,294.67456347370893,297.75625642153324,97822.42639213424,101318.0912526386,101010.59407284264,98624.72504491516,94428.27293909904,94200.50706256289,93333.83272570431,93090.64594944374,95583.29397003847,0.0008621859612609,0.0024673359710156,0.0020716763854523,0.0015810728153943,0.0019270688888508,0.0004417132563263,0.0002727643251087,8.818942513988462e-05,0.000146671631823,301.6616132278933,301.6616132278933,301.2102727491487,301.2102727491487,301.2102727491487,301.2102727491487,301.2102727491487,301.2102727491487,301.6616132278933,0.2040637015360056,0.2821049313829466,0.3035168615442065,0.3305254216855735,0.2608752659590982,0.3088816210526806,0.2747810094766585,0.2261918291652616,0.3737196849701246,1.1399130461844886,1.1752462325527848,1.1740208471086635,1.1515859855982242,1.1153627122892658,1.1101490170175552,1.1016170440052766,1.1005088182382146,1.1182700392660907,355.21,1337.3002,5921.64,2736.41,734.615,3040.88,2112.7200000000003,1933.55,3651.35,0.4006073634883454,0.28712888597605446,0.3593800025790497,0.39065711887751375,0.4090848242168712,8799.05839095172,7720.666684382486,7810.171508292635,7507.952269486292,0.11555319569125483,161,1.2246467991473532e-16,-1.0,0.84,3.74,102.3761,-0.11,-0.85,-0.75
2023-07-01,2023,7,NE,12694.528203816964,0.5623468784312171,22574.1952,11600.140581984624,68972.9986297587,84028.52199999,263.3999999999978,3,5.515645728138164,9.288401801816132,8.584417224109444,7.726866857758349,5.289546404084593,6.783405440491119,6.285590456932893,5.589247382258601,8.241475754688967,299.2478079759995,300.16599809758424,299.5249003901096,298.2050810387886,294.5736629997339,295.8072040465833,295.033179268221,294.7632632491194,298.3461672343992,97863.31740290952,101379.27669870446,101100.33876190631,98747.0477053534,94511.0808988807,94242.04904275242,93390.9791730694,93120.82271655444,95621.67445645104,7.205192332793736e-05,0.0007669735382774,0.0005281674735836,0.0006358364894936,0.000974850610706,0.0002341217941825,0.0004164714588518,0.0001603834276065,9.35914132682815e-05,300.84804448049573,300.84804448049573,300.3808500066705,300.3808500066705,300.3808500066705,300.3808500066705,300.3808500066705,300.3808500066705,300.84804448049573,0.2390829875479208,0.3295463555049266,0.3411545326711685,0.3604174443912779,0.255740057765039,0.3027879222553222,0.2719247775456799,0.2268744932431011,0.3750296794728457,1.1391759943628654,1.176571175470317,1.175849325557223,1.153536193487606,1.1176557754557328,1.1098214306339569,1.1026426157488474,1.1005350962927605,1.1165063677509235,355.21,1337.3002,5921.64,2932.11,734.615,3040.88,2147.5199999999995,1933.55,3651.35,0.5161605591796002,0.4006073634883454,0.28712888597605446,0.3886825112833249,0.5610013750501086,11515.952526173542,6257.254869414514,7946.884155269422,10353.642334636936,0.04618631925161687,162,-0.4999999999999997,-0.8660254037844388,1.02,3.18,102.84178,0.14,-0.72,-0.69
2023-08-01,2023,8,NE,11527.302334689168,0.5013244819688298,22993.6952,11989.970827952528,72498.70652283194,88624.33399998001,419.5000000000037,3,5.529592571324861,9.397109427462071,8.478273028082498,7.596166695502371,5.31318279416582,6.214271056101939,5.88852090615018,4.974256086821387,7.264435592350175,299.50083838413667,299.81784840527024,299.48993363151976,298.5692799111954,295.50701768806744,297.1192142581611,296.68722937026854,296.5130161737688,299.74180303879467,97777.93447714028,101308.26071365652,101016.47337043576,98599.19523928784,94393.24239567664,94095.79865460408,93405.3371364636,92941.40968595656,95487.80742008593,6.943860525114805e-05,0.0004577537953268,0.0003790625183915,0.0002542067901683,0.0006635341016919,0.0002458693401714,0.0002553722084293,0.0004039628806128,2.7145787767379e-05,300.35746202727995,300.35746202727995,300.1146343536343,300.1146343536343,300.1146343536343,300.1146343536343,300.1146343536343,300.1146343536343,300.35746202727995,0.2533797653189704,0.3345254810681844,0.3461361775635252,0.3692728691194223,0.2691087907860512,0.2816102961502895,0.2603953176155285,0.2067818048963911,0.3463826770815778,1.13723582723912,1.177112407783414,1.1750112574577196,1.1504109460609242,1.112731235551394,1.1032094910412795,1.0966584991126802,1.0919320022358243,1.109753695743828,355.21,1337.3002,5946.84,3117.01,734.615,3040.88,2290.52,1933.55,3700.85,0.5623468784312171,0.5161605591796002,0.4006073634883454,0.43163077023622154,0.6207403164142237,12694.528203816964,8799.05839095172,9186.525100340878,11602.524296582378,-0.061022396462387274,163,-0.8660254037844385,-0.5000000000000004,1.35,2.95,102.43837,0.46,-0.46,-0.97
2023-09-01,2023,9,NE,11750.548360863111,0.5011772107922376,23445.8952,12315.05936666257,75715.266245832,97167.19199999,452.1999999999971,3,6.700786858364616,10.252770225103095,9.203099543456217,8.174519387953957,5.928698936892539,6.882727807507406,6.51715044383528,6.00879083979527,7.791686468329519,300.1993915698224,300.0216082539985,299.7703057167935,298.9953629555395,296.1681167017728,298.6835140716914,298.31131072177857,298.3256923845108,301.11183444253163,97697.38889846852,101245.24409146082,100952.1289291561,98569.0034335726,94348.5809171726,94020.98710801848,93329.99495638542,92862.41360891396,95401.12533649364,4.048933157316468e-05,0.0003428811475686,0.0003975711268302,0.0002989535548885,0.0006022523950131,0.0001447183968179,0.0001960253082287,6.845717195880596e-05,4.746228022289153e-06,300.53958357429514,300.53958357429514,300.32439142024487,300.32439142024487,300.32439142024487,300.32439142024487,300.32439142024487,300.32439142024487,300.53958357429514,0.2983192291897008,0.3626688952439084,0.3715740461868971,0.3963139530714663,0.3057954410613883,0.3142355317813671,0.290581740513492,0.2546428131707617,0.3719488621709901,1.1336671820391424,1.1755814586671578,1.1731651866280912,1.1484260431518631,1.109719092166618,1.096560182084482,1.089810876089031,1.0843766551624872,1.1037004049350945,355.21,1337.3002,6026.639999999999,3358.61,734.615,3040.88,2290.52,1933.55,3700.85,0.5013244819688298,0.5623468784312171,0.5161605591796002,0.3593800025790497,0.6181374420731587,11527.302334689168,11515.952526173542,7720.666684382486,11685.341414384318,-0.0001472711765921897,164,-1.0,-1.8369701987210297e-16,1.6,5.72,102.4931,0.84,-0.11,-1.07
2023-10-01,2023,10,NE,12127.160956265996,0.5137779528976216,23603.8952,13051.162861554958,77253.26243564581,93922.99999999,158.0,4,6.387307758672859,9.879448285109278,9.09818223777628,7.823266606683879,5.688329332735023,6.14611215763209,5.875036194910254,5.2837100029762185,6.604940786713811,300.4025110283573,300.156045666915,300.3091091599693,300.0545328679256,297.70558123601114,300.62541916508945,300.4112821089225,300.0509336928431,302.58812244925053,97590.02947464172,101135.1192299628,100817.7514464294,98450.79491684728,94178.9139523764,93817.26936759464,93216.9883614835,92651.09844360112,95207.97765462664,5.971476101254853e-05,0.0002586940866153,0.0001377234969991,0.000106941966162,0.000207231478218,1.2391107876047724e-05,6.50394751738428e-05,0.0006476370165391,4.489443208661402e-06,300.74788772491826,300.74788772491826,300.53543224098985,300.53543224098985,300.53543224098985,300.53543224098985,300.53543224098985,300.53543224098985,300.74788772491826,0.2939073723036608,0.3491900914088724,0.3700485867932955,0.3849503187028705,0.2951092830134992,0.2849365997005853,0.2689391699674226,0.2314790314898202,0.3170978270144654,1.131665755965936,1.1737766276351391,1.1695041157433863,1.143003353085891,1.1020021246336154,1.0871180644132117,1.0808786938893338,1.0756868542921896,1.0960927035692012,355.21,1337.3002,6026.639999999999,3476.8099999999995,734.615,3040.88,2381.72,1933.55,3700.85,0.5011772107922376,0.5013244819688298,0.5623468784312171,0.28712888597605446,0.6195767126801957,11750.548360863111,12694.528203816964,6257.254869414514,11897.68526925969,0.012600742105383977,165,-0.8660254037844386,0.5000000000000001,1.72,5.51,102.80147,1.02,0.14,-0.99
2023-11-01,2023,11,NE,10232.681174719057,0.4250247436122957,24075.4952,13514.73684305193,80659.12903194367,101472.16899999,471.6000000000022,4,5.951913022736848,8.748893914905558,8.13544154443041,6.897968621601317,5.174184225064638,5.041399819782255,4.736900568845097,3.943188076610407,4.527338689269021,300.5995545359749,300.596273108839,300.7671217354064,300.59541173536854,298.8477990447148,300.6446068854984,300.7880320466324,300.3895799697262,302.05859420030765,97560.91115818812,101089.58478267211,100745.65710299276,98393.5743535831,94085.53104453524,93744.94661665575,93285.8743194076,92569.98060638946,95179.3241940546,0.0004184527872211,0.0006939363561061,0.0009827201245967,0.0002925108049672,0.0001995528734712,0.0005929544042,0.0007574062174767,0.0012927736636257,0.000468219541368,301.32393871636384,301.32393871636384,301.1271809021455,301.1271809021455,301.1271809021455,301.1271809021455,301.1271809021455,301.1271809021455,301.32393871636384,0.2796140940640881,0.3096655173431641,0.3401181108953561,0.3528383425226329,0.2781961873990867,0.2306599573674164,0.2156563608927255,0.1781172355624382,0.2377426214782375,1.130582181842393,1.1715297943335927,1.1668878170596213,1.1402840432240555,1.0967010746557326,1.086204196015094,1.080316956500387,1.073530790165049,1.0976872028225548,355.21,1337.3002,6132.040000000001,3476.8099999999995,734.615,3040.88,2532.7200000000003,1933.55,3883.25,0.5137779528976216,0.5011772107922376,0.5013244819688298,0.4006073634883454,0.385766971185729,12127.160956265996,11527.302334689168,8799.05839095172,7601.183338754694,-0.08875320928532593,166,-0.5000000000000004,0.8660254037844384,2.02,4.0,103.63195,1.35,0.46,-0.9
2023-12-01,2023,12,NE,10261.672263192862,0.4213668901444131,24353.2952,13170.854274225603,80636.46780610515,100581.72199999,277.7999999999993,4,5.401275522890422,8.24964488372248,7.717237226503652,6.597058193599542,5.030503340434806,5.060541277360828,4.727693627706971,4.120083109969715,4.808635684529415,300.5522640274772,300.7260279478557,300.8635342540738,300.42522929999853,298.439550573414,300.5638381962223,300.9210686216834,300.3598898195715,301.58090392323754,97540.4928149897,101046.8206958914,100690.92602222948,98278.76949629108,94077.22851574465,93742.71853989433,93268.90052812205,92581.15906889208,95183.92136197932,0.0017437128934911,0.0018675024871379,0.0011808416752768,0.000921855012248,0.0007488235370435,0.0010180561138159,0.0011970538659927,0.0027586682570835,0.0006330835776488,301.580670364511,301.580670364511,301.44304553361167,301.44304553361167,301.44304553361167,301.44304553361167,301.44304553361167,301.44304553361167,301.580670364511,0.2543988189233194,0.2911207211692748,0.3190239491268942,0.330089536309417,0.2674543464022262,0.2449879006914791,0.2308002797980261,0.1846816137441144,0.2542662077928428,1.1305200997659082,1.1705288685117847,1.165877618319095,1.1395965927308935,1.0981049189768073,1.086472273773902,1.079645733049333,1.0737659754428794,1.0994815179659212,355.21,1337.3002,6181.639999999999,3581.209999999999,734.615,3040.88,2623.92,1933.55,3883.25,0.4250247436122957,0.5137779528976216,0.5011772107922376,0.5161605591796002,0.39065711887751375,10232.681174719057,11750.548360863111,11515.952526173542,7810.171508292635,-0.0036578534678826102,167,-2.4492935982947064e-16,1.0,2.03,2.58,104.6737,1.6,0.84,-0.85
2024-01-01,2024,1,NE,6551.537428000416,0.25894693312618605,25300.6952,13173.178837361584,79743.46421639613,98631.25499997,947.4000000000016,1,4.233782035474127,6.585954594955619,6.184343690173416,4.920192300695267,3.5466707421723864,1.7857067159464115,1.5646820750776376,1.3029710494588729,1.7668416429425784,300.0766999156172,301.09165159886714,301.28793324996604,300.6287716374781,299.2398262269284,299.64027769734025,299.5268991724605,297.9994157934419,299.9880919856541,97681.92126664508,101164.1411597516,100787.6389478434,98328.62908198012,94131.24305078168,93726.7470253221,93377.59545797296,92651.33258962628,95320.6172017512,0.0035963078441654,0.0016638096575093,0.0011673081526885,0.0017082563107477,0.0019334203335358,0.004220301396627,0.0054539319560075,0.0080839203976044,0.0027239686664179,302.30207366665405,302.30207366665405,302.24381088688625,302.24381088688625,302.24381088688625,302.24381088688625,302.24381088688625,302.24381088688625,302.30207366665405,0.2004913679836119,0.2330419269568439,0.263368666492902,0.2589160369758941,0.2099487363026808,0.1528579644597981,0.1428650263453148,0.1245083055658732,0.1572807151077903,1.133933309489558,1.1704646273876271,1.1653524177973735,1.13939061169471,1.0957969831896774,1.0896353408491932,1.0859597621201549,1.0830906551110744,1.106909621431993,355.21,1337.3002,6212.640000000001,3856.01,734.615,3389.1800000000003,2915.92,1933.55,3974.45,0.4213668901444131,0.4250247436122957,0.5137779528976216,0.5623468784312171,0.3886825112833249,10261.672263192862,12127.160956265996,12694.528203816964,7946.884155269422,-0.16241995701822703,168,0.49999999999999994,0.8660254037844387,1.81,3.96,104.42182,1.72,1.02,-0.72
2024-02-01,2024,2,NE,8325.108252904669,0.3232474899432575,25754.5952,13191.391191087989,82766.53936350551,101477.511,453.8999999999978,1,3.1348480856100567,4.974901598628804,5.560351688221559,5.107289933932448,4.470609037499674,4.391802006077907,3.901717620787856,3.271408963688447,3.91120096406804,299.39566993686526,300.349894662246,300.9552099737922,300.55109520050985,298.6725748718411,298.2580860738016,298.2285219382534,297.0266366328325,299.0702452383963,97681.98194289998,101155.08054726604,100749.44594340071,98298.07443642656,94171.52230590172,93810.9977879052,93494.04185953678,92783.27323147508,95373.20691129431,0.0127542855929686,0.0206872696685707,0.0066111577411674,0.0045076726171083,0.0028033059256935,0.0038430130268511,0.0036297471521545,0.0064401069504048,0.0054269833022651,302.3520578149764,302.3520578149764,302.5624877411548,302.5624877411548,302.5624877411548,302.5624877411548,302.5624877411548,302.5624877411548,302.3520578149764,0.1764971674426625,0.2129423542534211,0.2536610822496602,0.2728663194404041,0.2373955449035134,0.2014355873040708,0.1808722735764173,0.1549922935497996,0.2114666941079271,1.1365166432205145,1.173250039521005,1.1661991251456243,1.1393359267564351,1.098354158074168,1.0956706559567482,1.0920363026711937,1.0881860958599403,1.110917549695171,355.21,1337.3002,6386.64,4070.51,734.615,3389.1800000000003,2976.42,1933.55,3974.45,0.25894693312618605,0.4213668901444131,0.4250247436122957,0.5013244819688298,0.43163077023622154,6551.537428000416,10232.681174719057,11527.302334689168,9186.525100340878,0.06430055681707147,169,0.8660254037844386,0.5000000000000001,1.52,4.02,104.76922,2.02,1.35,-0.46
2024-03-01,2024,3,NE,6527.395925578978,0.24871770217510722,26244.1952,13409.232362899382,82499.61685752742,102086.33099999,489.6000000000022,1,2.287376531613656,3.62829866109841,3.934605812329009,3.726796748824444,3.8857984363069495,3.985383753343103,3.739885109447691,3.618717681255323,2.8650521110210088,298.9359760034736,300.46516817392893,300.7672970520243,300.0486151633938,298.89528475084063,299.3309332983714,299.4250346283956,298.64843672425644,299.1695729271943,97639.97847576084,101099.84841615148,100679.1078902212,98241.524454761,94096.3864924144,93717.03614300698,93263.76566557906,92680.86655241493,95309.19860139213,0.0112721358004393,0.0154385706933726,0.0109251045958311,0.0068664650222646,0.0029365281685417,0.0017639936916067,0.0015288545224317,0.0010151522619497,0.0034513290163159,302.68537245641573,302.68537245641573,303.115315030676,303.115315030676,303.115315030676,303.115315030676,303.115315030676,303.115315030676,302.68537245641573,0.1334466924320613,0.1553510367228697,0.1935307597290947,0.2094914998238003,0.2011750109881822,0.1827640898189324,0.1688099708123758,0.142030431019511,0.1571796627964069,1.1377708157005586,1.1721594964893225,1.1661072921175628,1.140591338860006,1.096655622129754,1.0906487535874,1.0849819052127998,1.0810840813654772,1.1097987139328678,355.21,1337.3002,6411.4400000000005,4124.509999999999,734.615,3389.1800000000003,3165.1200000000003,1933.55,4065.650000000001,0.3232474899432575,0.25894693312618605,0.4213668901444131,0.5011772107922376,0.3593800025790497,8325.108252904669,10261.672263192862,11750.548360863111,7720.666684382486,-0.07452978776815031,170,1.0,6.123233995736766e-17,1.13,3.14,104.41948,2.03,1.6,-0.11
2024-04-01,2024,4,NE,7510.076084132834,0.2831459201858433,26523.6952,13074.199491662595,79735.81281388967,95806.51299999,279.5,2,2.3332708325724165,4.20363679798138,4.485693023637781,4.180262627356576,3.635123240410572,4.943858908895328,4.714417281737916,5.091806328834046,4.6180420084761336,298.8923992551006,300.54953659826776,300.6809899297384,299.5998027971165,298.02576712367403,298.5801049586024,298.82538078887967,297.7386543090715,299.0045371587898,97587.91290011542,101044.39825050245,100627.41070830896,98197.27906940006,94074.0009099154,93719.07929499172,93241.93045653944,92711.22618152593,95292.523133601,0.0089866719250214,0.0119635574335517,0.006989424035182,0.0040889302618509,0.003146373477941,0.0022289210269255,0.0017868005010072,0.0011581171334033,0.0026862167834925,302.8849381061378,302.8849381061378,303.1609703131948,303.1609703131948,303.1609703131948,303.1609703131948,303.1609703131948,303.1609703131948,302.8849381061378,0.1308907876109751,0.1696315440662344,0.1955493506886637,0.2072213772281694,0.1880184121770544,0.229319322191458,0.217798545992856,0.207045791912126,0.2139270997611267,1.1373238509471626,1.171187733499114,1.165841851152056,1.1417815859656126,1.0995962515530595,1.093419769772304,1.086901032403323,1.0847407096650998,1.1102145371925276,355.21,1337.3002,6433.9400000000005,4124.509999999999,734.615,3389.1800000000003,3321.92,2021.75,4065.650000000001,0.24871770217510722,0.3232474899432575,0.25894693312618605,0.5137779528976216,0.28712888597605446,6527.395925578978,6551.537428000416,12127.160956265996,6257.254869414514,0.03442821801073606,171,0.8660254037844387,-0.4999999999999998,0.77,1.55,105.26969,1.81,1.72,0.14
2024-05-01,2024,5,NE,11191.656384207849,0.4127935366485993,27111.9952,12821.144970425872,77384.04658602033,93510.60899998,588.2999999999956,2,4.13205614412648,7.209301473924721,6.92382473150564,6.398140006710773,4.539957759837026,6.374103210662376,5.979322172393739,5.558912147060089,7.270144994069327,299.1669395453006,300.85290997042824,300.4265319265779,299.3607782142119,296.5139271451647,297.23988778864134,297.31550589694183,296.2882456862854,298.87608630400416,97644.18753431068,101117.37714306547,100732.96288013522,98319.37411378237,94201.13091571,93879.51428636497,93339.13113178144,92870.18034530726,95418.39692058088,0.0022539112586591,0.0091113247644969,0.00439180055079,0.0015581828038974,0.0022069135577684,0.0005611728103364,0.0004175936785377,0.0001375774784491,0.0001097167707937,302.61855111631394,302.61855111631394,302.47722847588057,302.47722847588057,302.47722847588057,302.47722847588057,302.47722847588057,302.47722847588057,302.61855111631394,0.1759288612962799,0.2536752188060512,0.2759709316187438,0.2977942810583534,0.2201882747089551,0.2814413599605696,0.2559141822572076,0.2080115705932691,0.3189077265091313,1.1369338413898171,1.170851767291053,1.1680541675945828,1.1441198742995444,1.1067008226514476,1.1002269329146246,1.0935482185484675,1.0919218981666206,1.1121588092767756,355.21,1337.3002,6576.34,4170.11,820.115,3389.1800000000003,3524.7200000000003,2021.75,4099.85,0.2831459201858433,0.24871770217510722,0.3232474899432575,0.4250247436122957,0.4006073634883454,7510.076084132834,8325.108252904669,10232.681174719057,8799.05839095172,0.12964761646275602,172,0.49999999999999994,-0.8660254037844387,0.23,3.3,105.66086,1.52,2.02,0.46
2024-06-01,2024,6,NE,12677.379169714666,0.464532894090733,27290.5952,12193.805612495837,73955.36025277567,89898.37299999,178.60000000000218,2,5.342801502273089,8.619748462346005,7.99825315433877,7.372360057164483,5.428844794759416,6.82389321478948,6.427336787450657,5.898774225406682,8.045861664245578,298.7207786298235,300.3533775411744,299.4773755187341,298.24347305425164,295.12488001519705,295.8936494634542,295.8066168276655,294.555525596546,298.33915439074764,97775.01994682723,101269.2849261613,100908.79879465987,98467.0616894044,94370.1641755272,94047.92829003808,93494.18961786816,93050.74124555614,95581.14286021898,0.0003977763741194,0.003116174482517,0.0020722033753841,0.0008233968527803,0.0014769696701637,0.0006325499468038,0.0004721767848974,0.0002923888368357,0.0001335514321985,301.71311400766626,301.71311400766626,301.3070060226934,301.3070060226934,301.3070060226934,301.3070060226934,301.3070060226934,301.3070060226934,301.71311400766626,0.2200046299156353,0.2993251646839676,0.3165016628118049,0.3434522905363352,0.2575242823294287,0.2994727332111934,0.2735528521710212,0.2300646892831575,0.3654590696890572,1.1401501199573458,1.1745610144824763,1.1738031688839694,1.150131547603615,1.113905935545498,1.1072133080667097,1.1009490544105416,1.1004803392230251,1.1160604279010502,355.21,1337.3002,6576.34,4224.71,820.115,3389.1800000000003,3597.2200000000003,2021.75,4099.85,0.4127935366485993,0.2831459201858433,0.24871770217510722,0.4213668901444131,0.5161605591796002,11191.656384207849,6527.395925578978,10261.672263192862,11515.952526173542,0.051739357442133704,173,1.2246467991473532e-16,-1.0,0.17,3.22,106.50181,1.13,2.03,0.84
2024-07-01,2024,7,NE,14163.377102756116,0.5142297859360884,27542.8952,12296.83217875887,74077.55392876387,89620.891,252.29999999999927,3,5.779806878495571,9.495739539310808,8.808403185211608,8.097815489578782,5.91940920658504,7.130718104544003,6.702112482939143,6.054484961936903,8.530777803418689,298.64359647787853,299.9165176658578,298.9612116494871,297.4515339569659,294.38965573203893,295.23336946724027,295.0845646287883,294.14387119337664,297.7643836413015,97908.55758301428,101431.07304082112,101091.893289969,98579.87345780556,94541.31724342774,94205.69503952652,93574.1964121458,93180.41428146145,95736.14120200288,9.03983057091137e-05,0.0008351311318096,0.0007953034303113,0.0005706136786515,0.0011349461410301,0.0004315807779452,0.0002910755466115,0.0001258494291797,0.000111552811635,300.78904485217606,300.78904485217606,300.3505396980511,300.3505396980511,300.3505396980511,300.3505396980511,300.3505396980511,300.3505396980511,300.78904485217606,0.2429172047247526,0.3363280406911291,0.3502779176140888,0.3743606118153195,0.2795072566626174,0.316209504795001,0.2910480795762942,0.2385564997478124,0.3926875168636608,1.1420030806618624,1.1781513416694145,1.1779646215751,1.1545014720724107,1.1187112447111467,1.1115517667834662,1.1045831218991542,1.1035578498010032,1.1200283300776044,355.21,1337.3002,6576.34,4340.71,820.115,3389.1800000000003,3682.72,2046.95,4099.85,0.464532894090733,0.4127935366485993,0.2831459201858433,0.25894693312618605,0.5623468784312171,12677.379169714666,7510.076084132834,6551.537428000416,12694.528203816964,0.04969689184535536,174,-0.4999999999999997,-0.8660254037844388,0.04,0.9,106.92867,0.77,1.81,1.02
2024-08-01,2024,8,NE,14985.70623483637,0.5392831785936343,27788.1952,12832.086068544126,76013.08719489162,91990.50199999,245.29999999999927,3,5.884017322640039,10.311802785621492,9.566667837021908,8.660167267719064,6.185881587850436,6.98430518392742,6.634550749996727,5.971711598071221,8.357184743870095,299.07529680808307,299.58385001959,299.0862475291989,298.1313121741981,294.96433562505865,296.187026720804,296.0694346845461,295.4848524813118,299.0992756169724,97849.27841101035,101389.77331416968,101055.61069276254,98538.09604206978,94489.06865862562,94102.28881683022,93514.69860884536,93086.13394581726,95652.64696898204,1.1344475354329472e-05,0.0001516619926391,0.000234414122842,0.0001034085851243,0.00058099279386,0.0003983220725056,0.0004080590223323,0.0002748785404223,2.155100814557253e-05,299.98492744468746,299.98492744468746,299.65128821648364,299.65128821648364,299.65128821648364,299.65128821648364,299.65128821648364,299.65128821648364,299.98492744468746,0.2556726184535249,0.3600668862490442,0.3842295882041902,0.4124381290727725,0.2950450274208117,0.3117463877882008,0.2936857844117116,0.2566250698320499,0.3871375897133444,1.139679288291899,1.1789796292664692,1.1770526236503565,1.1513878355506235,1.1159113630329254,1.106757929236636,1.100211189595899,1.0974380616273878,1.1140581994816896,355.21,1337.3002,6576.34,4361.71,820.115,3582.6800000000003,3714.72,2046.95,4099.85,0.5142297859360884,0.464532894090733,0.4127935366485993,0.3232474899432575,0.5013244819688298,14163.377102756116,11191.656384207849,8325.108252904669,11527.302334689168,0.025053392657545914,175,-0.8660254037844385,-0.5000000000000004,-0.12,2.75,107.11857,0.23,1.52,1.35
2024-09-01,2024,9,NE,15465.297979055042,0.5504449252986433,28095.9952,13109.959158329028,80428.99598611,99074.98199998,307.7999999999993,3,6.837886558390383,10.970969725831075,10.087369948590132,8.901993658979311,6.328692380483355,7.007972252401617,6.751955934471442,6.365477662543706,8.151223992099434,299.66742182028986,299.47595516665814,299.35192920614963,298.7449122276976,295.57757294055983,297.5213976521058,297.0401601583376,296.65654291752264,300.4433210658502,97706.97212300471,101268.5186843402,100936.78551489838,98417.79049687508,94370.53973413788,93947.68530148867,93314.95515732023,92926.21714881864,95480.04475373335,2.6797373192639952e-05,9.7398861828757e-05,0.000159534537907,0.0001106036906851,0.00055090273359,0.0001092687550024,0.0001923274998281,3.768415024092722e-05,2.879768209376729e-06,299.78971835372914,299.78971835372914,299.59122365894234,299.59122365894234,299.59122365894234,299.59122365894234,299.59122365894234,299.59122365894234,299.78971835372914,0.3010193099662401,0.3844402198883621,0.4054303555969556,0.4300678689424521,0.3052888133364604,0.3223480729944523,0.3022891053652875,0.2682947472501925,0.3831013700375505,1.1357912208537886,1.1779940632719084,1.174627715238031,1.1476261624826145,1.1121977522673314,1.099984620099729,1.094280490389908,1.0912275284947,1.1070733513728186,355.21,1337.3002,6576.34,4361.71,820.115,3582.6800000000003,3962.22,2126.75,4099.85,0.5392831785936343,0.5142297859360884,0.464532894090733,0.24871770217510722,0.5011772107922376,14985.70623483637,12677.379169714666,6527.395925578978,11750.548360863111,0.011161746705009024,176,-1.0,-1.8369701987210297e-16,-0.26,-99.0,108.03396,0.17,1.13,1.6
2024-10-01,2024,10,NE,13474.112120594003,0.47710335537029225,28241.4952,13749.614221769718,80763.6286491955,98408.14099999,145.5,4,6.2810174893458735,9.904342395876,8.998109203853556,7.615449079706634,5.515367125632586,5.763623425980862,5.559892945928655,4.872007187973022,6.1223335585263845,300.1923452078606,299.81408170510764,299.9353476851488,299.77011190479226,297.75600276350315,299.52467123443444,299.203704049682,299.2055235659845,302.2351524053144,97645.73785401593,101203.97447061387,100842.94352215076,98300.73438658424,94194.99640199088,93749.13971545915,93064.15721092118,92686.1655793758,95304.18557881696,6.85241113784624e-05,0.000176519960112,0.00014346545975,0.0001129196322011,0.000130202532917,0.001174892245255,0.0016497203066623,0.002787363825479,0.0002974418526671,300.3707097553666,300.3707097553666,300.2067278504457,300.2067278504457,300.2067278504457,300.2067278504457,300.2067278504457,300.2067278504457,300.3707097553666,0.293704300728713,0.3506281814111769,0.3692179545033035,0.3768115390669588,0.2813306827147121,0.2605427794020954,0.2464774800574048,0.206192427074165,0.2947006277705564,1.1331073669507368,1.1759154872194293,1.1712542634448189,1.1423489525359825,1.1020069249543112,1.0903178037923529,1.0834478719158327,1.0791325487705752,1.098484055075858,355.21,1337.3002,6576.34,4437.610000000001,820.115,3582.6800000000003,4042.02,2126.75,4099.85,0.5504449252986433,0.5392831785936343,0.5142297859360884,0.2831459201858433,0.5137779528976216,15465.297979055042,14163.377102756116,7510.076084132834,12127.160956265996,-0.07334156992835106,177,-0.8660254037844386,0.5000000000000001,-0.27,-99.0,108.19846,0.04,0.77,1.72
2024-11-01,2024,11,NE,12867.849612423348,0.4451388653148802,28907.4952,13833.600749995529,80605.75903611166,101245.43699998,666.0,4,6.161567642449043,9.52626586357385,8.833115532087048,7.558061876603886,5.538619531494176,5.059401713792665,4.635757458060966,4.049799782164838,5.070375667585963,300.2670491152708,300.1551671769108,300.3659691791741,300.31964372868464,298.53748631992056,299.0239581598596,298.425700217979,297.5164320206544,301.592280850871,97514.00310203827,101053.481348271,100684.428290773,98147.2435179424,94042.07110283311,93614.67411939176,92924.46841562806,92604.0142559069,95111.94385427635,6.355928498918363e-05,0.0002339828528069,0.00012551672302,6.260806535147576e-05,0.0003027368156786,0.0021023543981636,0.0031977377186562,0.0051543406432399,0.0010452236836895,300.7157888379804,300.7157888379804,300.5773140318092,300.5773140318092,300.5773140318092,300.5773140318092,300.5773140318092,300.5773140318092,300.7157888379804,0.287766934588922,0.3342815406126312,0.3648043033827114,0.3807152134161171,0.291167493744413,0.2348472328278309,0.2175259797986737,0.1815785367774447,0.2646449737337119,1.131290552790823,1.1728325467292058,1.167737436552359,1.1384787171697202,1.0973382008913934,1.090574635694427,1.0846407872659798,1.0842950961786713,1.098612782251879,355.21,1337.3002,6576.34,4437.610000000001,820.115,3582.6800000000003,4186.02,2126.75,4510.250000000002,0.47710335537029225,0.5504449252986433,0.5392831785936343,0.4127935366485993,0.4250247436122957,13474.112120594003,14985.70623483637,11191.656384207849,10232.681174719057,-0.03196449005541202,178,-0.5000000000000004,0.8660254037844384,-0.25,-99.0,107.99158,-0.12,0.23,2.02
2024-12-01,2024,12,NE,11781.349343244798,0.4063515777509182,28992.9952,13769.788145157136,79558.04428225839,98783.44499997,85.50000000000364,4,5.708569275076871,8.42042751324845,8.049365112186567,6.940523229054252,5.420727472124193,5.254067034409717,4.602110569485815,3.351392726281551,4.904262125890638,300.2700387966472,300.4705801770557,300.8088130605732,300.4831367538116,298.744468710873,300.1522552113905,299.7611713024339,298.5327560368484,301.2991655109425,97526.0078184384,101035.3507984244,100656.55038067218,98135.70178749796,94044.28397541807,93596.64236073798,92911.21597200762,92575.9798166216,95112.5405693975,0.0010829516642844,0.0015248104908998,0.000826522573729,0.0006895730113143,0.0003567912528601,7.741569970945634e-05,0.0001495960158275,0.0021172346821332,0.0004038158001305,301.3464592162357,301.3464592162357,301.2866669159756,301.2866669159756,301.2866669159756,301.2866669159756,301.2866669159756,301.2866669159756,301.3464592162357,0.2675348930284248,0.2947285281575646,0.3336990037948371,0.3500974325077018,0.2777168170102508,0.2246720046720005,0.1964750304085848,0.1349490100602866,0.2230773173648009,1.1314102588043349,1.1713910441299993,1.1656945222184811,1.1377198784338771,1.0966033513052442,1.086265456838695,1.0796567977101397,1.080275216556262,1.0996868201945726,355.21,1337.3002,6576.34,4437.610000000001,820.115,3582.6800000000003,4271.52,2126.75,4510.250000000002,0.4451388653148802,0.47710335537029225,0.5504449252986433,0.464532894090733,0.4213668901444131,12867.849612423348,15465.297979055042,12677.379169714666,10261.672263192862,-0.03878728756396205,179,-2.4492935982947064e-16,1.0,-0.6,-99.0,107.0837,-0.26,0.17,2.03
