data,ano,mes,subsistema,geracao_eolica_ne_mwmed,capacidade_eolica_ne_mw,carga_ne_mwmed,demanda_sin_mwmed,demanda_max_sin_mw,corte_eolica_ne_mwmed,capacity_factor_ne,penetracao_eolica_ne,penetracao_eolica_sin,crescimento_capacidade_mw,trimestre,vel_vento_100m_lat3.7S_lon41.1W,vel_vento_100m_lat3.1S_lon39.7W,vel_vento_100m_lat5.1S_lon36.4W,vel_vento_100m_lat6.2S_lon36.4W,vel_vento_100m_lat8.9S_lon37.4W,vel_vento_100m_lat11.0S_lon38.8W,vel_vento_100m_lat10.4S_lon41.0W,vel_vento_100m_lat11.7S_lon42.0W,vel_vento_100m_lat14.1S_lon42.5W,vel_vento_100m_lat8.1S_lon41.0W,t2m_lat3.7S_lon41.1W,t2m_lat3.1S_lon39.7W,t2m_lat5.1S_lon36.4W,t2m_lat6.2S_lon36.4W,t2m_lat8.9S_lon37.4W,t2m_lat11.0S_lon38.8W,t2m_lat10.4S_lon41.0W,t2m_lat11.7S_lon42.0W,t2m_lat14.1S_lon42.5W,t2m_lat8.1S_lon41.0W,sp_lat3.7S_lon41.1W,sp_lat3.1S_lon39.7W,sp_lat5.1S_lon36.4W,sp_lat6.2S_lon36.4W,sp_lat8.9S_lon37.4W,sp_lat11.0S_lon38.8W,sp_lat10.4S_lon41.0W,sp_lat11.7S_lon42.0W,sp_lat14.1S_lon42.5W,sp_lat8.1S_lon41.0W,tp_lat3.7S_lon41.1W,tp_lat3.1S_lon39.7W,tp_lat5.1S_lon36.4W,tp_lat6.2S_lon36.4W,tp_lat8.9S_lon37.4W,tp_lat11.0S_lon38.8W,tp_lat10.4S_lon41.0W,tp_lat11.7S_lon42.0W,tp_lat14.1S_lon42.5W,tp_lat8.1S_lon41.0W,sst_lat3.7S_lon41.1W,sst_lat3.1S_lon39.7W,sst_lat5.1S_lon36.4W,sst_lat6.2S_lon36.4W,sst_lat8.9S_lon37.4W,sst_lat11.0S_lon38.8W,sst_lat10.4S_lon41.0W,sst_lat11.7S_lon42.0W,sst_lat14.1S_lon42.5W,sst_lat8.1S_lon41.0W,zust_lat3.7S_lon41.1W,zust_lat3.1S_lon39.7W,zust_lat5.1S_lon36.4W,zust_lat6.2S_lon36.4W,zust_lat8.9S_lon37.4W,zust_lat11.0S_lon38.8W,zust_lat10.4S_lon41.0W,zust_lat11.7S_lon42.0W,zust_lat14.1S_lon42.5W,zust_lat8.1S_lon41.0W,densidade_ar_lat3.7S_lon41.1W,densidade_ar_lat3.1S_lon39.7W,densidade_ar_lat5.1S_lon36.4W,densidade_ar_lat6.2S_lon36.4W,densidade_ar_lat8.9S_lon37.4W,densidade_ar_lat11.0S_lon38.8W,densidade_ar_lat10.4S_lon41.0W,densidade_ar_lat11.7S_lon42.0W,densidade_ar_lat14.1S_lon42.5W,densidade_ar_lat8.1S_lon41.0W,capacidade_cluster_mw_lat3.7S_lon41.1W,capacidade_cluster_mw_lat3.1S_lon39.7W,capacidade_cluster_mw_lat5.1S_lon36.4W,capacidade_cluster_mw_lat6.2S_lon36.4W,capacidade_cluster_mw_lat8.9S_lon37.4W,capacidade_cluster_mw_lat11.0S_lon38.8W,capacidade_cluster_mw_lat10.4S_lon41.0W,capacidade_cluster_mw_lat11.7S_lon42.0W,capacidade_cluster_mw_lat14.1S_lon42.5W,capacidade_cluster_mw_lat8.1S_lon41.0W
2015-01-01,2015,1,NE,1610.625311463844,3397.4252,10042.26408559926,67110.38225588677,84524.63090735,0.0,47.40723390948664,16.038467996211153,2.399964442644139,0.0,1,7.509469644464628,8.315616050933107,8.488562127406436,7.2371708167381605,,,6.51705961126167,5.29977696734827,5.164494640362985,,301.1133117675781,299.9854119446859,300.3446809486794,300.5732421875,,,301.5312194824219,295.33624267578125,298.1950784372495,,100932.2421875,101172.86927979306,100906.69526638111,100028.28125000001,,,95823.34375,89787.125,92680.68436391572,,0.0007629396859556,0.0009413340285325462,0.0008552397500088588,0.0006752135232090001,,,0.0003042037133127,0.00045391172170629996,0.00038304257703012675,,300.84774518081593,300.84774518081593,301.005204455676,301.005204455676,,,301.005204455676,301.005204455676,301.005204455676,,0.3239399790763855,0.29448238515686287,0.34178790876456966,0.34387141466140747,,,0.3264336585998535,0.2104617953300476,0.2010557829886294,,1.167697394001446,1.1748824939302849,1.1703924082249604,1.1593186859564724,,,1.107055471294305,1.0590773144368484,1.0827266766567458,,105.0,751.0002000000001,1638.0900000000001,117.2,,,91.465,100.52,606.1499999999999,
2015-02-01,2015,2,NE,1349.3915571965326,3397.4252,10003.646017426354,65846.80697904786,83225.47869767001,179.44978280346731,39.71806523353429,13.488997459985011,2.04928928083924,0.0,1,6.146996269315261,6.879395208419198,7.386233783291415,6.358932335983959,,,5.476038340660224,4.691485594427272,4.320679019966054,,300.4703369140625,299.7259368717402,300.47967085959317,300.7857360839844,,,300.8706970214844,294.9725341796875,297.51615690958045,,100892.5546875,101110.27765406847,100825.88037716564,99947.59375,,,95773.65625,89738.375,92648.52505748373,,0.0059246942400932,0.00571543111692175,0.0021387639721563035,0.0012683991808444001,,,0.0023800292983650996,0.0030525717884302,0.0027091869789597194,,301.23611006729914,301.23611006729914,301.43767428207804,301.43767428207804,,,301.43767428207804,301.43767428207804,301.43767428207804,,0.2611295580863952,0.24364508447148334,0.299433722423565,0.30619102716445923,,,0.2851927876472473,0.1968135237693786,0.1832574704265099,,1.169736011308125,1.1751718645617215,1.168929675293714,1.1575651704400767,,,1.1089105632405243,1.0598074471965002,1.0848202202609991,,105.0,751.0002000000001,1638.0900000000001,117.2,,,91.465,100.52,606.1499999999999,
2015-03-01,2015,3,NE,1059.652540510766,3571.3252,10058.70366407804,64983.4482150371,80202.90198443999,547.4437994892339,29.671129935486302,10.534682956164929,1.630649911042369,173.90000000000057,1,4.685027072345919,5.380656813415638,6.593813914075777,5.78513335690517,5.077670808634736,,5.020481555578452,4.646530814214051,4.271402598319556,,299.87109375,299.59649580486126,300.07781474274213,299.9580078125,301.1509067311007,,301.2304382324219,295.97875976562494,298.750503522166,,100882.328125,101086.14266751775,100805.18365962507,99914.35937500001,96073.65854779413,,95733.4375,89699.18749999999,92584.78571052957,,0.0101110562682151,0.013479715506100871,0.007109206232537957,0.0055294260382652005,0.0010629348689689619,,0.0034951062407344,0.0009841269347815999,0.0013410017694449284,,301.4471869590106,301.4471869590106,301.74573293982644,301.74573293982644,301.74573293982644,,301.74573293982644,301.74573293982644,301.74573293982644,,0.1966736316680908,0.19240526789963736,0.25872584485517114,0.2654857039451599,0.26236800586476045,,0.24991339445114133,0.18150693178176877,0.16964954604589627,,1.17195473428614,1.1753988101588184,1.1702521738868368,1.1603734755257715,1.1113485576656308,,1.1071211440331583,1.0557432380144114,1.0795944017054668,,105.0,751.0002000000001,1732.09,117.2,79.9,,91.465,100.52,606.1499999999999,
2015-04-01,2015,4,NE,916.7222368070832,3748.9252,10055.286826224296,59368.70076185767,76380.99841121,770.2941031929166,24.45293485202328,9.116818372761498,1.5441170600722418,177.59999999999943,2,4.52405641417024,5.021163376780894,5.719821763839437,4.868125624987258,4.096869379442042,,4.57407346637413,4.117695370866549,4.270326497686629,,299.7901916503906,299.60946341348017,300.24751585374645,300.07733154296875,301.2422359690947,,300.86151123046875,295.7093505859375,298.092864810186,,100924.875,101127.2609137371,100846.81006455801,99950.40625,96093.76930147059,,95770.96875,89727.75,92656.1423115285,,0.0120878592133522,0.010525704742675017,0.0037629049420385245,0.0022326346952468,0.0006539210786713882,,0.0008382943924516001,0.0047555165365338,0.0024576890198690156,,301.83475711933795,301.83475711933795,302.10743378877305,302.10743378877305,302.10743378877305,,302.10743378877305,302.10743378877305,302.10743378877305,,0.1996074318885803,0.19420768800844793,0.23508011270365903,0.23230153322219846,0.23615249290185808,,0.2577301859855652,0.1722801923751831,0.1766297966573316,,1.1727654032252122,1.175826017457441,1.1700733239901033,1.1603305312573866,1.1112442069470612,,1.1089133020461754,1.0570415659729342,1.0828101207609266,,105.0,751.0002000000001,1792.0900000000004,117.2,79.9,,91.465,100.52,723.75,
2015-05-01,2015,5,NE,1568.7339891567203,3807.7852,9804.350262006184,57981.01422175612,71152.41551516,144.76935084327988,41.19806939626532,16.000387044880252,2.70559942804189,58.86000000000058,2,6.10189270488252,7.696392004066303,8.083307516267508,6.923913843039051,6.216429309124909,,7.450284415677011,5.416220164892335,5.6524467231631,,300.7147827148437,300.3733112939366,300.60423766712825,300.3495178222656,299.3136767219095,,299.4482116699219,293.55194091796875,295.6291809781986,,100953.4453125,101167.47435992693,100921.1501399708,100031.98437500001,96256.12178308824,,95942.03124999999,89898.3125,92881.03886787567,,0.0027475568931549,0.0041952299292446135,0.0014645550396847821,0.0006504631601274002,0.0006576588322572618,,0.00028703128918999995,0.0009755128994583999,0.001050389846252786,,301.7572772790051,301.7572772790051,301.8773850505093,301.8773850505093,301.8773850505093,,301.8773850505093,301.8773850505093,301.8773850505093,,0.2449888586997985,0.2692847611673408,0.3213600608976883,0.32413083314895635,0.30377387299257164,,0.36102199554443354,0.21557295322418207,0.2196843650073379,,1.1694905379521163,1.173302328836095,1.1695469632403352,1.160225190174078,1.1202938258331308,,1.1161370648020796,1.0668341976718652,1.0944852997477388,,105.0,751.0002000000001,1821.25,146.9,79.9,,91.465,100.52,723.75,
2015-06-01,2015,6,NE,1680.0848505327365,3969.7852,9447.666171366069,56778.919712516,70776.98412526,106.31848946726382,42.32180750063596,17.783067479932,2.958994040463205,162.0,2,6.520118678248478,8.482731075000714,8.02155036617301,7.023255331878576,6.649802167429862,,7.722477902668411,6.261766437307068,6.355646037180892,,300.56915283203125,299.9808757563211,299.55191519836154,299.0681457519531,297.14443520938653,,298.03204345703125,292.45703125,294.9159030943033,,101103.2578125,101332.05321300388,101116.2389802759,100219.796875,96474.58134191178,,96157.875,90070.125,93079.00730569949,,0.0013179848901927,0.003216333359959238,0.0016797862535117922,0.0010662232525646,0.0008652500315185325,,0.0002012026525335,0.0005397530039772,0.00028923981861305793,,301.26723133468005,301.26723133468005,301.0361262149419,301.0361262149419,301.0361262149419,,301.0361262149419,301.0361262149419,301.0361262149419,,0.2651522159576416,0.29982831032154994,0.3204634661012659,0.3297656774520874,0.3135412563295925,,0.3759033679962158,0.2536158561706543,0.25472052085790814,,1.1717935090590006,1.1767486959302944,1.17592450595569,1.1673839160963293,1.131033436843461,,1.123963587968356,1.0728747976818231,1.0994706172931792,,105.0,751.0002000000001,1937.35,192.79999999999998,79.9,,91.465,100.52,723.75,
2015-07-01,2015,7,NE,1983.367505673562,4011.4852,9109.736863200444,56950.599557212896,69130.69119317,0.0,49.44222418354085,21.771951654120148,3.4826104046210427,41.69999999999982,3,7.453079977726821,9.577477200771387,8.873123909068317,7.714853599867862,7.180015494980949,,8.217506244853048,6.524470074963934,6.427646130892717,,300.4228515625,299.5113138626141,298.78702378708266,298.1562194824219,296.5492140826057,,297.8730163574219,291.97576904296875,294.77587179581246,,101095.1640625,101340.55768706021,101145.03310044705,100248.203125,96513.6052389706,,96176.28125,90073.99999999999,93071.35117918825,,0.0013923891820013,0.0033854249340689855,0.004365305054621677,0.0027867893222719006,0.0007753181476693265,,0.00011919619282699999,0.00047396024456239995,0.00021319536615113579,,300.501448536656,300.501448536656,300.24678795151556,300.24678795151556,300.24678795151556,,300.24678795151556,300.24678795151556,300.24678795151556,,0.3058696985244751,0.3359367411748504,0.3443110870756242,0.351541519165039,0.33368793831152077,,0.3981729745864868,0.26522511243820185,0.25791598292583007,,1.1722703015393203,1.178692496908966,1.1792698941844784,1.1712863151286164,1.1337619179943679,,1.1247789051447137,1.0746894452084783,1.099903185367498,,105.0,751.0002000000001,1967.05,192.79999999999998,79.9,,91.465,100.52,723.75,
2015-08-01,2015,8,NE,2574.252683029032,4186.985199999999,9208.784721469892,58282.67908589064,71074.15913307,0.0,61.48224940057187,27.95431493829225,4.416840000157474,175.4999999999991,3,8.46196402216075,10.83730106498116,10.204542793985542,8.938160560179929,7.344979834668916,,8.218500617497464,6.287554343329553,6.546218715877562,8.718781798095614,300.80523681640625,299.5748620527929,298.8762272612122,298.5005798339844,296.88252617331113,,298.0727844238281,292.06427001953125,295.1188171551166,298.6942138671875,101026.640625,101299.08878106409,101130.67440869576,100233.171875,96493.19163602943,,96143.75,90033.0,93025.07386226254,94635.875,1.7168811609735712e-05,0.00021220546551430417,0.00031060515658567144,0.00021648849360639998,0.00028815368782751763,,6.007601041346789e-05,0.0003652292652986,0.0001402086957022925,4.767257451021578e-06,300.01029817494765,300.01029817494765,299.6219669150091,299.6219669150091,299.6219669150091,,299.6219669150091,299.6219669150091,299.6219669150091,300.01029817494765,0.357825756072998,0.37884252009442915,0.39459042767243785,0.40829622745513916,0.3423854726202348,,0.393602967262268,0.25671809911727894,0.2681130992176207,0.41039669513702387,1.169986537249834,1.1779605841297294,1.1787513992456364,1.1697596592045338,1.1322495100103471,,1.1236448824307474,1.0738747637550015,1.098078829940238,1.103721080612983,105.0,751.0002000000001,1967.05,192.79999999999998,79.9,,91.465,100.52,723.75,175.5
2015-09-01,2015,9,NE,2325.0437006091665,4270.5852,9579.984389498042,60537.356152625005,78755.46061275,0.0,54.4432107480063,24.26980677711721,3.8406759864889617,83.60000000000127,3,9.084276188646284,10.731081378917793,9.749570886575354,8.202852373542685,6.595808117821058,,7.414140172734564,5.952916018473006,5.88983316395064,6.720416029662839,300.778076171875,299.5370830049019,299.408185589076,299.453857421875,299.0778207217946,,300.5963439941406,294.9960327148437,298.75810134323734,301.14752197265625,100993.359375,101266.2662538447,101075.55334989853,100170.90625,96337.38097426471,,95958.46875000001,89871.1875,92760.24995358376,94498.09375000003,0.0001373371196677,0.00042534994152600483,0.00035821776859712705,0.0001793035189621,8.671891255824664e-05,,1.8117900253855627e-05,9.821740968618542e-05,1.6835406089565636e-06,3.814651790889912e-06,300.06853189622774,300.06853189622774,299.9113945688917,299.9113945688917,299.9113945688917,,299.9113945688917,299.9113945688917,299.9113945688917,300.06853189622774,0.3891710042953491,0.37610400613065165,0.3797886952709542,0.3800649046897888,0.32017886813949137,,0.35732197761535645,0.2351672649383545,0.23738933799015632,0.32355803251266485,1.169706724552125,1.1777273240824544,1.176016876909837,1.1653115106996628,1.122123719706733,,1.112064456735633,1.061291412579498,1.0816168321958206,1.0931357538756743,105.0,751.0002000000001,2021.0500000000002,192.79999999999998,79.9,,91.465,100.52,723.75,205.10000000000002
2015-10-01,2015,10,NE,2443.732998564059,4362.7852,9896.937156031843,62217.85409849258,78652.59878955,0.0,56.013140380233686,24.691810810122075,3.927703766021184,92.19999999999982,4,9.074172568989434,10.50313713775214,9.78999205606896,8.21515663610061,6.430682914530828,,7.434440585454938,6.21097445175306,6.2532860340953205,6.289752407031036,301.0830078125,299.75222471648397,299.71720647690177,299.89355468749994,300.1673727596507,,301.5672607421875,296.25115966796875,299.63323109849887,301.8957824707031,100941.6796875,101217.84328296034,101023.23506605576,100118.71874999997,96263.11994485294,,95885.28125,89820.0,92715.21270260395,94439.40624999999,4.863959475187585e-05,0.00015290905623304785,0.0002128231739662404,0.0001401913032168,0.00011866848516918823,,3.051364910788834e-05,0.0004195660585537,0.0004187078019497826,0.00011157129483759999,300.2229462598574,300.2229462598574,300.1300386539733,300.1300386539733,300.1300386539733,,300.1300386539733,300.1300386539733,300.1300386539733,300.2229462598574,0.3952842354774475,0.37295302208155023,0.38957019537427723,0.3901926279067993,0.33007375107092013,,0.3707212209701538,0.259843647480011,0.2650452508776566,0.3370805382728576,1.1679241171269792,1.1763193038601873,1.1741967218627183,1.1629967376317538,1.117188783988964,,1.1076386474186,1.0561931267838776,1.0779333566337708,1.089749171123114,105.0,751.0002000000001,2072.3500000000004,192.79999999999998,79.9,,91.465,100.52,778.15,205.10000000000002
2015-11-01,2015,11,NE,2048.919154452584,4409.1852,10172.925130841471,62105.01207995367,77974.27125017,0.0,46.46933756496741,20.140904686704435,3.299120450721136,46.39999999999964,4,8.471277180944274,9.041284647774443,8.573554639175574,7.137974818371064,4.817643536339635,,5.281655254767909,4.655018045207921,3.8190982729868663,5.4560896071574945,301.2129821777344,300.0577973801052,300.1722627952377,300.55575561523443,302.503028420841,,303.5868835449219,297.6439208984375,300.3093647660322,302.4847106933593,100808.7578125,101067.01987930563,100850.90707179501,99944.796875,96014.06066176471,,95634.84375,89616.125,92493.67965326416,94261.99999999997,0.0001182611013064,0.00038093869146618383,0.0001904788900350707,0.00016594355111010004,2.5691526442482e-05,,5.341257201507688e-05,0.0011290826369076,0.0023948491944114367,5.435427010525018e-05,300.65619612848366,300.65619612848366,300.5632475199497,300.5632475199497,300.5632475199497,,300.5632475199497,300.5632475199497,300.5632475199497,300.65619612848366,0.3665094971656799,0.31915547904539027,0.34070231175599264,0.3408721685409546,0.28279055917964263,,0.3030914664268493,0.1966331005096435,0.1789431642982009,0.2936304807662964,1.1658828736350555,1.1733702261726457,1.1704176694263628,1.1584185034262957,1.1056946747349534,,1.0973963060720664,1.0488647487787215,1.0729347688799296,1.085584334532142,105.0,751.0002000000001,2072.3500000000004,192.79999999999998,79.9,,124.36500000000001,100.52,778.15,205.10000000000002
2015-12-01,2015,12,NE,2251.6525668372715,4564.9852,10087.10232789414,62313.923861908064,78494.16943258,0.0,49.32442205589783,22.32209502436309,3.613401993151785,155.80000000000018,4,8.09954223129096,8.699593652695805,8.180099355477688,6.851985907659646,5.611516125516689,,5.987644835326655,5.412421624603783,4.865628720069939,5.404614161598815,301.3471374511719,300.2994322632665,300.4319331114711,300.7758178710937,301.49379954618564,,302.2016800405873,297.9579299052288,300.2878067484278,302.30636596679693,100926.640625,101173.5952286822,100955.45639238817,100053.17187499999,96180.32398897059,,95179.7904233206,90210.97093357341,92649.27603731607,94398.37500000001,0.0011072289198637,0.001867728606222103,0.0012849914687510875,0.0009307912550866002,0.0003496684726354589,,0.0002966305570356499,0.00047877756835918773,0.0007472293506362949,0.0006370688788592001,301.16770761602174,301.16770761602174,301.14268407753326,301.14268407753326,301.14268407753326,,301.14268407753326,301.14268407753326,301.14268407753326,301.16770761602174,0.3485614061355591,0.3059517539129648,0.32828866479871216,0.3313064575195312,0.3001714243608362,,0.31013447065459937,0.2327213418874644,0.20439459275963417,0.2878252267837524,1.1667265822668602,1.1736622676856858,1.17061829836039,1.1588261583884798,1.111316994757044,,1.097159193938268,1.054700802000555,1.074816609501514,1.0877962841427828,105.0,751.0002000000001,2072.3500000000004,192.79999999999998,79.9,,250.165,130.51999999999998,778.15,205.10000000000002
2016-01-01,2016,1,NE,1173.7266379033467,5322.430200000001,9582.803545464129,62539.325995520965,77878.29491211,1221.3669520966537,22.052457125757076,12.248259419435897,1.876781719693315,757.4450000000006,1,5.418689535849947,5.646249260111377,5.715113317850728,4.828646117787571,3.9244179645169273,,2.477139232212144,2.5970387274736453,1.9134039600829549,3.540306034969626,300.3344116210937,299.7632571733985,299.98514083165384,300.01116943359375,298.0535263227942,,298.6652130028069,295.4620749274536,297.1737161368245,298.70568847656256,100918.5234375,101129.14152335022,100878.01368577637,99976.5625,94093.43164879661,,94852.20151169537,90141.43012565123,92638.28598843081,94411.25,0.0069208480417728,0.010176880975447168,0.005000110916547203,0.004207618534564901,0.003154102993561463,,0.00975355509564508,0.013757353602305431,0.014601055052150654,0.010061927139759001,301.3991922310094,301.3991922310094,301.36124447296,301.36124447296,301.36124447296,,301.36124447296,301.36124447296,301.36124447296,301.3991922310094,0.2336006760597229,0.20076565694769125,0.22426971941801657,0.22830790281295774,0.2008639982954202,,0.16315352782774503,0.14339036620762902,0.1274533845749153,0.18028664588928223,1.1705666250097142,1.1752447319896013,1.1714598417065176,1.1608901379588927,1.0997225300106979,,1.106325802368915,1.0627902594090433,1.0859497070624649,1.1010590217142604,105.0,772.0002000000002,2072.3500000000004,192.79999999999998,352.54499999999996,,310.16499999999996,130.51999999999998,878.95,385.09999999999997
2016-02-01,2016,2,NE,2111.750530169813,5675.530199999999,9926.127435916696,66455.46198791241,82001.66826536,442.238059830187,37.20798684446808,21.274666719758763,3.177692949533508,353.09999999999854,1,6.024877294592549,6.917413871943471,7.410886628660394,6.512011098116362,5.330209581364468,,5.654641504057185,4.990787278764487,4.4859343656259,5.342319209394032,300.2708435058594,299.9076849104331,300.30746683915066,300.0344441613072,298.0570442353249,,299.029067735909,295.85228136058527,298.17708248800506,299.37504312480405,100907.5,101120.65066065558,100865.42759665207,99084.66959597434,94145.9416488498,,94838.7288131311,90235.84234216978,92742.96487268191,94450.09804953421,0.0071058757603168,0.008936371216771516,0.004303006975171715,0.0023639053799094103,0.0010776797956479464,,0.0007958459575930504,0.0006311357145060666,0.0004881415257029162,0.0016552335749934473,301.53436971474895,301.53436971474895,301.76150638546187,301.76150638546187,301.76150638546187,,301.76150638546187,301.76150638546187,301.76150638546187,301.53436971474895,0.2456271052360534,0.24397169734664426,0.28651004446531597,0.303275230398256,0.25702924605158717,,0.25215095678830907,0.1983338276959254,0.17071117188405774,0.2367110924454241,1.1706865476913837,1.1745800534418407,1.1700561061589545,1.1504378142802498,1.1003192793700538,,1.1048199056858108,1.0625022241239048,1.0835190690642662,1.0990491430139973,105.0,772.0002000000002,2072.3500000000004,342.79999999999995,352.54499999999996,,340.16499999999996,130.51999999999998,878.95,558.2
2016-03-01,2016,3,NE,2077.4435551041934,5949.6302,10379.101646503172,65070.33554594775,79795.39729427,599.8900348958064,34.9171878800836,20.01563936705549,3.1926123289117823,274.1000000000004,1,5.351116877174062,6.247730527695678,7.314875108839239,6.474632479917917,5.190414864936488,,5.953019132222165,5.385747380510356,5.117188082078367,4.302805483366135,300.6537780761719,300.53783455075103,301.0891739239504,300.9854186574415,298.62978579110774,,301.0198539029743,296.6280719033421,299.03394365251125,299.98827502796945,100938.640625,101142.43087606157,100881.36800963429,98897.17927968272,94166.01898738105,,94831.66679773049,90255.16645916335,92808.8654255826,94468.40476494635,0.0061873979866504,0.00554122562368677,0.002675679572420712,0.001653973373490066,0.0011039713866585173,,0.0002729116289906032,0.00024575617480219537,0.00012650188277513443,0.003919026714701551,301.94101897199295,301.94101897199295,302.15027276247986,302.15027276247986,302.15027276247986,,302.15027276247986,302.15027276247986,302.15027276247986,301.94101897199295,0.2176878452301025,0.21753780054017105,0.2885948054565635,0.31729561419911617,0.2588254656878791,,0.2790713696213598,0.21767424835663354,0.2020472238937926,0.19993286539110897,1.1695562962918649,1.1723697090813054,1.1672034981376982,1.1446385320617225,1.0984414493101373,,1.097432242449017,1.0599494798375595,1.0811823628428476,1.09701501014252,105.0,799.0002000000001,2072.3500000000004,390.8,352.54499999999996,,340.16499999999996,130.51999999999998,1049.15,587.0999999999999
2016-04-01,2016,4,NE,2411.463950851833,6144.9802,9747.009518051542,63913.280750247,79893.50642798,353.7771391481669,39.24282702899243,24.74055192401097,3.773024827617715,195.3500000000004,2,5.6053992447175744,7.011505712520076,7.951119471244626,6.912480233392667,5.688112637757009,,6.620998032088793,5.743986948179002,5.6091403881586785,5.907020018435199,300.7629699707031,300.4851186102888,300.5460992235342,299.95862900208084,297.81315291490387,,300.459048994632,295.56405369357907,298.34691143900346,299.90025192763005,100844.0390625,101057.49458514998,100814.92939853911,98682.43083581139,94131.11815601555,,94953.49101743166,90228.1978911278,92790.29695341169,94411.03469069238,0.0066062025725841,0.013139710358706001,0.004712490013790842,0.002129325634279998,0.0008079396383872236,,0.00015824927304975515,0.00023207887986381368,5.298130211129594e-05,0.0006175017831473595,302.05823990283136,302.05823990283136,302.0904799972193,302.0904799972193,302.0904799972193,,302.0904799972193,302.0904799972193,302.0904799972193,302.05823990283136,0.2287014126777649,0.2534954281223808,0.3072165292862554,0.3284877811130469,0.27796073555718115,,0.31069385289619933,0.2320094058347778,0.2204274749929705,0.26856196389624326,1.1680359574126902,1.1715907021418437,1.1685409430285958,1.146059064292705,1.1010466287648453,,1.1008934311671752,1.063447487673385,1.0834560767838228,1.0966706550330212,105.0,826.0002000000002,2072.3500000000004,470.8,352.54499999999996,,398.915,130.51999999999998,1049.15,616.7
2016-05-01,2016,5,NE,2534.648410032231,6287.9802,10059.764106717945,59306.55379220451,71844.53199999,294.942679967769,40.30942098119569,25.195903036529295,4.273808285865019,143.0,2,6.079220661297748,7.463217455501566,7.377220662542664,6.418738132492063,4.937169469892472,,6.515143522833756,5.546007039324612,5.238865025362024,6.676262978617336,301.0534973144531,300.65195609005815,300.1743702615618,299.39485211238673,296.6410554796785,,298.77946817444257,296.04234128338055,296.86279720511294,300.0240722329646,101029.4453125,101246.85817188272,101020.09544037413,98879.89910790142,94317.16111196799,,95082.03080119313,91879.33547391913,92986.79373883025,94598.15636148042,0.0018482289742678,0.0021920965878001746,0.004146759724099483,0.004484217418492214,0.0016471705456930295,,0.0005847018906951241,0.00018666050259033253,4.900445224704411e-05,0.0005249557825997838,301.90236460053336,301.90236460053336,301.69098031581854,301.69098031581854,301.69098031581854,,301.69098031581854,301.69098031581854,301.69098031581854,301.90236460053336,0.2482222318649292,0.26138569637321135,0.287729184631617,0.29732272993637116,0.236607381189738,,0.3015787852714708,0.22337842768010252,0.2029005485154116,0.31824454556451687,1.1690541747722236,1.1731347462001405,1.1723693860312534,1.1505106726353396,1.1075849406592717,,1.1085796551224005,1.0810574302155884,1.091179125855068,1.0983907245149054,105.0,841.0002000000002,2072.3500000000004,470.8,352.54499999999996,,428.915,228.51999999999998,1049.15,616.7
2016-06-01,2016,6,NE,3049.8182587779306,6612.145199999999,9808.76987916414,58865.98097361101,71565.31999997,0.0,46.12449010916958,31.092770004283377,5.180952068300929,324.16499999999905,2,6.478934287299373,8.353090990784983,8.255334120853627,7.245729377703173,5.286922813408215,,6.659363820273945,5.553605907292658,5.003694298401729,7.165364225622842,301.1788635253906,300.4474409229855,299.65451164440856,298.99874911636454,295.56622539756455,,297.1211891484266,295.1094783420385,295.82546670442196,298.5443545360513,101136.8203125,101367.11402625109,101148.64381788885,99018.28132965168,94185.93019916135,,95236.82381051607,92013.0042884649,93133.16966338822,94736.93650174316,0.0007667741738259,0.0016446824018337698,0.002151252119937874,0.0009740515914329821,0.0005444279802036916,,0.000364334107921467,0.0002820562660916413,0.0003443770676101454,7.229366031281233e-05,301.4408297818097,301.4408297818097,301.0872309568217,301.0872309568217,301.0872309568217,,301.0872309568217,301.0872309568217,301.0872309568217,301.4408297818097,0.2782332897186279,0.3006883115295741,0.32595767271064185,0.34483290042731357,0.26023947849553764,,0.3043911681832485,0.22852362193390208,0.20039963267844071,0.35373692807684226,1.169809518066462,1.1753279005748836,1.1758979737247146,1.1536537564544762,1.1100760086663397,,1.1165814363347768,1.0860523740765418,1.0967283462070951,1.105454189663502,105.0,841.0002000000002,2217.5499999999997,470.8,531.51,,428.915,228.51999999999998,1049.15,616.7
2016-07-01,2016,7,NE,3600.4152741900944,6716.0502,9553.558733868133,58073.64201747193,70932.67199999001,0.0,53.60911796326499,37.68663986359694,6.199740793089712,103.90500000000064,3,6.798501467821303,9.429980513593643,9.643301544974678,8.441935374240895,6.19619611042137,,7.241379084310125,6.311847704272802,5.920274123228875,8.512939297499415,300.7694091796875,299.93407135345313,299.31910954940065,298.9697755669373,294.6676669010712,,296.51402264197895,293.9808219590497,294.793476864258,298.12555067230323,101088.640625,101325.79417116592,101115.70190673294,98985.95510301615,94138.49670120643,,95241.18057482256,92007.01938561175,93132.39432926358,94712.82509729205,0.0003414218081161,0.0010395697692478342,0.0006042466195823967,0.0001405673105191294,0.0007276588131279043,,0.00027178139434979676,0.00023621010651584626,0.00020363529417161496,9.855876564458214e-06,300.42465448693974,300.42465448693974,300.15917909099306,300.15917909099306,300.15917909099306,,300.15917909099306,300.15917909099306,300.15917909099306,300.42465448693974,0.2990028262138366,0.33780266574616535,0.37825822870831055,0.403194687026177,0.28620786981411567,,0.3307713084306323,0.2606652194995002,0.23386814774761538,0.4026575591085949,1.1708440116835208,1.176859731990335,1.1768336706234785,1.1533884102940382,1.1129017838365445,,1.1189186825845512,1.0901470132401587,1.100559336701537,1.106725400096763,105.0,841.0002000000002,2267.95,470.8,585.015,,428.915,228.51999999999998,1049.15,616.7
2016-08-01,2016,8,NE,3773.899327953857,6898.7502,9669.979807657674,59727.321145161935,72307.93999998001,0.0,54.704101736483466,39.02696182431839,6.318547786165951,182.70000000000076,3,8.095478134367646,10.145698545192696,9.801980458853095,8.564962973156913,6.1279930992885685,,7.067897586427722,6.405651913242034,6.0617910129565855,8.145960137641255,300.89923095703125,299.7324957307475,299.3573829666522,299.1869881621665,295.0772718335977,,297.11836823496276,295.01135720777654,296.2722519301222,299.34720106408156,101064.8984375,101316.86254264678,101119.35264476867,98925.95950078931,94113.05567164942,,95191.0703752492,91948.76535970595,93047.42539704761,94656.45867013463,0.0001058655907399,0.00035461969569523815,0.0002910479562978295,0.00011418159397270316,0.00038226928190699923,,0.000285105575940104,0.00021764811790085772,8.381996745365205e-05,2.5169693590597308e-06,300.05556686743614,300.05556686743614,299.8228205900853,299.8228205900853,299.8228205900853,,299.8228205900853,299.8228205900853,299.8228205900853,300.05556686743614,0.3528488874435425,0.36058279162897466,0.3878691606789781,0.41658491550135457,0.28955150447727207,,0.31901016578167035,0.2656586228204904,0.24780281992014971,0.3868018453387489,1.1700639840072018,1.1775477712569387,1.1767260643242763,1.1518511539633294,1.111054118466909,,1.1160557388890833,1.0856550675206713,1.0940672459433023,1.1015528629304663,105.0,958.0002000000002,2267.95,506.8,585.015,,428.915,228.51999999999998,1049.15,646.4
2016-09-01,2016,9,NE,3997.868523816708,6966.8502,9897.171191663874,60201.419268054,73423.97399998,0.0,57.38416083378265,40.3940524660623,6.640821051104662,68.09999999999945,3,8.555768796711194,10.3228431428881,10.096322490676268,8.886668373813109,6.346300242047642,,7.091745768982869,6.359220907491233,6.03446582730311,6.960383309573177,300.9964599609375,299.708099113665,299.5699360075954,299.69695168173774,296.25999173802364,,298.6005566568758,295.68845137067467,296.930097813441,301.0294832286269,101013.8046875,101270.69186176515,101068.30929785882,98865.03465370955,94042.77301223046,,95086.3578371443,91864.00927708735,92953.04270838297,94563.48172087716,6.962020415812731e-05,0.00024643564602041797,0.0002344922860574918,9.059701950564244e-05,0.0002984259377429064,,0.0001596915580054601,0.000988425691968215,0.0006880574326524633,5.345857393741869e-05,300.07997950561287,300.07997950561287,299.8991463457874,299.8991463457874,299.8991463457874,,299.8991463457874,299.8991463457874,299.8991463457874,300.07997950561287,0.3730292320251465,0.3682392275428715,0.40096078770065824,0.4385898369640088,0.311240557307273,,0.3357954675206056,0.2710835568733355,0.2501365703150899,0.35959370975557825,1.169094686265692,1.177107076635251,1.1752984215547047,1.1491861074490393,1.105789835282599,,1.109295198550814,1.0821681739293598,1.0905358801090996,1.094320915686339,105.0,958.0002000000002,2346.5499999999997,506.8,585.015,,428.915,228.51999999999998,1049.15,646.4
2016-10-01,2016,10,NE,3792.440787631156,7114.3402,10175.111861370176,60994.308961300645,79604.79399999,0.0,53.30699237058069,37.27173557697349,6.217696129711649,147.48999999999978,4,7.540139714925933,10.131227118228628,9.816467348437282,8.605638719735266,6.352779177841324,,6.4666575501219645,5.85726245942444,5.507798290438837,5.92030762234717,301.53058492483854,300.1486276832773,300.1264689847622,300.36898259356343,297.64354732251917,,300.10582783235463,297.2846126492963,298.39306345411825,302.27818174173314,98739.96270256297,101064.37548530623,100863.38963166828,98664.75347770323,93828.17989255616,,94841.88557865488,91642.32938036059,92722.79580113963,94349.57423325338,0.00018386949281318801,0.0003543886918928199,0.0002885383320932967,0.00010190342645575014,0.00021996735775565746,,0.0006446960923202679,0.0016331091298938808,0.0010230176575448018,0.0001370931403907767,300.51365942265846,300.51365942265846,300.36489029378953,300.36489029378953,300.36489029378953,,300.36489029378953,300.36489029378953,300.36489029378953,300.51365942265846,0.34573267926045803,0.3601314737406364,0.3921607175787429,0.4300416716930897,0.33036020703211116,,0.32364687689919636,0.25954495006531564,0.25211591086214696,0.3265963288042509,1.140757597261191,1.172984887434348,1.1707411668058094,1.144290204963343,1.098137622853745,,1.1008931059322578,1.0737580968996965,1.082500161144288,1.0873351321855556,190.99,958.0002000000002,2397.5499999999997,506.8,585.015,,428.915,228.51999999999998,1049.15,646.4
2016-11-01,2016,11,NE,3731.158613885597,7264.760200000001,10214.075152636402,61320.027540973664,77683.41999999,0.0,51.35969407339277,36.529578626827806,6.084730818805421,150.42000000000098,4,7.197681477587741,9.880573706081908,9.528240053210075,8.412926645208172,6.166735939177784,,6.1024724480890615,5.236057019699736,4.635446083400899,5.350202179894339,301.652497752012,300.3444517322063,300.4451318452013,300.84469043277056,298.35509852023523,,300.2845376638178,296.9673038417897,297.6782577182318,302.4924032050784,97863.43699602394,100982.076946825,100777.87258559818,98577.55517462507,93726.36345382172,,94744.99649624634,91561.69840714161,92647.03733215579,94265.16758682701,0.00013067808514254865,0.0004177753188563943,0.0002915368362781216,0.0001760538483422038,0.00019861259141663247,,0.0009189779670849817,0.002837911253016077,0.005423524760422439,0.0002830115012023506,300.74438159447146,300.74438159447146,300.60314954011756,300.60314954011756,300.60314954011756,,300.60314954011756,300.60314954011756,300.60314954011756,300.74438159447146,0.33922234465634604,0.35437541311803145,0.38553396292042513,0.4293621687693396,0.3227638928250161,,0.3032292602463365,0.22908728338260273,0.21110903651597399,0.30189780377331044,1.1301694725697553,1.1712655005600816,1.1685087260734057,1.1414711967493156,1.09432975254211,,1.099114489071082,1.0739646035850565,1.0842127124007372,1.0855930344392553,269.10999999999996,976.9002000000002,2450.95,506.8,585.015,,428.915,228.51999999999998,1049.15,646.4
2016-12-01,2016,12,NE,3264.737505078898,7376.760200000001,10214.778135749932,62398.27269986387,77686.079,54.80458492110256,44.25706430146526,31.96092427747293,5.232095960063363,112.0,4,5.657049034442626,8.111455463117355,8.418011591677457,7.341366169268275,5.585122544223662,,5.460079514139176,4.683412638188612,4.069536584976154,4.60895526532247,300.93556246775756,300.40251863722307,300.6299931838057,300.9806674105449,298.47869001335914,,300.8317086995874,297.56557092411225,297.6781436706552,301.4978221666694,97906.16598115083,100989.30560259635,100759.45335956773,98719.58015126559,93707.28241877345,,94735.10843895351,91564.20655741292,92667.84882181411,94292.38417098545,0.0012858075819520624,0.001437522391085878,0.0006343683599680276,0.00037570415697543653,0.0004996237268350485,,0.0006445992607770938,0.001982376744223048,0.0037215635291567625,0.0009682876757999187,301.10459521167377,301.10459521167377,301.0049696132212,301.0049696132212,301.0049696132212,,301.0049696132212,301.0049696132212,301.0049696132212,301.10459521167377,0.2707042593314741,0.2946025682449936,0.34673499715163475,0.38137679130624297,0.3019790475541073,,0.29018984983813484,0.21700009641558862,0.19245874587115697,0.27385434094300065,1.1333324397695816,1.1711225877955815,1.1675765190893233,1.1425978814175806,1.0936539474578817,,1.0970000986019857,1.0718345176413646,1.0844560166716888,1.089488843372048,269.10999999999996,976.9002000000002,2492.95,576.8,585.015,,428.915,228.51999999999998,1049.15,646.4
2017-01-01,2017,1,NE,3053.4954435452955,7601.760200000001,10502.294361556817,66457.75632809097,80742.62599998,367.2966464547048,40.16826844321261,29.074555886782992,4.594641186004975,225.0,1,4.671607120088099,6.899298731510914,8.015102860023164,6.866615615410688,5.302888369341625,,6.0483050061301356,5.0758583748365655,5.047213698304376,3.621904044650886,300.3160655998447,300.1218745639548,300.6107450603761,301.02552527550057,298.2730350885789,,301.4056676536864,298.65447915783494,299.3876665666663,300.4900779254084,97976.33525324216,101046.24024100794,100786.88553528335,98632.87077217009,93746.4801530196,,94760.89867966264,91577.24251706633,92660.88326487517,94353.231573619,0.0037177509079983862,0.004592099363813213,0.0014870150760958412,0.0006929247829776108,0.0004960302894479465,,0.00013104356947935488,0.00024161659779723917,0.0003962950127978385,0.0024330807718827134,301.3594292240681,301.3594292240681,301.2043720977864,301.2043720977864,301.2043720977864,,301.2043720977864,301.2043720977864,301.2043720977864,301.3594292240681,0.22148416340982344,0.24927246864672986,0.3284312804702262,0.36036672755246013,0.28206001059664204,,0.2950842098026445,0.2244393820418757,0.21335443157614087,0.2090011185330894,1.1364773497211762,1.1728782932584947,1.167968632719893,1.1414285217870348,1.0948659751362395,,1.0952089996147887,1.0680806145539614,1.078182525888682,1.093848361461926,269.10999999999996,995.8002000000001,2522.35,660.8,585.015,,428.915,228.51999999999998,1049.15,722.3
2017-02-01,2017,2,NE,2653.1424032707737,7612.5602,10535.212052947129,68293.32553345358,85305.844,772.5096867292264,34.85216975060209,25.183569062841805,3.884921963525013,10.799999999999272,1,3.6805685908397803,5.895139275655244,7.196192470789279,6.083892393337055,5.16351692649696,,5.566528944059947,4.502840159710689,4.507440342144746,3.133741224201768,299.18759426303916,299.8428859145686,300.4639698926074,300.39546401275555,298.6409413436243,,300.81114734800724,297.7848472708728,297.8298133142171,299.2139503577236,97972.65543016794,101026.41075706,100757.13896087727,98610.9992433414,93709.53979759067,,94747.63961318093,91576.00017503939,92682.36562142569,94349.69834642808,0.010961027990844287,0.007711714629580887,0.004085759400107621,0.004638084539124294,0.000579551639031278,,0.0007963852564029137,0.0016424879602078084,0.0028265575146907175,0.0029616811821461236,301.5478806607321,301.5478806607321,301.5896234958107,301.5896234958107,301.5896234958107,,301.5896234958107,301.5896234958107,301.5896234958107,301.5478806607321,0.18386855470417005,0.21960929019876949,0.29258844316269184,0.30939258126311964,0.27581209010597313,,0.27452093463350197,0.2085462324927697,0.19952839931961985,0.19202120574280182,1.140697020486755,1.1737389918849712,1.1681927709757236,1.143559232766769,1.0930867764140777,,1.0972198826886645,1.071192781604301,1.0840729093876575,1.0984723052459855,269.10999999999996,995.8002000000001,2522.35,660.8,585.015,,428.915,228.51999999999998,1049.15,722.3
2017-03-01,2017,3,NE,1998.4319865560349,7660.860199999999,10768.35364784738,67264.44021370872,83243.575,1448.9551034439648,26.086260999202608,18.558379970697995,2.9710081288222003,48.29999999999927,1,3.058325736221752,4.859613912560928,6.115235560941202,5.159061695363114,4.354109652391363,,5.04961643149727,4.222157143713275,4.336025522308028,3.029425962125423,298.60818458991747,299.7063662945762,300.38636062461455,300.1152541227548,298.7934645798532,,300.6615740243977,298.20911015250647,298.93379602992655,298.30362199754416,98003.40619426072,101050.94888937373,100763.54549465279,98622.48266305994,93709.26142598905,,94758.76138592436,91575.54829993,92660.2684193752,94378.97623637329,0.012141109792110218,0.009190638438525372,0.004411535860014012,0.002648336243179754,0.0009561193126290022,,0.00191719306542175,0.0014604432150931985,0.0025216425791178606,0.008349021304397755,301.74602471593016,301.74602471593016,301.95429327021674,301.95429327021674,301.95429327021674,,301.95429327021674,301.95429327021674,301.95429327021674,301.74602471593016,0.15210814382057963,0.17933063071868335,0.2434871977352988,0.25437202017763333,0.23827788152426777,,0.24885880530284216,0.1910616226524307,0.18709654439559728,0.16223192485175653,1.1432561240777208,1.1745588189364309,1.168568159988806,1.1447583649714614,1.0925257371065216,,1.0978943376707744,1.0696604952104438,1.079812334945669,1.1021670820070555,269.10999999999996,995.8002000000001,2522.35,660.8,585.015,,428.915,228.51999999999998,1049.15,752.1999999999999
2017-04-01,2017,4,NE,2699.456002774611,7738.860199999999,10364.334584719583,61890.29415277833,77750.95999997,783.0310872253885,34.88182927473753,26.045627731417422,4.361679064104802,78.0,2,3.2705854602173186,5.704962444417628,6.911324494839042,5.916282721002203,4.904625695546048,,6.473732987178434,5.342366289225304,5.2657589006056265,5.1693743675261725,299.1831905292271,300.22412641617535,300.44570876900065,300.12853021136783,297.73693506572386,,299.6665957866331,297.4104568532192,297.17140877523764,299.09993326543344,98014.82650333506,101059.22958058665,100789.91199733753,98650.14452179175,93783.39964092802,,94858.36664242916,91667.2702279888,92790.16178736955,94427.04493675825,0.0072411960952601055,0.00836025530703834,0.004677809007185695,0.0021938276723800177,0.001476747538305052,,0.0013306010620160486,0.001045654897894125,0.0008147372762811736,0.0028123600190873657,302.0419278467566,302.0419278467566,302.1067590139167,302.1067590139167,302.1067590139167,,302.1067590139167,302.1067590139167,302.1067590139167,302.0419278467566,0.15557577602618164,0.20784271331540094,0.2737685887509253,0.2940890066343704,0.2478364167599139,,0.3021918280535476,0.22727589922946195,0.20810680012909058,0.23442672502242487,1.1411903507503747,1.172629289325473,1.1686414366655475,1.1450397688744733,1.0972723631606096,,1.1026978032827337,1.0736010719097293,1.0877403485230146,1.0997918934883812,269.10999999999996,1025.5002000000002,2522.35,660.8,585.015,,428.915,228.51999999999998,1049.15,800.5
2017-05-01,2017,5,NE,2880.24271370664,7768.5602,10271.39256585824,60535.95738024225,73199.0657,615.6093762933601,37.07563099925054,28.04140427151493,4.75790396047605,29.700000000000728,2,4.023649042080661,6.532915167924166,6.95450070604934,5.941222498850739,4.791961993256872,,6.8237512168627745,5.574426020427262,5.287827195234056,6.752283334015901,299.55472786993283,300.4880944517893,300.4408339782917,299.98004772934445,296.5909861853689,,298.55680110634285,296.33667433418367,296.35584992841115,299.5019688889207,98084.49260525435,101138.22534012681,100893.43089594647,98755.25604381051,93895.20843242265,,94988.60885825277,91782.54225013127,92914.69706726873,94527.33888585259,0.0033386598846107357,0.005302282117858552,0.003166530991044809,0.0032090998135482244,0.0033751201363757476,,0.0004940767929977193,0.00032860348620179856,0.00028646848115859453,0.0007552352040216596,301.87560022345355,301.87560022345355,301.75693414136254,301.75693414136254,301.75693414136254,,301.75693414136254,301.75693414136254,301.75693414136254,301.87560022345355,0.17974136535160368,0.23311083683690284,0.28019331605034525,0.29432837419735025,0.24674129045785065,,0.32193724656390466,0.24366794901388275,0.2252398444257166,0.3268786679722978,1.1405887709049298,1.172515006218879,1.1698610743360147,1.146823660019165,1.1028270954112886,,1.1083164062755682,1.078843602565012,1.0921976829105244,1.0994819051707714,269.10999999999996,1055.2002,2522.35,660.8,585.015,,428.915,228.51999999999998,1049.15,800.5
2017-06-01,2017,6,NE,3835.30063333025,7823.5602,9900.80102083086,59572.50837638833,73417.805,0.0,49.02244675423154,38.73727615837287,6.438037843057115,55.0,2,5.332723803950899,8.019546900451939,8.194534939688568,7.226479135142003,5.809772409189623,,7.487452328958113,6.468793208166228,6.073884602459686,8.510710725389913,300.20759001278225,300.45713613882674,299.917064130632,298.9492803762958,294.96608235631174,,297.0530488512376,294.69537016983605,295.1739163445511,297.8951226988568,98144.53560927686,101218.29444485984,101000.93879501629,98866.35510933718,94031.52917259601,,95152.3062247182,91934.90277656223,93081.65807960612,94662.87525204559,0.00035854412884828304,0.0024860730924054033,0.0028692728934558097,0.0020616845829303674,0.0014259579998310685,,0.00036640108303220777,0.00023056238441171092,0.0002112849054396444,0.00018790926712697434,301.4842063942767,301.4842063942767,301.18276609216286,301.18276609216286,301.18276609216286,,301.18276609216286,301.18276609216286,301.18276609216286,301.4842063942767,0.23203983886651833,0.2901230867592098,0.3266878563830747,0.33769319316521107,0.27266512303984325,,0.35186286608670847,0.2726038404757184,0.24346923224891795,0.40014364910292943,1.1388111081337284,1.1735645241838153,1.1731533981548417,1.1520606495223298,1.110515536652684,,1.1158462081359757,1.0866518915653443,1.0985418008448091,1.1069979668784171,269.10999999999996,1055.2002,2522.35,660.8,585.015,,428.915,228.51999999999998,1049.15,855.4999999999999
2017-07-01,2017,7,NE,4577.0337970394485,8090.2252,9408.810325265646,57752.44949193581,71147.46799998,0.0,56.57486267550931,48.64625429581313,7.925263494977052,266.665,3,5.861145318219117,8.218302117013687,8.923980555688402,8.002512847333437,7.306527852196873,,8.624249379893394,7.517343213890044,7.100090819113766,9.81930155881764,300.2036588551949,299.96813381234364,298.3802460808804,297.43452141417714,293.01639899461884,,294.9292986453703,292.5301490381722,292.5907714570323,296.55132494825705,98325.72832322285,101417.9760397387,101232.15885758091,99080.03949757869,94256.11574542962,,95411.58550718092,92182.08917162611,93392.84572645117,94859.29650690225,0.000252909570948792,0.0015963617397660454,0.005427159581373554,0.0029442893771328134,0.0030440609257851264,,0.00044917724367182207,0.00026864756149198946,0.0004440149014224045,0.00012181772821697957,300.64528763389126,300.64528763389126,299.9412597903189,299.9412597903189,299.9412597903189,,299.9412597903189,299.9412597903189,299.9412597903189,300.64528763389126,0.2735983166672138,0.3058726358123069,0.34641996541665393,0.366565602274553,0.3335654970686745,,0.4028962876258564,0.325509068115818,0.30098125580035145,0.47064955303021144,1.140920257758342,1.1777973898572895,1.181894695937981,1.1604374154236865,1.1205731494380773,,1.1269434246626466,1.0976370190361373,1.111944170974511,1.114320790009717,269.10999999999996,1103.5002,2658.115,660.8,585.015,,428.915,228.51999999999998,1049.15,938.1
2017-08-01,2017,8,NE,4741.403096771008,8149.6252,9772.246153088292,59778.32514099516,72615.95300000001,0.0,58.17940065232703,48.51907148565427,7.931642590500446,59.40000000000055,3,6.030589362780976,9.967624859140575,9.511675584876944,8.285846514332425,5.63239084116016,,7.173268645965381,5.783250238230784,5.684992472181711,8.413335503792519,300.52884357142375,299.7122517485697,298.96496697247915,298.6287664085554,294.37986692237837,,296.6345029770254,294.11788439905075,294.1665349061056,298.76312042545317,98168.72286193378,101283.62566266695,101110.95940814736,98949.6025272397,94102.75205042817,,95188.33869800835,91933.33595527743,93063.37306093026,94643.1272573501,3.4852053802964794e-05,0.00024967678236275195,0.0003596757296868279,0.00010556416065025033,0.000989529377108308,,0.00023406126313059303,0.00014653993415123,0.00013148885181730023,2.319510434594544e-05,299.96308223298803,299.96308223298803,299.5696868127183,299.5696868127183,299.5696868127183,,299.5696868127183,299.5696868127183,299.5696868127183,299.96308223298803,0.2718049112975515,0.35347066820286005,0.37082565579752425,0.4003384830227198,0.26639140587817356,,0.33312998670564076,0.2458131984489176,0.23230983852425466,0.39755574027163415,1.137897911635054,1.177241172332356,1.1781725053832706,1.1542799714233725,1.1135675344538187,,1.1178451583897373,1.0887664047067003,1.1020891929513095,1.1035512513380499,269.10999999999996,1103.5002,2658.115,660.8,585.015,,428.915,228.51999999999998,1049.15,1027.2
2017-09-01,2017,9,NE,5752.196387496848,8352.8252,9701.747136107626,61654.829060834,75695.16859997,0.0,68.8652791093587,59.290314484579,9.32967696953832,203.1999999999989,3,6.920267550817135,10.7977042389074,10.552258043629868,9.240831355249481,6.980739914267806,,8.319934487280804,7.507875589586554,6.9866022111102675,9.765943205208064,300.90185603349136,299.72303138505004,299.11853081097365,299.01446189603274,294.6531063928925,,296.23989455632636,294.256486563847,294.99728786962606,298.5449481021864,98142.49839285051,101266.68459516928,101113.84693773244,98955.34648342918,94137.45015806219,,95254.54384865006,92010.6453373884,93276.63900413687,94704.33672173161,2.007244746181252e-05,0.00015734192056853513,0.00039297403203064233,0.0001646775882004736,0.001035053951360023,,0.0005735553185493201,0.0002854987527171172,0.0002711963777917643,6.80134301395622e-05,299.83024156414297,299.83024156414297,299.550868017634,299.550868017634,299.550868017634,,299.550868017634,299.550868017634,299.550868017634,299.83024156414297,0.3138704245994421,0.3843414346512457,0.4155999890334148,0.4541013504561153,0.3317449359448843,,0.39184867926468714,0.3328253198959521,0.3029755942277231,0.46798812464081935,1.136193532810173,1.1770021895123457,1.1776021915450252,1.1528591125600978,1.1129449548454715,,1.1201116599331937,1.0891707334655034,1.1015047617314226,1.105073867522065,269.10999999999996,1103.5002,2658.115,660.8,585.015,,428.915,228.51999999999998,1139.15,1126.7
2017-10-01,2017,10,NE,5253.291768814435,8418.0252,10230.952422608372,62898.68760647645,78671.93999998001,0.0,62.40527491904437,51.34704523897212,8.351989475013342,65.20000000000073,4,7.414618274580076,10.515250064281398,10.043155522720738,8.734370596801886,6.445868544658662,,7.379228920297494,6.637572225223787,6.078547928169859,7.599568170294892,301.2053723098717,299.8568281412472,299.74734142677613,299.95667625224036,296.3298844988008,,299.12839359431837,297.2558693534414,298.098974876737,301.2783165312165,97966.03260051653,101093.39746869922,100913.11895830082,98751.94326006353,93899.00552443098,,94935.44159062691,91699.85703658324,92894.85803024734,94449.07344640273,0.00015477858571012257,0.00046110885329729627,0.0004998673459381285,0.00022479671290854237,0.0005429182255090991,,0.000153495838834908,0.00017884195793225048,0.00011635149850162256,2.5189270298893073e-05,300.09375492418394,300.09375492418394,299.9594145151901,299.9594145151901,299.9594145151901,,299.9594145151901,299.9594145151901,299.9594145151901,300.09375492418394,0.3424184398460466,0.3732872173001848,0.3986164033397797,0.4376904292631957,0.32077466893261103,,0.3489664144918326,0.2902315465869366,0.26126441983193366,0.3795564434988398,1.1330208514685902,1.1744637106612825,1.1727997344890027,1.1468759350117061,1.1038401568347107,,1.1055804307992498,1.0745420248701028,1.0855854183121327,1.0920959335211042,269.10999999999996,1103.5002,2658.115,660.8,585.015,,428.915,228.51999999999998,1139.15,1175.9
2017-11-01,2017,11,NE,4339.187276385722,8601.3252,10371.39263055293,62550.747043056,78570.28999999,0.0,50.44789233623816,41.83803883388789,6.937067071955029,183.29999999999927,4,6.727930748520877,9.610036572789179,9.08803230741366,7.923241356075258,5.671623680652306,,5.5526762906376605,4.609519150964742,4.184247983479599,4.618127016032215,301.15916385206236,300.0838581652381,300.2070229199111,300.4306192467346,297.7984002377927,,300.3365527519598,296.5469576693574,297.27784281118954,301.54553230809415,97880.20613898593,101002.00279468967,100796.7491746677,98629.35387976696,93704.13146831703,,94699.0696493245,91533.11547129354,92722.746484495,94280.43626285215,0.00010455431528056281,0.0002549008842328546,0.00022945467957769718,0.000117092775273573,0.0002459148130586653,,0.0005241990490599136,0.003262768792578234,0.003803761535668821,0.0008981632115085234,300.5976853407606,300.5976853407606,300.56712240060943,300.56712240060943,300.56712240060943,,300.56712240060943,300.56712240060943,300.56712240060943,300.5976853407606,0.3182544903183571,0.34072526943795495,0.36304117250592016,0.4025522689481625,0.29746266886650874,,0.2806943092746951,0.20594155134262476,0.1891893339273263,0.23870772218881794,1.1322104556387527,1.17251372105523,1.169653561294709,1.1436430760838194,1.0961154908204238,,1.0983982385858726,1.0751543311184528,1.0865611947234157,1.0891767296341546,269.10999999999996,1103.5002,2658.115,660.8,585.015,,552.915,228.51999999999998,1139.15,1235.2
2017-12-01,2017,12,NE,3803.2059645151207,8902.625199999999,10462.24134403629,63958.42354296387,78902.52099999,202.9753754848789,42.72005031184646,36.3517322861514,5.946372274107615,301.2999999999993,4,6.169523974724422,8.150479577759477,8.018059866758973,7.017950786484853,5.119285884029748,,4.480798967684593,3.6526639307800206,2.791582629572853,4.346745510299215,301.1751086385411,300.2983614346823,300.51793774060917,300.867587793826,298.61212050894784,,300.6298788812472,296.99950684698535,297.2817452774011,301.39562596080856,97908.90742981496,101002.66946467533,100782.75985921464,98621.08163400425,93700.54908336807,,94694.54802779332,91557.50302758312,92714.44531860379,94312.86182138721,0.0008951373960364027,0.001452068206417437,0.0007710253936794134,0.00035998688073985016,0.00028969669899491554,,0.0011748577107812863,0.00265824498776869,0.00445512819927133,0.0006941293016826998,301.0488002533272,301.0488002533272,301.0539324692879,301.0539324692879,301.0539324692879,,301.0539324692879,301.0539324692879,301.0539324692879,301.0488002533272,0.2915101155297049,0.29251395696876553,0.32913777321439935,0.3718404936588417,0.288134784601917,,0.25621926362526065,0.19049712128660495,0.1622500552953412,0.2364279564924918,1.132473784661869,1.1716838662856797,1.1682818353485642,1.141886051762105,1.0930892632101301,,1.0972749992493236,1.0738380841030912,1.0864479915634135,1.0900943762217339,269.10999999999996,1103.5002,2704.3149999999996,660.8,635.615,,608.915,318.21999999999997,1139.15,1294.0000000000002
2018-01-01,2018,1,NE,3592.284688937997,9181.2252,10540.964911287958,66525.44022748742,83808.69899998,539.2666510620038,39.12641952119851,34.079277553529685,5.399866091308801,278.6000000000022,1,4.7443854677082715,6.722890452618734,7.2373376288757925,6.386930686884798,5.006066669813716,,4.8326018864314655,4.72109909676591,4.061341050669687,3.924991678470342,300.1352161570344,299.9509489167839,300.3569970927017,300.64975323960124,298.08652530961035,,300.34393913419,297.27891671854655,298.04881112366974,299.81086319567,97962.46307968858,101037.41970932018,100794.23342070982,98584.02190353881,93741.35770056362,,94824.94162575081,91618.67676077163,92779.36830545259,94378.59494247774,0.0036263992643309367,0.0034743221382449573,0.001709451371070128,0.0010455481140059406,0.0012220750681288478,,0.0014803669694078351,0.00129489163832673,0.0015719886272230394,0.003142177950495355,301.3463473523679,301.3463473523679,301.3620921193394,301.3620921193394,301.3620921193394,,301.3620921193394,301.3620921193394,301.3620921193394,301.3463473523679,0.2284449476346288,0.24856573175446314,0.2965122052769797,0.33498777677071145,0.2675706294403389,,0.25233671219198095,0.20980653568708585,0.17642068438516784,0.21425594272562362,1.1370021074320862,1.1734442704880268,1.1690402509754603,1.1422849234316097,1.0954935789610425,,1.0998305408894464,1.073556050925939,1.0844100251738495,1.0966191248616866,269.10999999999996,1103.5002,2822.615,700.8,635.615,,641.815,376.2199999999999,1139.15,1323.4000000000003
2018-02-01,2018,2,NE,2428.030007437604,9251.1252,10360.760217259673,66373.08099999964,81135.97399999,1734.9763325623958,26.245780431526367,23.43486343205611,3.658154738119837,69.89999999999782,1,2.5907141666693807,3.653308120276304,5.339586147151024,4.662325150726758,4.268923977600544,,3.596776816034261,3.590466850800167,3.0804377289897418,2.600209818181726,298.51452092616563,299.23143073305954,299.9163401141759,299.8748719550703,297.98025949322596,,299.0923168485229,296.5534577066604,297.0658900886258,298.2165183750041,97978.34899878303,101027.50912668616,100750.87731325209,98540.69327910959,93674.05602497185,,94790.84840866331,91877.59381923587,92735.97869285762,94365.09522583871,0.012745853201734778,0.012870956667269791,0.006710441652211035,0.00441277352561444,0.0018952397625306644,,0.0035611169920202017,0.004221820491362141,0.006985642744182973,0.007700215503224319,301.33313679023206,301.33313679023206,301.51021888121124,301.51021888121124,301.51021888121124,,301.51021888121124,301.51021888121124,301.51021888121124,301.33313679023206,0.14391455038446746,0.14651359033844777,0.22597999596360344,0.25130007844673435,0.2337132203911192,,0.19154077980577638,0.16783742212743277,0.14930778468967984,0.1605992438805072,1.143329463982214,1.1761502159076507,1.1702529699898538,1.1447298008880467,1.095098390368475,,1.1040366817933012,1.0792091808473092,1.0874890127976842,1.1023243624883476,269.10999999999996,1103.5002,2862.515,700.8,635.615,,641.815,406.21999999999997,1139.15,1323.4000000000003
2018-03-01,2018,3,NE,2350.6142647818547,9304.5252,10573.49497042816,68054.39154569936,84248.57299998,1836.422075218146,25.263129652030543,22.231194806977523,3.4540228946186207,53.400000000001455,1,3.6009461691780715,5.348775516526434,5.763038390525862,4.749229069567009,3.504723957890898,,3.033627743730759,2.8728176943693318,2.574674247871922,3.1686542056898768,299.2999797663841,300.1481317407815,300.56017236131,300.2034172859366,298.1030000007702,,299.58251208877135,296.6373063384633,297.33738870105435,298.35614690251697,97988.86248536843,101039.48036503246,100789.27937627584,98583.57427226027,93711.03828378816,,94877.07385422342,91903.96284340997,92753.47678614536,94397.75997903128,0.005405390666296787,0.005551369590017871,0.004391388631004092,0.004628628377534712,0.0019061162692249351,,0.002334670749670916,0.004435677795279421,0.0041810956970609004,0.005350085267130213,302.02332158559216,302.02332158559216,302.0514436965443,302.0514436965443,302.0514436965443,,302.0514436965443,302.0514436965443,302.0514436965443,302.02332158559216,0.16830426632841927,0.1913008215515203,0.23013075070882208,0.2420188618237024,0.21029761105928924,,0.19308080825686594,0.1540337249803188,0.14051810786286978,0.16788824905851227,1.1404486647054557,1.1726970256626756,1.1681903544942902,1.143972107869069,1.0950799270491482,,1.1032308475995891,1.079211535942589,1.0867012475825282,1.102189899382687,269.10999999999996,1103.5002,2887.715,700.8,635.615,,670.015,406.21999999999997,1139.15,1323.4000000000003
2018-04-01,2018,4,NE,3105.203599997097,9365.6252,10367.044936108849,63905.58283610301,78362.969,1109.3277400029024,33.155326352341085,29.9526395335815,4.859049025436373,61.09999999999855,2,2.348191378897555,4.087000237393052,5.624521014236922,4.793131889108855,4.369154575589648,,5.896577384857925,5.399543837473803,5.179421162734773,4.962455259078826,298.53974374814567,299.67022475542836,299.75437255041777,298.98071932938893,296.48511172044994,,298.82103735459594,295.9197336489608,296.6777160976724,297.58271116660563,98076.72617377654,101122.92778759237,100859.18239769396,98721.90195669213,93833.72904318062,,95025.18480603042,92056.50243941089,92954.17978831528,94506.90204917261,0.010172512977656378,0.010464605254209537,0.0064273488882261925,0.003754278460482707,0.0030473988116649356,,0.0008520642254022351,0.0005029478866530256,0.000440027101308817,0.00344533152756604,302.05979169970965,302.05979169970965,301.76448428152264,301.76448428152264,301.76448428152264,,301.76448428152264,301.76448428152264,301.76448428152264,302.05979169970965,0.13807799417364536,0.1780275140330965,0.2335400361043145,0.23644112332633782,0.21758030564223305,,0.2794406691289679,0.228680816530612,0.2103835936494294,0.23024570323989632,1.1443711009397268,1.175537230652109,1.1721417147860396,1.1502586109498336,1.1024971594494697,,1.1077696879387497,1.0836140813546167,1.091476547710124,1.1063326245421827,269.10999999999996,1103.5002,2915.915,733.6999999999999,635.615,,670.015,406.21999999999997,1139.15,1323.4000000000003
2018-05-01,2018,5,NE,4141.923126340618,9570.6252,10193.68760618035,60005.95726080419,75650.17999999001,164.85821365938136,43.27745617225319,40.63223522593928,6.902519875382635,205.0,2,3.349143479844901,5.920417480770448,7.2268749564518595,6.371364229993704,5.362253820328634,,6.947861961549615,5.908094165702299,5.367795914693848,7.07441189352316,299.005409534717,300.1710668756397,299.9250414230007,299.1261054958361,295.8308571050086,,297.8521795456939,296.4189868464035,295.97197078632325,298.14019222412304,98130.3054931069,101182.71416943899,100937.39923317377,98798.69648272457,93943.58863045044,,95157.84281601905,93107.33418204573,93093.0926522105,94594.2797458252,0.004230228791980293,0.006675763949809377,0.0017587570942427847,0.0009822976379810211,0.0010342984207559872,,0.00039470351625685735,0.00037883883401835264,0.0003493167686790929,0.00026969009042276075,301.74373561610867,301.74373561610867,301.3773596397559,301.3773596397559,301.3773596397559,,301.3773596397559,301.3773596397559,301.3773596397559,301.74373561610867,0.15533047669760722,0.218773649105447,0.2905455262158622,0.3075368017612206,0.2566639764470428,,0.3218462823906073,0.25093704952369356,0.22204592675565804,0.32263545772361685,1.1432152277469498,1.174269653263075,1.1723834448257595,1.1505966971603032,1.1062313780014288,,1.1129227690862986,1.0941094932244422,1.0957155180172,1.105285144555308,269.10999999999996,1103.5002,2915.915,733.6999999999999,635.615,,670.015,611.2199999999999,1139.15,1323.4000000000003
2018-06-01,2018,6,NE,5069.340524996389,9690.2252,9852.018283329944,59539.803052780335,72872.55199997,0.0,52.31395989637464,51.45484284752029,8.51420438946122,119.60000000000036,2,4.796988300891179,8.201405584580742,8.507564753585282,7.579752065386721,5.632619323958593,,7.146808888583366,6.36715388387411,5.559638557941564,7.826793618311994,298.974657749586,299.90249826609414,299.31085797739235,298.62399423212685,294.9003205766639,,296.9157095567135,295.33685452121824,294.6131849787817,297.7648485335624,97976.29298745679,101325.59619768377,101114.72387979525,99040.56835611607,94111.6041019328,,95334.96327834079,93271.58847622378,93253.01318993328,94744.95750056676,0.0008769894561225516,0.0022930427467796905,0.0018864373082158414,0.00045612264699675993,0.0007546426648259798,,0.00047835325839727893,0.0003540196086594494,0.0002621715597130284,0.00011112718892495377,300.8105281759676,300.8105281759676,300.50311221163855,300.50311221163855,300.50311221163855,,300.50311221163855,300.50311221163855,300.50311221163855,300.8105281759676,0.20555173182123784,0.2940326243927997,0.3367169301607725,0.36674607850485946,0.266513828964548,,0.3278467212938666,0.2654251004423108,0.21789481433078442,0.3630882208803477,1.1415395032684528,1.176981119498028,1.1768534580691346,1.1553557850883358,1.1117064197276905,,1.1185104662586254,1.1000540989333303,1.1026619334794217,1.1084421572954095,315.31,1131.5002,2915.915,779.1,635.615,,670.015,611.2199999999999,1139.15,1323.4000000000003
2018-07-01,2018,7,NE,5648.088569889328,9902.1252,9830.900068545026,59607.23535078097,72634.63200000001,0.0,57.039155290516106,57.45240548178256,9.475508361780324,211.89999999999964,3,5.069752950945744,8.9715174985982,9.045039281204977,7.952299051186905,5.859501896904313,,7.135747500068831,6.266663588598796,5.564256166720074,8.222408736130937,299.25312800837116,299.6233280571077,298.69620362617525,298.30281538309055,294.352373994674,,296.5515491120106,294.3453614171193,293.80987861893504,297.87874082923025,97812.40444385014,101334.78159768415,101142.01547705111,99059.2621775125,94141.97338060381,,95356.77020850281,93082.04227300438,93260.12067193742,94750.63325052893,0.00039144565891819196,0.0018553544221064891,0.004798612792487008,0.0023435834218643046,0.0007836648909031344,,0.00018879082451166376,0.00023443245977286333,0.00014509238893408355,3.0023054388256455e-05,300.1566859937813,300.1566859937813,299.74367599072656,299.74367599072656,299.74367599072656,,299.74367599072656,299.74367599072656,299.74367599072656,300.1566859937813,0.23003201147936836,0.3221257469393831,0.3474484408335299,0.37281070028216184,0.2738244474277858,,0.3228059721150679,0.2581011564515893,0.2118885340292115,0.3879104013644408,1.1385731683803362,1.1781850411583903,1.1795934883134305,1.1568242774942303,1.1141345919468855,,1.120140159687015,1.1015379354148178,1.1057614063189376,1.1080853830711335,355.21,1131.5002,2915.915,779.1,635.615,,670.015,783.22,1139.15,1323.4000000000003
2018-08-01,2018,8,NE,5800.424709674261,9931.8252,9976.72393144856,60415.36606597452,72334.67999999001,0.0,58.40240432014711,58.13957316579847,9.600909648284029,29.700000000002547,3,5.31588644513537,9.464524135672383,9.537777772352547,8.305899700019975,5.870819011579572,,7.049343694441937,6.401095050165718,5.718871588216649,7.64943697778576,299.6966650229794,299.52203426980265,299.08775972589166,299.1612174986813,295.331158429933,,297.5072290045954,295.5907913659603,296.1126767879027,299.11264628421446,97840.52618609415,101375.39687371468,101178.77931929711,99089.4860796913,94156.46462235393,,95227.50733758567,93060.21191802747,93199.34958062205,94743.72343254121,0.00013344729699904566,0.0006652239851741105,0.0003722014729276945,0.00016019844876565326,0.00035383230114421807,,0.00021254245812479147,0.0003118572121105493,0.0001242163564840234,2.1014080307950098e-05,299.94346322573637,299.94346322573637,299.6889680091723,299.6889680091723,299.6889680091723,,299.6889680091723,299.6889680091723,299.6889680091723,299.94346322573637,0.24882903995386646,0.33957509201857594,0.37568326693507414,0.41116749858568535,0.2942934899943876,,0.3152090258291596,0.27000181243184695,0.2370115000758028,0.3627954242415744,1.1372326550316654,1.1790559084187788,1.1784792002892526,1.1538614722710243,1.1106122404565126,,1.115023081630587,1.09664342134745,1.0964492013632043,1.103433845794073,355.21,1131.5002,2915.915,779.1,635.615,,699.7149999999999,783.22,1139.15,1323.4000000000003
2018-09-01,2018,9,NE,6305.568320830111,9991.2252,10233.539184718971,61580.634609723,77670.12799999,0.0,63.11106190289966,61.61669200666935,10.239531243535644,59.39999999999964,3,6.503577802620958,10.437561781246322,10.101238343958983,8.8493285816525,6.307580033339119,,6.903067652137542,6.329170807194123,5.648142550434846,7.361541175626039,300.46016125329857,299.5454932890471,299.3697741128262,299.58857046466875,296.13598644311537,,298.6258679416066,296.99588847231576,297.5727528507327,300.69688283393657,97602.0440355705,101150.34854239585,100965.74537307542,98878.94474794634,93945.20209855807,,94783.14574311044,92807.41665456386,92920.84738181978,94498.7970095965,5.647085168078154e-05,0.0003032256456131058,0.0002598162365916034,0.00014637165000050395,0.0003882288168300422,,0.00011157514185541679,0.00023211148468484078,6.85053337772219e-05,1.0836941678525151e-05,299.80435132167685,299.80435132167685,299.5407968388682,299.5407968388682,299.5407968388682,,299.5407968388682,299.5407968388682,299.5407968388682,299.80435132167685,0.2971320373797006,0.3677530256632736,0.3934254404599024,0.43428456557606443,0.31447531070232326,,0.31169900961345565,0.26989431875249636,0.23488487866954247,0.3560418202308832,1.1315980209499956,1.176346593927312,1.1748912204250512,1.149761781574243,1.105107880807442,,1.1056547622354367,1.0884930261391046,1.0878102555538458,1.0947828050095145,355.21,1131.5002,2915.915,779.1,635.615,,759.115,783.22,1139.15,1323.4000000000003
2018-10-01,2018,10,NE,5210.709967738912,10167.2252,10800.472940857757,63856.42975806807,78051.04499998,0.0,51.25006936739152,48.24520181914447,8.16003961931579,176.0,4,5.883995440261059,9.201252854135598,8.8956005830586,7.595183652196982,5.223156350956339,,5.624290527453423,5.321984765990675,4.908609219129871,5.079726104096426,300.6030935990522,300.0118471427714,300.14823122896297,300.6712988676087,297.90080146204093,,300.02042276043125,298.3556884459031,298.75639401917937,301.64743255297003,97562.64692892935,101103.99953871529,100893.03571485601,98799.00061970543,93810.62664628943,,94477.911453211,92568.66891190737,92800.55257888284,94408.74541663517,0.0012986514373423015,0.00025040413524414425,0.00020937722081626576,0.00014940718913438993,0.00026964109940084247,,0.00066748598263161,0.0010893827772833911,0.001164227380624769,0.0003998552584727063,300.4678715327327,300.4678715327327,300.3780749596733,300.3780749596733,300.3780749596733,,300.3780749596733,300.3780749596733,300.3780749596733,300.4678715327327,0.27799525355833615,0.328510761350496,0.36091610554476233,0.39390653742857673,0.2843620082151306,,0.2632961908089526,0.2350934749034746,0.2185969425755713,0.27058657195806973,1.130597425039855,1.1739796043137016,1.1710017212223773,1.144694081136968,1.0969866667122452,,1.0969655926647315,1.0807526231721543,1.0820944125142122,1.0902911838406943,355.21,1131.5002,2915.915,779.1,635.615,,818.515,899.8199999999999,1139.15,1323.4000000000003
2018-11-01,2018,11,NE,5743.011352774125,10283.3252,10786.544858133437,64104.75096960967,81175.45599999,0.0,55.84780449007025,53.24236285397442,8.958792080007818,116.09999999999854,4,6.253584757180351,9.266508095851938,9.31370919229919,8.11876587518043,6.034559266278014,,6.343897358118239,5.801879949267096,5.060634886640918,5.508529422482045,301.3622829048172,300.3951241317988,300.64420971544075,301.2068389904329,297.85534902078564,,299.8830984287746,297.86696386450683,297.1582071196241,301.7358193713907,97468.34886933083,100999.19285518573,100785.45201514252,98703.32437467911,93758.2977040445,,94216.93778680942,92530.88997556455,92801.93102443432,94371.77181529546,0.0004965672591169094,0.0007013896765982505,0.00034203031497090104,0.00027082340340916133,0.0006026639505200376,,0.000521017071891409,0.0012027155723186678,0.0032319596771375005,0.0006370245043497886,300.948344438603,300.948344438603,300.80179360777,300.80179360777,300.80179360777,,300.80179360777,300.80179360777,300.80179360777,300.948344438603,0.29899403543569747,0.3358209874379203,0.3747795582000779,0.4155654696303695,0.3115896869854302,,0.29741482719365536,0.2579539610835027,0.2196145139240545,0.2801601406478133,1.1266712951216715,1.1712663984917608,1.1678238964967604,1.1415514073254485,1.0965420862113953,,1.0944299296661035,1.0820806894393855,1.0879262617853593,1.089543910119978,355.21,1131.5002,2915.915,779.1,635.615,,907.6149999999999,899.8199999999999,1139.15,1350.4
2018-12-01,2018,12,NE,4043.952923383992,10545.2252,10447.940553760956,65276.05903754839,84889.51199998,701.3984166160085,38.34866346319462,38.70574207974687,6.195154828599274,261.90000000000146,4,3.6897487291429405,6.380149947713014,7.618257920643498,6.553362936692663,4.692490364024606,,3.811299863960212,3.287164404239883,2.2868362403115206,3.834804242642321,299.3585038430378,299.8963916281776,300.5729286674925,301.16309384206585,297.9241780404347,,298.2567702577061,297.168593736651,296.72691354979713,298.4718059140119,97639.78014501983,101127.87470297866,100871.83225714527,98789.55746414131,93824.5625641603,,94167.76418563635,92625.33872781502,92873.36742691917,94603.39860517863,0.003961569919853066,0.004154347165301271,0.0014617919197861039,0.0006834021278758636,0.000979349176520033,,0.0029024633664769483,0.0032140724505999034,0.00542728819317009,0.00402179873872997,301.1835589377323,301.1835589377323,301.16229953611753,301.16229953611753,301.16229953611753,,301.16229953611753,301.16229953611753,301.16229953611753,301.1835589377323,0.17928246915691126,0.2324641246445155,0.3110442316883131,0.34374308398684605,0.25321071137068957,,0.19218513566749806,0.17129661128286258,0.1411151528724726,0.20604008103756874,1.136182923419817,1.1747083005050272,1.169101576736244,1.1427155062106886,1.0970696286587946,,1.099829379137638,1.0857363468947483,1.0903451134621838,1.1041607546780359,355.21,1131.5002,2915.915,779.1,635.615,,1103.5149999999999,899.8199999999999,1139.15,1416.4
2019-01-01,2019,1,NE,4804.219963706451,11170.1752,10930.887412632042,71196.90252153647,90120.00399998,222.35887629354968,43.00935193663257,43.95086860152414,6.747793504434009,624.9500000000007,1,3.9257029678320565,6.139751928152023,7.171038222036409,6.128500638952393,5.132144220590688,,5.97297362318703,5.667349081154939,5.37206743822243,4.7657473613448555,299.4771957519889,300.0459007269625,300.50139473794434,300.8060934825453,297.5123186525635,,299.64625985904513,298.5085113810956,298.6474739699244,299.93586315223547,97685.31904542384,101177.59656826896,100935.91319832997,98838.47463820432,93888.47960439889,,94124.36926392779,92680.20092004513,92949.7431455883,94741.29249381668,0.0053239110500670345,0.004885177269681443,0.003586843204451666,0.0028560345290098554,0.0013814394252678122,,0.00025972140868416954,0.00031475792649755216,0.0002589769844554051,0.0017590189891336172,301.5747491873268,301.5747491873268,301.48454772920934,301.48454772920934,301.48454772920934,,301.48454772920934,301.48454772920934,301.48454772920934,301.5747491873268,0.18944971076016726,0.22327733350659748,0.28506231337043325,0.30743583858954154,0.2605016153830409,,0.2632826569077778,0.24472421340266623,0.2150520646336133,0.22724602479110362,1.1362619365869726,1.1747002067530359,1.1701205569162154,1.1446376080839615,1.0993308437282203,,1.094230190775686,1.0814979724183296,1.0842257180600956,1.1003681956823734,355.21,1131.5002,3167.9149999999995,779.1,635.615,,1356.465,899.8199999999999,1139.15,1536.4000000000003
2019-02-01,2019,2,NE,2745.979508858601,11296.9752,11239.434349700105,69802.74211458286,89039.49999998999,2337.6593311413994,24.307210206663115,24.431652193705556,3.933913519258328,126.79999999999929,1,3.0233219973167027,4.839368519832149,5.199610529380487,4.460062915603529,3.9698852162734526,,3.06556706746475,2.9294777203538236,2.208298129565963,2.967046670474937,298.8459877999381,299.790279041704,300.3661682661412,300.2541520711831,298.52116543182353,,300.18908151293374,299.05550511957864,299.35026658671023,299.4415661097503,97621.24470207766,101098.69984436921,100842.61351504669,98802.28230722931,93765.57931958615,,93979.3010627536,92551.76835610179,92774.71800293803,94665.18729863637,0.00994430116811769,0.013938474695542621,0.005542389507946181,0.004756336059117221,0.0024248841820273784,,0.004254808085350064,0.0032567369404396316,0.0036722139064012194,0.00763590055508391,301.88621380819967,301.88621380819967,301.9580636940945,301.9580636940945,301.9580636940945,,301.9580636940945,301.9580636940945,301.9580636940945,301.88621380819967,0.15306952386714426,0.181472911645644,0.21509702633735897,0.2316285470765761,0.21295086601155716,,0.16370089111280298,0.15283156141315168,0.12543599917148465,0.15955951897559825,1.1379073552796262,1.1747849574730538,1.1695638949700662,1.1463154329871978,1.0941822883317465,,1.0905752073625925,1.07804020314883,1.0796390999604877,1.1012996612820491,355.21,1131.5002,3241.415,809.9,635.615,,1378.9650000000001,899.8199999999999,1139.15,1536.4000000000003
2019-03-01,2019,3,NE,2734.7478699297044,11489.9752,10848.002637403912,66700.17971670709,83044.41599996999,2435.7409700702965,23.801164252553864,25.209690312023834,4.100060721792484,193.0,1,2.4215407371046,3.4812990671458084,3.8870182956470454,3.4606519732146808,3.603248657130626,,3.3340426744146727,3.3033247869789775,3.200800634054214,2.917684213554025,298.44647520073954,299.53928750882284,299.9960220791318,299.65728676491324,298.30206731014243,,299.22033444469025,298.3762515496806,298.6487834894756,298.90533010080065,97676.25232872806,101152.98965242533,100882.13510700359,98845.27783908503,93805.27168691935,,93921.87638795463,92600.62755467762,92836.08427507624,94715.53072930226,0.013434471021608217,0.01659231368366621,0.009640914821508972,0.005643842512552327,0.003214482694833272,,0.002512571846217424,0.003323023329270064,0.004044500923263093,0.003968622307895012,301.9591165699076,301.9591165699076,302.2083746714759,302.2083746714759,302.2083746714759,,302.2083746714759,302.2083746714759,302.2083746714759,301.9591165699076,0.13424729948185307,0.1467991523506355,0.18807528564292472,0.20207936311300947,0.21066667682075776,,0.1830006801036447,0.1713653111849439,0.1483237233529448,0.17206064132361068,1.1400688579816496,1.176400695804723,1.1714647744774564,1.1491000174772499,1.0954513519451163,,1.0934338321042782,1.0810583965838714,1.0828916561415416,1.1038622733346166,355.21,1131.5002,3304.415,809.9,635.615,,1508.965,899.8199999999999,1139.15,1536.4000000000003
2019-04-01,2019,4,NE,3009.42422499693,11607.4752,10927.682327775765,65499.93476805433,81662.46299997001,2213.9396150030707,25.92660482270021,27.5394556204076,4.594545377264541,117.5,2,2.3666085022024106,3.899336661333165,5.3545518094919204,4.682011902405275,3.8970088971919656,,4.315938068031218,3.9648176246925955,3.538372356836834,3.7226237734486776,298.5355706192755,299.8103305848872,300.2335110908957,299.5644798481342,297.86376062897943,,298.7708432891451,297.7584829404846,297.7659351471608,298.9043510196669,97649.3068299386,101122.1347086414,100852.96894342017,98822.05260294481,93805.46792845316,,93857.09290845103,92621.41247971817,92870.53776019951,94707.17455577974,0.012200200131346962,0.019305509250036372,0.007416818803692489,0.0041894542835518855,0.0017354670963324876,,0.0015554789175668607,0.0015076167372480988,0.0015219731969869533,0.003088526276808954,302.1491134073112,302.1491134073112,302.34153286308845,302.34153286308845,302.34153286308845,,302.34153286308845,302.34153286308845,302.34153286308845,302.1491134073112,0.13142998832487202,0.15754753514954403,0.2166219896804557,0.22320305697637388,0.19614871191093028,,0.18823826579862063,0.17113144543173522,0.14095370729839296,0.17798798737101368,1.139411893891434,1.1749786589286197,1.1701988510819923,1.1491838771103973,1.0970643568160918,,1.0943209538948913,1.083546212589129,1.086507503287187,1.1037656583178117,355.21,1131.5002,3304.415,809.9,635.615,,1626.465,899.8199999999999,1139.15,1536.4000000000003
2019-05-01,2019,5,NE,4441.011544112716,11770.5752,10826.004604836358,62840.7300604842,77617.76699998,855.747295887284,37.72977504202782,41.02170381609444,7.0670909453761,163.09999999999854,2,3.6855844842545324,6.5793742299387015,6.948207862972129,6.05119656461718,4.471411085852442,,5.5852718403423145,5.080116409239498,4.70248713253553,5.517741856044171,299.10003192932004,300.3204919930243,300.3151752009353,299.65590854526556,297.12389670539653,,298.4443755019955,297.6382156670557,297.35737861030873,298.8640585444738,97638.55868447539,101112.56742816145,100885.28190176266,98854.2343788585,93862.07244017605,,93859.38603448805,92831.68442507526,92943.31104249878,94733.43744304872,0.003332562032839034,0.0057153153616713685,0.0028461234122154197,0.0011710854612484863,0.0008863715455716026,,0.0004948028788466839,0.00059598437085541,0.0004332423892212701,0.0009280514293829878,302.02693179911415,302.02693179911415,302.05343326280365,302.05343326280365,302.05343326280365,,302.05343326280365,302.05343326280365,302.05343326280365,302.02693179911415,0.16957306442374573,0.23715243248873577,0.27347261046788574,0.2894314557096813,0.21850204609701535,,0.24184171846512273,0.2155033892546105,0.18335998731359998,0.23893159132114272,1.1371279115820276,1.1728717437329195,1.1702554841345898,1.1492116559029848,1.100459888619838,,1.0955448390190954,1.0864259971239065,1.0888546400959245,1.1042202269952393,355.21,1131.5002,3327.5149999999994,809.9,635.615,,1716.4650000000001,949.8199999999999,1139.15,1536.4000000000003
2019-06-01,2019,6,NE,6276.95081944143,11770.5752,9922.855797219056,60100.947654273004,73423.34300974,0.0,53.32747731344031,63.25750315952981,10.4440130554167,0.0,2,4.7247817571834645,8.149528639520893,8.21638711056778,7.288595258867721,5.70926163633953,,7.035425092798755,6.6124347637295955,5.90468929833483,8.175948263455426,299.1741079586737,300.3501996811859,299.473926419718,298.55977466233304,295.19864106506304,,296.1099521277054,295.47818585381526,295.18277020215186,297.70265105390763,97823.11434081246,101321.6392048307,101122.93017525374,99083.22851200764,94117.97399885347,,94153.5421737044,93124.10729401361,93276.35896652659,94985.35540264583,0.0008307345520259512,0.003276299716481726,0.005776478228959233,0.003105103056535122,0.0015417896681321269,,0.00042750535090311186,0.0004033884018515498,0.00026157834664599494,0.0002920366557847401,301.52145964203794,301.52145964203794,301.14287945170685,301.14287945170685,301.14287945170685,,301.14287945170685,301.14287945170685,301.14287945170685,301.52145964203794,0.2016290561401314,0.2891029007831843,0.31999774484076826,0.33848727597235334,0.2683391888941362,,0.31046503660039526,0.2820811958179548,0.23069112181783857,0.37358915909399326,1.1389878303736565,1.175180738506994,1.1763072977200564,1.156107128085564,1.1106596608566124,,1.107642836060392,1.0978134140038136,1.1008062135500964,1.1114780718207247,355.21,1131.5002,3327.5149999999994,809.9,635.615,,1716.4650000000001,949.8199999999999,1139.15,1536.4000000000003
2019-07-01,2019,7,NE,5906.746674728038,11770.5752,9820.8624139752,59464.62592741936,73514.92099998001,0.0,50.18231118159832,60.14488774756348,9.933210850325748,0.0,3,5.110821123303629,8.47767574531703,8.230810804754721,7.288566994057621,5.392872762754246,,6.63601611982699,6.057315475922212,5.267032136531679,7.969552351746547,299.5252271320217,299.79869236667025,298.9993662297526,298.39999480082065,294.3078612565861,,295.3807967598846,294.6905839320058,294.2954351792443,297.4415859390256,97819.62239678639,101333.33853894124,101144.61660407149,99099.42633735646,94120.68969300402,,94152.8003996404,93112.29072844064,93253.12207237854,94987.91915354076,0.0005165535211491963,0.0019192739150442834,0.0012408330755899672,0.0005178330441427622,0.0016342831888873893,,0.0003239686269484041,0.00034041991458308484,0.0003012402708879577,0.00023540493870856773,300.7549001594058,300.7549001594058,300.40744451153125,300.40744451153125,300.40744451153125,,300.40744451153125,300.40744451153125,300.40744451153125,300.7549001594058,0.23684847825571123,0.3093135439524739,0.32603211423657424,0.35349290441445236,0.258000496187325,,0.2930321356188059,0.2588181080099471,0.2200926066930942,0.37794385712319317,1.1376272273014767,1.1774788502438511,1.1784280758377466,1.1569169071538143,1.1140534968885476,,1.1103694583233161,1.1006075102129307,1.1038518414678864,1.112484157529914,355.21,1131.5002,3327.5149999999994,809.9,635.615,,1716.4650000000001,949.8199999999999,1139.15,1536.4000000000003
2019-08-01,2019,8,NE,7477.1858051041,11770.5752,9774.326106178898,60303.51828629064,72252.92999999,0.0,63.524387534638926,76.49822324198242,12.39925300810178,0.0,3,5.917488820111755,9.980064297308234,9.929744553969895,8.755328200414136,6.324711480886867,,7.313049834402693,7.0008890430486606,6.354305184212835,8.89858799605742,299.922130762237,299.64631103024584,298.93221681495896,298.573730186145,294.1680068994333,,295.39056750817315,294.7798549789213,294.98929654891487,298.20370720563164,97897.72157843248,101437.88106523451,101269.78188222858,99220.41905443574,94263.40776551056,,94275.18679752064,93234.22056152744,93369.99496348706,95084.23874601342,0.0001166107780096287,0.0004230244041369783,0.0004904067630271261,0.00023796992026548498,0.0010053725072175458,,0.0005127922134596858,0.0005450127263793094,0.000359144927242322,4.961585284842382e-05,300.0010007376176,300.0010007376176,299.70575057681486,299.70575057681486,299.70575057681486,,299.70575057681486,299.70575057681486,299.70575057681486,300.0010007376176,0.2700339844442226,0.36121847087400016,0.385860488969584,0.4222721216825515,0.2989000451160338,,0.320408490512723,0.3031151996105479,0.26306274600586343,0.4190771682510399,1.1370369475683175,1.1792934796493428,1.1801521553966647,1.157653247761558,1.1162722330758625,,1.1117745329683186,1.1017159026329815,1.102637176344055,1.11076819169313,355.21,1131.5002,3327.5149999999994,809.9,635.615,,1716.4650000000001,949.8199999999999,1139.15,1536.4000000000003
2019-09-01,2019,9,NE,7129.675340274653,11799.9752,10106.945804163306,63200.585638889,79292.61299998,0.0,60.42110444668268,70.54233275237074,11.28102733258151,29.39999999999964,3,6.20516683853944,10.331181902702967,9.956115821861959,8.668361721145537,5.929558633297525,,6.806832788012774,6.511967499752648,5.987359478437387,7.636262212896563,300.5345713702754,299.61381172119684,299.31842562283776,299.3401092254228,295.91623950931637,,297.3498704295438,296.7065239632986,297.3100472616729,300.50793098106084,97726.35446637201,101277.73625201441,101103.4359930102,99046.88299288492,94063.67985582861,,94053.48742412427,92990.61590386863,93089.15003909163,94852.17004645601,9.256623145103781e-05,0.0003659822089500437,0.00036015099953939694,0.00021040636836172432,0.0005566607510445818,,0.00022870250576253822,0.00039739804362498343,0.00033616781970930505,1.7324332212304025e-05,299.9275843350233,299.9275843350233,299.72214775420923,299.72214775420923,299.72214775420923,,299.72214775420923,299.72214775420923,299.72214775420923,299.9275843350233,0.2918822573973135,0.3707604500016209,0.38761508251124155,0.4228849938466588,0.29613324035406174,,0.29787132103680014,0.28382897787046313,0.2513409811410316,0.37235081021641736,1.132758150792393,1.1775594716063695,1.1766943487930726,1.1526706244244471,1.1073240759177168,,1.1018536595491208,1.0917043127230555,1.090741580106902,1.0995618066618817,355.21,1131.5002,3327.5149999999994,809.9,635.615,,1745.8650000000002,949.8199999999999,1139.15,1536.4000000000003
2019-10-01,2019,10,NE,6865.025944889127,11825.9752,10696.636771502526,65581.40424193516,82568.171,0.0,58.05040031615428,64.17929384288905,10.467945943279112,26.0,4,6.166108317781697,9.484431534181661,9.548365463329173,8.32676107163149,6.1460226232325885,,6.283939491923341,5.993653320286182,5.711011325320013,6.420279423489084,300.7905619465477,299.7712639719706,299.84838059303024,300.21222029710816,297.2445246193532,,298.8116752262087,298.36398006726046,299.1035786096249,301.7774192613414,97570.92452879986,101119.3230512879,100922.44775305295,98864.9897826892,93870.54620107102,,93842.11219375853,92778.54169671625,92857.20317897643,94654.97463225722,9.169603233294838e-05,0.00027462844838608907,0.00023019656444306675,0.00014872113370563688,0.0002689691990559693,,0.0007841646715865269,0.000650383110450746,0.000898418203385869,0.00016879539772987048,300.256849311096,300.256849311096,300.1605829549122,300.1605829549122,300.1605829549122,,300.1605829549122,300.1605829549122,300.1605829549122,300.256849311096,0.29767463689572476,0.3422875241106111,0.3773618762480484,0.41171095817674,0.3132092112609564,,0.28238507021446235,0.2706278989998344,0.25615759825996026,0.33114452795478344,1.1300061594022663,1.1750999724647808,1.1725136396730025,1.1472108688111249,1.1001111745688572,,1.093997618970802,1.083164452155996,1.081498201414227,1.0926611642044208,355.21,1131.5002,3327.5149999999994,809.9,635.615,,1745.8650000000002,949.8199999999999,1165.15,1536.4000000000003
2019-11-01,2019,11,NE,5883.672343052431,11835.9752,11085.555519441725,65431.478956945335,81810.27999999,0.0,49.71007664034672,53.07512404528318,8.992112721346182,10.0,4,5.60515219333381,8.743991169283586,8.944128414140842,7.606001137740781,5.532458254907925,,5.532244633584235,5.192330172763806,4.6182200474809205,4.958196382561871,300.9267655207207,300.24621558939845,300.3889937731923,300.84717906570853,298.26598547198216,,300.22092121993444,299.86329481458193,300.0470419646395,302.1623531620629,97449.07485184817,100974.58514907355,100766.69476039178,98713.13657936166,93700.67931919283,,93662.21843989225,92604.3848018572,92676.58858084606,94503.26852748312,0.00023194139616596434,0.00042839347249396046,0.0001633685977138889,8.24777448085931e-05,0.00015548080474356752,,0.0005408982966763887,0.00066507391650464,0.001210894816270623,0.0005961863225512423,300.8061686428903,300.8061686428903,300.66192202257673,300.66192202257673,300.66192202257673,,300.66192202257673,300.66192202257673,300.66192202257673,300.8061686428903,0.2769592977272209,0.3136699353439403,0.3579663054643868,0.38966196341961445,0.28750595393222145,,0.24655953835342811,0.2397838180556792,0.21539172794759734,0.26618149945261704,1.1280801634320317,1.171561557086996,1.1685974727084425,1.1430318390627292,1.0943592668277313,,1.0867757653602037,1.0757261588239473,1.0759977300070636,1.0895187728223785,355.21,1131.5002,3327.5149999999994,809.9,635.615,,1745.8650000000002,949.8199999999999,1175.1499999999999,1536.4000000000003
2019-12-01,2019,12,NE,5687.72323521211,11869.9752,11129.115243277123,65223.55965456872,79518.057,0.0,47.916892321831554,51.10669726102396,8.720350844595005,34.00000000000182,4,5.377106655180509,8.079587487068856,8.360551997761608,7.124214034159108,5.366376276759391,,5.42804480441914,5.053375133755988,4.552155073966703,4.931065431764971,300.787449741232,300.5403971330483,300.7329002649766,301.09857661931045,298.5875512231414,,300.8109028667401,300.26291194611434,299.87057129052636,301.71283489327584,97484.95551751078,100999.74808032789,100787.2367086437,98735.02823265217,93725.4201924514,,93689.35050202551,92636.83259163582,92737.26471514082,94545.62984086171,0.000971337144068843,0.0013680776998005726,0.0005251643606615838,0.00035431358062079074,0.00043081078029427185,,0.0005983231400788488,0.0012295178521555753,0.0011443368305288709,0.0006381667166849707,301.419902801633,301.419902801633,301.2431365333745,301.2431365333745,301.2431365333745,,301.2431365333745,301.2431365333745,301.2431365333745,301.419902801633,0.2674884462134399,0.2980408180034726,0.3400886194679377,0.37131174686058377,0.29005496062897307,,0.25707037548648326,0.24584695111527724,0.2205978842234733,0.26510100630741196,1.1290050372464155,1.1707063100848158,1.1674981345681816,1.142331547692065,1.093469471317046,,1.0849601026524198,1.074669271815205,1.0773326661645435,1.0916305743585262,355.21,1131.5002,3327.5149999999994,809.9,635.615,,1745.8650000000002,949.8199999999999,1209.15,1536.4000000000003
2020-01-01,2020,1,NE,2965.696474459341,11961.5352,10952.558877685911,68541.25781787645,84879.01699999999,2416.9943655406587,24.793610726985456,27.07765835891988,4.326877808895199,91.55999999999948,1,2.9583446961157094,5.038098425816366,6.2302514185542694,5.187844040222004,3.967246492396435,,2.513032158834352,2.311122942118236,1.9630621802137773,1.7731714411848085,299.0929907402515,300.1693805222481,300.64468131120833,300.80457842575214,298.958450905178,,298.7578928703934,297.6485114288667,297.8372331108255,298.693877865951,97628.27954062386,101100.70179586028,100851.09242775367,98804.7311898074,93762.66923889657,,93772.68771416675,92731.3600027505,92792.2287623925,94676.92504189989,0.009872618445258755,0.006695276790999711,0.0033063908462264164,0.002932958173647031,0.0009329693135569095,,0.00427677144563183,0.005186412358387689,0.008395168233049855,0.006001824095910146,301.84643957908924,301.84643957908924,301.71643179267596,301.71643179267596,301.71643179267596,,301.71643179267596,301.71643179267596,301.71643179267596,301.84643957908924,0.14870928392724128,0.1824766402009414,0.25016803851038744,0.27066761463538325,0.22969799186611292,,0.14135380144142445,0.1351877488758325,0.13571454447275927,0.13854850469793822,1.1370458954416534,1.1733244870053778,1.1685797338380874,1.1442504609964859,1.092548713792802,,1.0933843208153486,1.0852313985798652,1.0853292749288928,1.1041947956046316,355.21,1131.5002,3419.075,809.9,635.615,,1745.8650000000002,949.8199999999999,1209.15,1536.4000000000003
2020-02-01,2020,2,NE,3086.8702183875143,11981.535199999998,10995.70531177931,68796.6736005769,86509.735,2304.820621612485,25.76356173779396,28.073417128418853,4.486946907214463,19.99999999999818,1,2.6502224354785344,4.486178646763342,5.90840495891937,4.989213636366074,3.9478536696325506,,3.567923745436919,3.3353415517691416,2.7567046623078246,2.7857036769006602,298.68040075184257,300.0377187790209,300.68143119354295,300.6249045209394,298.60371317916395,,299.2488258577846,298.3002373628965,298.22655083844427,298.3623307319211,97643.43377860983,101109.87961879614,100843.71809670287,98803.04389044948,93787.72618177866,,93797.63294171155,92758.78474770222,92846.66428419793,94701.63280436411,0.00831064871170689,0.009912495011926033,0.005745144424816963,0.0039986244287027834,0.002627540151030914,,0.0023633251785952127,0.0023030265607715955,0.0023298962429770358,0.006099394935804412,302.0955656002111,302.0955656002111,302.24665294085634,302.24665294085634,302.24665294085634,,302.24665294085634,302.24665294085634,302.24665294085634,302.0955656002111,0.13668096085153975,0.1669674634453031,0.23356671095997916,0.24635847585703777,0.20518503130158847,,0.16450925234957614,0.1510813591145954,0.1278840270819464,0.1520018718052394,1.138789861872394,1.1739459004649133,1.1683506406068433,1.1449118377906518,1.0941431213181756,,1.0918841920400197,1.0831790484767978,1.0845485054327568,1.1057074099995738,355.21,1131.5002,3419.075,809.9,635.615,,1745.8650000000002,949.8199999999999,1229.15,1536.4000000000003
2020-03-01,2020,3,NE,2278.280606179879,12043.1152,10597.09649462156,66209.7097768829,84341.71299999,3141.121233820121,18.91770167721952,21.499102205365364,3.441006785647232,61.58000000000175,1,1.566465874996829,2.7391109883185947,3.7007901620521686,3.0427499586430833,2.444415624001687,,2.714070676806657,2.5523968942621016,2.7858876057289166,1.7283242558620295,298.77534907604036,300.18518920869707,300.4788874526982,299.79571331988313,298.03107666151016,,298.364403637585,297.25457766949125,296.6246252209803,298.0490844734506,97628.42848508629,101087.89116616486,100824.31074122286,98793.04080171934,93758.54460960055,,93785.33395372782,92748.98505275999,92862.14223334368,94695.56117994986,0.01184376730951953,0.008474068358655438,0.007615466972614988,0.006878924150958627,0.006027724082336408,,0.004089409518795572,0.005843067586234289,0.0069205962455201175,0.007800804695758925,302.57316769465245,302.57316769465245,302.8748929196738,302.8748929196738,302.8748929196738,,302.8748929196738,302.8748929196738,302.8748929196738,302.57316769465245,0.11726810738785381,0.13174579055956345,0.16498605157594096,0.17018993519930087,0.16149522251715334,,0.16677859116411353,0.1535387327437055,0.15171535794788293,0.14088355603782304,1.1382473187468776,1.1731140013355843,1.1689112962176393,1.1479577392681601,1.095906532860943,,1.094978149158747,1.0868847255690322,1.0905872915658816,1.1068003991662003,355.21,1131.5002,3481.4449999999997,809.9,635.615,,1745.8650000000002,949.8199999999999,1249.15,1536.4000000000003
2020-04-01,2020,4,NE,3309.380043052361,12089.1052,9592.03932916368,57175.42661944533,70875.25999999,2130.7172969476387,27.37489655605248,34.501318535991686,5.7881160469152375,45.98999999999978,2,2.3100602041443947,4.119446181587926,5.716200241158977,4.917270807798088,3.8617057547995435,,4.336678178463098,4.015395290017152,4.1385321518878015,3.7264930673153644,298.84525622689534,300.19995964601287,300.5105608731949,299.8103727978209,297.23280454564366,,297.8563442247322,296.77593497798637,296.2733853092368,297.99593319702933,97676.56686185638,101141.75256779394,100882.9781864035,98853.57149995369,93848.43861186606,,93886.11756367904,92850.96082744625,92982.09713505184,94766.49547440442,0.011493929105103816,0.018794295497549848,0.00661080164332043,0.00463491481003133,0.0049053628259098985,,0.003002574837283342,0.004280344118271149,0.0028878739400726096,0.004341449509795444,302.69186985309267,302.69186985309267,302.8537695648411,302.8537695648411,302.8537695648411,,302.8537695648411,302.8537695648411,302.8537695648411,302.69186985309267,0.13338323038127287,0.17487952072613544,0.22434013282522547,0.22955098262111673,0.18832252892045526,,0.2116133493448761,0.18835076352544947,0.1778134874693841,0.1989778096175882,1.138544868467823,1.1736813022497397,1.1694679997513946,1.148607437406202,1.0999005507256367,,1.0980234142333087,1.0898206889361972,1.0932922850791227,1.1078275843547656,355.21,1131.5002,3506.6449999999995,809.9,635.615,,1745.8650000000002,949.8199999999999,1249.15,1536.4000000000003
2020-05-01,2020,5,NE,4216.419017469892,12161.5552,9470.411504029124,55955.37720296935,70559.87999999,1256.280822530107,34.67006438016984,44.522025422823965,7.535324089006663,72.44999999999891,2,3.785646596600389,6.690265958172354,6.588944559515955,5.74815202106868,4.2439407664969195,,5.430199750765162,4.861963808143796,4.219409637090928,5.897573220645192,299.06775596874036,300.4454855228349,300.1406592447763,299.12662630543946,296.0404484697234,,296.8174562423169,295.78854852900383,294.82464600342297,297.74817151161767,97756.2744336097,101234.4447918817,101003.08168478825,98976.41512648169,93990.04583503772,,94031.68524717688,92991.87512666873,93137.16505817705,94884.13226739457,0.002908915282567334,0.007074038053693694,0.004824163295802714,0.0027465028745519626,0.002135929357438905,,0.0012091846944820028,0.001027407677997997,0.0007669494293404739,0.0009682932250455473,302.2397697594843,302.2397697594843,302.1283118838095,302.1283118838095,302.1283118838095,,302.1283118838095,302.1283118838095,302.1283118838095,302.2397697594843,0.16261842192865458,0.23265706892959742,0.25691584421567853,0.26767060866781567,0.20769040225856988,,0.2496260382209423,0.21355595091248672,0.1786432114602929,0.26921649630632727,1.1386176449294636,1.1737969205751193,1.1723027681682203,1.1526675007558111,1.1059987880588202,,1.1035723490721387,1.0951081609242759,1.100496947999395,1.1101250249025072,355.21,1131.5002,3579.095,809.9,635.615,,1745.8650000000002,949.8199999999999,1249.15,1536.4000000000003
2020-06-01,2020,6,NE,5874.320884718861,12394.2052,9441.394874996611,57557.278909721,71742.53999998,0.0,47.39570460491376,62.21878189075286,10.206043433590349,232.65000000000143,2,4.867347142230116,7.8654462375766485,7.53758073084261,6.858764004858109,5.280862780106378,,6.7537083510777824,6.371285459210366,5.683858799757496,7.714692232000702,298.8979493252836,299.9666921744161,299.41350704493857,298.4628840308819,294.65975576209166,,295.42702159846607,294.89844509871045,293.79468324129357,297.17247145339184,97782.35637105515,101281.38098164112,101060.06765599515,99033.58378927954,94065.94725334914,,94110.30883127628,93070.97975701974,93245.573309538,94939.36410806107,0.0007482013952931292,0.004477716917832939,0.0024527472194266434,0.0010847119660880914,0.0017316680015991238,,0.001090663387206307,0.000606881613329714,0.0003870581137827294,0.0002500433487205089,301.74295928109115,301.74295928109115,301.20372067808654,301.20372067808654,301.20372067808654,,301.20372067808654,301.20372067808654,301.20372067808654,301.74295928109115,0.2066202418317747,0.2761718900696086,0.290678464600686,0.31813177336497217,0.24559499560770603,,0.2962826521210556,0.26795592346524943,0.21467135838634305,0.352837995610272,1.1395648152541822,1.1762157566335751,1.175813762617668,1.1558995627181858,1.112077789000305,,1.1096957568931733,1.0993429457815322,1.1056413797143132,1.1129226255612408,355.21,1131.5002,3761.345,809.9,635.615,,1796.265,949.8199999999999,1249.15,1536.4000000000003
2020-07-01,2020,7,NE,6785.991885749664,12512.4052,9612.534336018263,59067.13054166581,73965.02199996999,0.0,54.23411228521967,70.59524209263401,11.488609356032358,118.19999999999892,3,4.960166025491511,8.722696671287693,8.536972154449039,7.685722233470367,5.605842612458744,,6.984259012379373,6.527031262110293,5.877693557303839,8.526780211828905,298.6943453210475,299.8600631058768,298.88601809441377,298.06985999278226,293.69289251844714,,294.7485412070814,294.2859413384894,293.58468847805767,297.2349552789165,97762.12720028292,101271.15425874843,101081.84587067986,99048.91341909494,94087.62007833947,,94125.10252257109,93080.66768144227,93246.56928111115,94938.66508558973,0.0008558028053250801,0.0011313575360141718,0.0013668350868922775,0.0004369224850485549,0.0010335258611413342,,0.0007266668130243171,0.000595215926971687,0.0002832820642370132,6.442096528416808e-05,300.6999121908125,300.6999121908125,300.1723042009424,300.1723042009424,300.1723042009424,,300.1723042009424,300.1723042009424,300.1723042009424,300.6999121908125,0.21460111602960025,0.3046799352610677,0.3338605388311841,0.3656095772455438,0.26433330725497484,,0.3077077910604284,0.2807143705363765,0.22577808875840627,0.39427714684890347,1.140097073960669,1.1765154516356544,1.1781443656852486,1.1576073104226077,1.1159950369527074,,1.1124253721695663,1.1017456582704646,1.1064444307640284,1.1126808398496757,355.21,1131.5002,3829.145,809.9,635.615,,1846.6650000000002,949.8199999999999,1249.15,1536.4000000000003
2020-08-01,2020,8,NE,8178.452749996397,12642.6052,9809.270948920926,60669.825969121615,76127.35499999,0.0,64.68961595032958,83.37472573225303,13.480264067608973,130.20000000000073,3,5.5325096763010455,10.020269378703155,9.780245152115977,8.61715007823044,6.048926902908686,,7.154299347546205,6.765082971452383,6.39676630427588,8.800465879385062,299.3552471652855,299.586519604508,299.05743066274977,298.7638649696154,294.1415496504727,,295.1126293772927,294.8598384474431,294.73869264156264,298.35138155761666,97742.77561600885,101271.43086956868,101097.72486635024,99058.64169766325,94112.28459592286,,94124.5614984529,93073.85748122013,93229.56093412271,94925.3687943407,4.090438775940644e-05,0.00026272436965270166,0.0002830506828196937,0.00010358457302217847,0.0006817283302379784,,0.00043460525597214346,0.00044237177496711413,0.0002061171211495788,2.718485789617852e-05,299.93698864870566,299.93698864870566,299.5345713206193,299.5345713206193,299.5345713206193,,299.5345713206193,299.5345713206193,299.5345713206193,299.93698864870566,0.2496801760630888,0.3516171640233227,0.3809899865635037,0.41565965945256417,0.29027982290026877,,0.3178558913048769,0.3003224565487266,0.26737425315992297,0.40833615956052594,1.1373757990544409,1.1775931853618016,1.1776556997198926,1.1550322424667123,1.1145834524771656,,1.1110505892778002,1.099524735254824,1.101914963662828,1.108363317680772,355.21,1131.5002,3908.9449999999997,809.9,635.615,,1897.0650000000003,949.8199999999999,1249.15,1536.4000000000003
2020-09-01,2020,9,NE,7865.755479163041,12680.4052,10132.21288471872,65323.91038749867,82430.98999997,0.0,62.03078967195024,77.63117068953493,12.04115833314894,37.80000000000109,3,6.122868410397398,10.459286540087204,9.644556633952558,8.409216395902597,5.842039730264689,,7.016927082537686,6.774087316209128,6.458194520157547,8.002966947257216,300.0152364273181,299.5367811222375,299.2722795903269,299.16140522870296,295.08193401880624,,296.6443524137089,296.2659136603936,296.74923670801223,299.8911750652429,97698.54666957576,101248.65381690001,101074.78188312656,99028.15737668233,94059.47815919424,,94040.04615328481,92990.98162480787,93113.42743415522,94845.1547204504,3.429648947133135e-05,0.0001881655177995057,0.00021034708713274083,0.00013435074415805867,0.0005305587052610646,,0.00035961983932198137,0.0003339144657851981,6.912378620099672e-05,6.179684330662133e-06,299.87808662637394,299.87808662637394,299.67478869059806,299.67478869059806,299.67478869059806,,299.67478869059806,299.67478869059806,299.67478869059806,299.87808662637394,0.278890537219234,0.36859986574749304,0.38504909062622394,0.4175327453131674,0.2901725688743641,,0.31259255859066,0.2991426917665773,0.26811318901881814,0.3756654560449563,1.1343824830587113,1.177523985946169,1.1765437332634276,1.153141585068582,1.1104047898091298,,1.1043206645845556,1.0933356358475173,1.0930882040781675,1.1017408840580747,355.21,1131.5002,3946.745,809.9,635.615,,1897.0650000000003,949.8199999999999,1249.15,1536.4000000000003
2020-10-01,2020,10,NE,6363.982334894488,12804.4552,11048.550873652905,67531.56323387161,84747.86299999,0.0,49.70131282816693,57.600154152979975,9.423715415642157,124.04999999999929,4,6.229981889483282,9.164727839483772,8.479984974788362,7.454646683974922,5.442055345223833,,4.852169029287742,4.699050708773002,4.064503738964351,5.493718993072003,300.7060324872743,300.0635837841563,300.004835252896,300.1805957097568,297.4807274571913,,299.2707448258069,298.83672862311874,298.7149928030162,301.9062512096593,97596.4886229273,101140.24404129855,100934.12790346262,98888.94696490311,93866.18765241145,,93805.22881328137,92755.77061673532,92836.47017246728,94657.51143094248,0.00010110141960036138,0.00033798495712764694,0.0003731751101307278,0.00026408100646680723,0.0002231829925532183,,0.0007909436214364626,0.001194931078727335,0.002862610375993674,0.00010321900924999719,300.6435149324805,300.6435149324805,300.4683055401823,300.4683055401823,300.4683055401823,,300.4683055401823,300.4683055401823,300.4683055401823,300.6435149324805,0.29141241042538335,0.3242185162052866,0.34414554762121696,0.3807516229684037,0.2956922221870958,,0.2417090885429164,0.23203245269775555,0.20656004144322498,0.28973533383060684,1.130610661536026,1.1741979567827459,1.1720381644786468,1.1476101395217215,1.0991863575540597,,1.0918976402297877,1.0811842005577008,1.0826616438686887,1.0922238062759713,355.21,1131.5002,3978.695,809.9,635.615,,2010.4650000000001,949.8199999999999,1249.15,1536.4000000000003
2020-11-01,2020,11,NE,6029.450682138889,12935.5852,10790.926198607722,66105.05704247067,81681.65799999,0.0,46.6113483767158,55.87519153746808,9.121012751362024,131.1299999999992,4,5.173940297066105,9.101409072299242,8.664631279911326,7.433222173197457,4.875623215901971,,4.491792003996641,4.048405774122776,3.838458537713332,4.678584962283184,300.3969329501497,300.5458270568137,300.55354793701486,300.6650770936046,297.37777880862063,,297.39826470911476,296.55917391813483,295.5937538427009,299.5122050211101,97534.6434415557,101039.72510695865,100833.582170659,98802.04306473024,93797.67327878313,,93783.36784865573,92744.2894449738,92861.90004565603,94637.78174018807,0.0019184132275648382,0.0013249071938218344,0.0004957300380724389,0.00035457760495765604,0.0013798605078691611,,0.004133053379469286,0.007520830051130201,0.008373179221406835,0.0019236928524824397,301.28164682737474,301.28164682737474,301.04214331376863,301.04214331376863,301.04214331376863,,301.04214331376863,301.04214331376863,301.04214331376863,301.28164682737474,0.24502426605866814,0.32409325131947003,0.3534956908379915,0.3859260795969833,0.269443160524625,,0.21920091427292254,0.1962024106188875,0.17941168795206264,0.25513398292334055,1.1310238628440028,1.1711486161249685,1.1687329205174648,1.1447508700207094,1.0987669937616422,,1.0985147292591513,1.0893588973699913,1.0943898131204484,1.1007292025786706,355.21,1131.5002,4054.9250000000006,809.9,635.615,,2044.0650000000003,949.8199999999999,1249.15,1536.4000000000003
2020-12-01,2020,12,NE,6279.672372308494,13143.1702,11165.524768814344,68074.98530941129,83410.10199999,0.0,47.77897780178251,56.24162323160855,9.224640069720788,207.58500000000092,4,5.865939455138686,9.23376831120432,8.887114062102999,7.689660001979055,5.527156057669648,,5.141529979623086,4.5594785575037635,3.9571842133850645,4.673453862796988,300.50545341156845,300.4988981876205,300.612594811214,300.6438784134772,297.5002158244281,,298.4147516131148,297.7640675091727,297.43316555868336,300.0871399869358,97530.84762798765,101047.83867715513,100838.33430358797,98806.30776368998,93793.07316265545,,93779.15807479092,92712.40628783609,92809.10946606193,94730.04222622413,0.0003568150647376858,0.000692647452145907,0.00044833041386759334,0.0003641722823596821,0.00047575383852071503,,0.00020260105958275177,0.0002652981495714512,0.0008938942755865772,0.0003370104058375129,301.22851202634837,301.22851202634837,301.05007557494116,301.05007557494116,301.05007557494116,,301.05007557494116,301.05007557494116,301.05007557494116,301.22851202634837,0.27434026780172366,0.3249558624703253,0.35833019191838344,0.39140927118936547,0.2938438838771288,,0.21930928298091074,0.18987915698562893,0.15208718269146054,0.22901914899414036,1.130586802802176,1.1714254042448524,1.1685583712569576,1.1448787293075076,1.0982585526402635,,1.0947225524210977,1.084573337049434,1.0870039052864902,1.099686712287356,355.21,1131.5002,4054.9250000000006,809.9,635.615,,2146.6500000000005,949.8199999999999,1249.15,1662.4
2021-01-01,2021,1,NE,6342.016575265726,13715.960199999998,11104.463098115524,69898.2721484929,84137.32999193,0.0,46.23822527033672,57.11232068790425,9.073209366023605,572.7899999999972,1,4.780163274418732,8.100356764218986,7.9248113469586166,6.77301233023356,4.875862751450541,,5.4890173959438044,5.014825234688489,4.956087830664302,4.648744207953611,299.5644871452995,300.3254894446203,300.671121488775,300.75254397304553,297.54155335738744,,298.8086132656725,298.24039053123226,298.11539533845905,299.6871336492707,97525.11637394078,101021.81245460948,100789.17279511114,98759.28624482962,93749.25474835394,,93836.19056687661,92686.84917800214,92797.1652961514,94902.58516998493,0.0017135459438557999,0.0016907653363272784,0.0006045848524530592,0.0005476560168175212,0.000736071000112313,,0.0003680909914091442,0.0007222462269100468,0.0009383663652413601,0.0005473078097308265,301.2907573585283,301.2907573585283,301.17648660155817,301.17648660155817,301.17648660155817,,301.17648660155817,301.17648660155817,301.17648660155817,301.2907573585283,0.22549695648765383,0.2865075354070321,0.32336953835625615,0.3509026524578735,0.2652274978018039,,0.24586811057489377,0.21868972492063393,0.20323517221286583,0.2269043117013446,1.1340573462801813,1.171799727910083,1.1677610918403798,1.1439196233369961,1.0975938846194029,,1.0939433342104672,1.0825417784535376,1.0843761638551166,1.1031550747773418,355.21,1131.5002,4183.8949999999995,809.9,635.615,,2278.02,949.8199999999999,1249.15,1953.8500000000001
2021-02-01,2021,2,NE,4426.863514877813,13902.5602,11218.179636902632,70359.76954174608,86482.562,1829.2885751221877,31.842074058257364,39.46151388337084,6.291753858362559,186.60000000000215,1,3.9721702085505655,6.596507732981296,7.0940752306964106,6.00004424733415,4.281894036558752,,3.1654196166448694,2.816710462698151,2.431380468938145,2.5443042500270554,299.166524672568,300.20968265837007,300.8634619600997,300.9868430766312,298.4580744562572,,298.6142498460338,297.26300480781885,296.94870857006987,298.4188026662977,97550.27793945833,101031.80589027205,100778.65438060147,98751.35151523334,93712.02964746741,,93810.61539367118,92672.33304961733,92767.82316212523,94924.77103421515,0.005030386964872428,0.0031336759261921783,0.0013130181378553656,0.0014679167974912105,0.0006489593305682067,,0.0021736355562890146,0.003520393180004981,0.00598906247934697,0.003998222349345859,301.5119983012526,301.5119983012526,301.59204911507004,301.59204911507004,301.59204911507004,,301.59204911507004,301.59204911507004,301.59204911507004,301.5119983012526,0.1875358701460379,0.23224604689382916,0.2882036573413649,0.31166087312306245,0.24649233432564913,,0.17705219249022583,0.15498583368411556,0.1349012781834767,0.15830764307385878,1.1358528521777558,1.1723676142311361,1.16689308496312,1.142932802471827,1.093788533531946,,1.0943566815391461,1.085947809103762,1.0882910579147793,1.108104288362838,355.21,1249.1002,4183.8949999999995,809.9,635.615,,2320.02,949.8199999999999,1249.15,1980.8500000000001
2021-03-01,2021,3,NE,4856.226483867728,14061.1102,11499.665245965834,72223.71587231194,84790.25199999,1471.273106132271,34.53657936531732,42.22928563569559,6.723866842372531,158.54999999999927,1,3.0286484011708503,5.388598769162585,6.234862821703447,5.458659870401914,4.490143082478966,,4.928457281964251,4.250650176933474,3.9264874005943082,3.5086308650244895,298.2536816917955,299.57780660565305,300.25686990960526,300.2677190281135,297.62037744790143,,299.0474974234953,297.9955237631733,297.55839560574043,298.37565519571586,97586.83725120351,101063.93156121037,100793.84128938898,98764.36013319544,93748.30119328327,,93826.2460253192,92701.51501764805,92813.18589553396,94960.8012260052,0.007997986583570257,0.007722860714048591,0.0033602305532927316,0.00196600332056976,0.0017898853788416332,,0.00024358890115057136,0.0003888330594720248,0.00018267163148005263,0.0016808269306357968,301.79872372942486,301.79872372942486,301.8164234347306,301.8164234347306,301.8164234347306,,301.8164234347306,301.8164234347306,301.8164234347306,301.79872372942486,0.15449448402177435,0.19745825766924222,0.2583453897900427,0.2839383322127822,0.24391347847914502,,0.21964257124358955,0.18508640816693087,0.1590381278376351,0.17229804052861833,1.1397559155556525,1.1752138395324996,1.1694245331213309,1.1458260264515143,1.0972908502086987,,1.0929529764030825,1.083612996441963,1.0865935634975386,1.1086786303249951,355.21,1278.5002,4215.844999999999,809.9,635.615,,2387.2200000000003,949.8199999999999,1249.15,2010.8500000000006
2021-04-01,2021,4,NE,5487.496192813,14381.5702,11163.710490274862,67891.00505274467,79910.22999997,984.210397187,38.15644687263008,49.15476980161183,8.08280299952807,320.46000000000095,2,3.7672461587609476,6.3924546434352605,6.632519953292764,5.8787138320267065,4.127563108703422,,4.778673231948184,4.333576773605603,3.952875752353584,4.845595805983474,299.1872915051709,300.25904456303573,300.54674237346234,300.1280655112587,296.86500503164217,,298.14221970374246,297.1729543600408,297.0277105313937,298.883705995724,97574.77497642241,101049.32722766712,100795.90001055086,98779.91548725154,93795.59841968998,,93856.43340347824,92762.69925913594,92884.9121719019,95040.91306298955,0.00348779739336818,0.004524835346406451,0.0023451819160488735,0.0012852326825496434,0.003048837290895225,,0.001993049913659323,0.0024765012137419615,0.0016045812072059443,0.0023588287433576006,301.9099282731044,301.9099282731044,301.90221727661896,301.90221727661896,301.90221727661896,,301.90221727661896,301.90221727661896,301.90221727661896,301.9099282731044,0.17074117881080283,0.22758493025366747,0.2710509543625371,0.2953547589395324,0.21793949604456406,,0.23558077682548817,0.20267596464901508,0.1716427482229473,0.2260543834452796,1.1360639926576166,1.1723780468225478,1.1683194651207762,1.1465371036671388,1.1006406858306637,,1.0966248560943486,1.0873237962552673,1.0893754682211587,1.1077271844870813,355.21,1307.9002,4330.955,809.9,635.615,,2441.82,949.8199999999999,1249.15,2144.8
2021-05-01,2021,5,NE,6375.017643813885,14659.3852,10767.942676072473,66353.93095161322,81351.38999999,221.70569618611444,43.487619411309865,59.203673678351386,9.607596041992888,277.8149999999987,2,3.7155780292183445,6.474308629556391,6.71337191597601,6.075341841322108,4.852410837501542,,6.175366563212477,5.288132046476452,4.659509361711203,7.024362266836988,298.8166045219001,300.2413188849285,299.7934177086687,298.7886101736494,295.2619636057738,,296.2640007597542,295.6761760982766,295.57674564123295,298.4125993771171,97713.12921493623,101196.58284581505,100946.00647908964,98935.38286362517,93965.66489738284,,94037.99556045445,92951.70918305576,93085.022522536,95237.93228346294,0.00410366287716729,0.005130461254105115,0.008851941040142655,0.006783179094979718,0.0018946094327848765,,0.0002775790844566919,0.0001618992639813989,6.84687387755264e-05,0.0001733538932864427,301.8419107628034,301.8419107628034,301.52197033892077,301.52197033892077,301.52197033892077,,301.52197033892077,301.52197033892077,301.52197033892077,301.8419107628034,0.16126465599922363,0.22809841285143456,0.2699529393208051,0.28628609593760335,0.24010270082880164,,0.27085261864236737,0.21898653954615788,0.17330576552768015,0.31448871942228596,1.1390742445945146,1.1741558057070927,1.1729976965468327,1.1534895637589848,1.1086255341300546,,1.1057124321200826,1.095048638448904,1.0970834083027656,1.1117764352640092,355.21,1337.3002,4424.51,809.9,635.615,,2471.2200000000003,949.8199999999999,1305.5500000000002,2222.05
2021-06-01,2021,6,NE,7369.84245416325,14831.8752,10967.231370830432,65814.08445972399,80548.49199999,0.0,49.68921565739206,67.19875057769671,11.19797155071472,172.4900000000016,2,3.4087813826814606,7.156601314518547,7.319337968029991,6.4623585422324314,4.754112171360202,,6.3021687006864475,5.5482662046970885,5.041734157424814,7.546968799808663,299.0510113608384,300.30106165106133,299.7934974051317,299.11382478995887,294.50095810594655,,295.7913069888117,295.15931352686204,294.8486852663625,298.87315518799284,97770.4375642226,101262.11515667326,101021.66839912074,99006.7257030189,94048.39188743381,,94079.29822383304,93031.45600353245,93171.27420579449,95308.94206883306,0.0012729755372220231,0.0017162150793041068,0.0006120602305804773,0.00045617030751112495,0.001031028818388726,,0.00030225634382214517,0.00026184712966187786,0.00016545999155878727,4.742987869002753e-05,301.38331721020137,301.38331721020137,300.9601686641756,300.9601686641756,300.9601686641756,,300.9601686641756,300.9601686641756,300.9601686641756,301.38331721020137,0.16341988932679977,0.2522382013750355,0.2980806344629412,0.3160411729416976,0.23489868880494164,,0.2774405762776882,0.2329646464480434,0.18984022558016217,0.3458296447474581,1.1388540895425214,1.1746825035862865,1.1738788442432808,1.1530732196059479,1.1124664212990585,,1.107966887796412,1.0979100535990975,1.1008118725563623,1.1108916479098323,355.21,1337.3002,4424.51,809.9,635.615,,2559.6200000000003,981.6199999999999,1305.5500000000002,2253.5500000000006
2021-07-01,2021,7,NE,9076.05591397512,15170.9352,11038.132947577407,65086.01020295645,80440.735,0.0,59.825289570646376,82.22455697063413,13.944710830596971,339.0599999999995,3,4.737702912662763,8.672357602016861,8.32159695651413,7.515942971806959,5.242541707870121,,6.861915756459417,6.143389941662839,5.147715263217974,8.392243259181896,299.40554453026436,299.97669492889383,299.32770979035035,298.29656222716324,294.2032324170833,,295.11259614764225,294.5055503232212,294.21026117899646,298.48106735861563,97862.43460910449,101374.29450577224,101151.15031240528,99176.8725190457,94183.29192224264,,94191.36028861903,93186.63550966154,93330.44888792081,95443.3208295661,0.0004910247414432939,0.0021186371705604282,0.000997007575112183,0.001207415281424332,0.001266120323482277,,0.0005809014319263067,0.000305980100915803,8.947944243577298e-05,0.00010873487487000525,300.7821510365136,300.7821510365136,300.285277361222,300.285277361222,300.285277361222,,300.285277361222,300.285277361222,300.285277361222,300.7821510365136,0.217033288545032,0.311318715248199,0.32966101163026995,0.35445820527984073,0.25044421826257185,,0.30454311914418997,0.26308536548579126,0.20882314567175841,0.3923530719389266,1.138581589437762,1.1772558266771218,1.1772143302399023,1.1582164561800417,1.115191546885779,,1.1118384158155648,1.1021852179906835,1.105085376395583,1.1139201592570365,355.21,1337.3002,4602.670000000001,872.9,635.615,,2631.02,1008.12,1305.5500000000002,2253.5500000000006
2021-08-01,2021,8,NE,10320.323827953764,15429.9352,11276.101979835244,67318.42904032225,83273.89399998999,0.0,66.88507562853384,91.52386034118288,15.330607049329862,259.0,3,5.464566368349168,9.911107940738875,9.4936824087125,8.659649836247047,6.149820806452039,,7.440941613546076,6.896384937406815,6.432320898311362,9.085145918189511,299.89073430776017,300.01869636029085,299.2654805293445,298.54917760637437,294.040023315302,,295.2189186419169,294.64607521647054,294.3625246789043,298.89025962595815,97765.98211093439,101290.64527579989,101096.04661871007,99033.41259788262,94156.1099513365,,94147.16330637688,93150.11493243746,93290.05457398221,95372.00341093773,9.52766301173014e-05,0.00040087140991125584,0.0005231812695742275,0.0003008605658942111,0.0011205915257391336,,0.0002786443838940013,0.0002442513057475601,0.0001675696540390801,1.1770240492274525e-05,300.3378043568278,300.3378043568278,299.85688918855004,299.85688918855004,299.85688918855004,,299.85688918855004,299.85688918855004,299.85688918855004,300.3378043568278,0.25538317608352057,0.35298727871066254,0.37344988226001474,0.4151918741037976,0.2975797413181741,,0.33920109974317697,0.3054919175810508,0.2668019415673811,0.4320246816284498,1.135623429541773,1.176119989571515,1.176819864696006,1.155560807943158,1.1154860057000984,,1.110916604380799,1.1012362269547546,1.104038007195263,1.111566390906674,355.21,1337.3002,4718.320000000001,970.55,635.615,,2631.02,1066.42,1305.5500000000002,2253.5500000000006
2021-09-01,2021,9,NE,10060.349245829517,15758.9202,11972.59602638511,70113.685711111,83645.29799999,0.0,63.839077285444446,84.02813578323864,14.348624157744483,328.9849999999988,3,6.009263581333665,9.944322476618625,9.185282231728339,8.118736005088126,5.780139500082699,,6.548758792813885,6.202937765388562,5.930501262692518,7.6518057781730935,300.62675585228186,299.9764253297574,299.84880598779057,299.63471347892863,296.34941334883956,,298.2031069026519,297.5366785631628,297.864247425467,301.26398750859215,97705.88922046112,101244.98788117796,101022.52304686059,98861.28147541758,94036.17951241121,,93940.20028877175,92971.93671273056,93041.76983664693,95220.39956055448,0.00013122735402215093,0.0003595479044808654,0.00032113336894046664,0.0002856103934938382,0.0007194301069004035,,0.00011745336741772511,0.00022876900068542272,0.00015007257431470718,8.627254585290978e-06,300.38646988841157,300.38646988841157,300.1385209046827,300.1385209046827,300.1385209046827,,300.1385209046827,300.1385209046827,300.1385209046827,300.38646988841157,0.2805777656522232,0.3499430889017909,0.3660089590960695,0.39746780911590734,0.28996140949629867,,0.2942328397991778,0.27050812360356136,0.24013270128782713,0.3630020467254967,1.1321730552894465,1.1757555958505737,1.1736760021705743,1.1493785796766571,1.1053829722849513,,1.097384394842644,1.0884561028156634,1.0881567213072265,1.1010522265649594,355.21,1337.3002,4880.42,1166.585,635.615,,2685.6200000000003,1087.62,1305.5500000000002,2253.5500000000006
2021-10-01,2021,10,NE,8969.401005566613,16082.3952,12179.026026504622,67063.81778910031,81021.9309453,0.0,55.771549536145045,73.64629146901355,13.374426481017284,323.4750000000004,4,5.7089012857219785,9.137702580020356,8.703018878947645,7.461308154159629,5.662536872456792,,5.773984343486144,5.644672979214333,5.355717359032259,5.715582218697726,300.78459598640814,300.3786788036766,300.50537581117817,300.6184834256648,297.7811134437826,,299.40363717492505,299.03815954591414,299.0099048520562,302.0929461907854,97582.74633843362,101109.44557046026,100875.49122174442,98585.0621591531,93851.81983492368,,93710.11456120509,92776.14452140912,92848.37264754319,95043.23961464966,0.00032280919614039935,0.0006045262099223581,0.0004562142206296475,0.00024257218555759932,0.00042574578248021164,,0.0013984592959470448,0.0016245142635650986,0.001496023407454777,0.0006358829379443416,301.0441792811983,301.0441792811983,300.88597409190004,300.88597409190004,300.88597409190004,,300.88597409190004,300.88597409190004,300.88597409190004,301.0441792811983,0.27848301339312576,0.32543909747377847,0.35317752076831954,0.3754778972610045,0.29130715343690605,,0.26191348939378895,0.2545010691319889,0.2300608779647103,0.28863358124685584,1.130150718782767,1.17260891741008,1.1694075169678309,1.1424230875579777,1.0979098689481779,,1.090305110411875,1.0807070881641678,1.0817326906252909,1.0959917700235362,355.21,1337.3002,4932.990000000001,1333.535,635.615,,2744.4200000000005,1087.62,1305.5500000000002,2253.5500000000006
2021-11-01,2021,11,NE,7240.084129162972,16351.7202,11923.984643052652,70279.06433610967,86799.19299998,118.18996083702768,44.277201668133806,60.71866365058855,10.301907399531196,269.3250000000007,4,5.209632815664357,8.362859809228153,8.130033135659279,6.924496236919966,5.316222937322566,,3.8232121489590605,3.31787126523961,2.6987926468435757,3.607371437799935,300.8772404856155,300.8014686846403,300.9945808644245,301.3124279578661,299.06907177102727,,297.67735208173633,297.0554356860075,296.64575443861713,300.60525060731004,97489.78464587848,100993.72872919985,100751.35869151309,98442.90331340373,93694.46049569121,,93601.43390076503,92672.34406203455,92741.2419216279,94955.32039275533,0.0006881609502504193,0.000732374319840927,0.0005296733623293419,0.0003366607781432136,0.000284583052477525,,0.003260376358449033,0.004938833800814859,0.008709099544564222,0.0012685326637408392,301.6128601233488,301.6128601233488,301.4683129627485,301.4683129627485,301.4683129627485,,301.4683129627485,301.4683129627485,301.4683129627485,301.6128601233488,0.2523818737479709,0.29342019678597336,0.32779154734906873,0.35302851633229,0.2856181437097496,,0.1958265598720591,0.18040662130254925,0.16342980024628423,0.20938267196640584,1.1287160550684696,1.169620546317729,1.166069765963134,1.1381481617571048,1.0913492070047228,,1.0953528124774088,1.0867038388488814,1.0890917052713194,1.1004047861494408,355.21,1337.3002,5054.789999999999,1431.1850000000002,635.615,,2744.4200000000005,1087.62,1305.5500000000002,2253.5500000000006
2021-12-01,2021,12,NE,7174.199244302434,16819.2802,11664.32136088394,70080.84916196225,84167.71799997,394.4768456975671,42.654615173736346,61.5055005974112,10.237032413409128,467.5600000000013,4,5.6313134645642435,8.488215404821789,7.953359851536268,6.594407851292235,5.202102357466044,,3.4929047501985675,3.2216518263572027,2.3539987089429397,3.5587323846520458,301.0565459750592,300.8653311287751,301.0469838082196,301.17037393929166,298.6948046502229,,297.179642719083,296.2716939653973,296.00310794423746,299.5282450027196,97434.36680238451,100936.1740572162,100694.74044492951,98351.98658697966,93656.03555611495,,93557.54673425987,92552.63328622897,92685.9385473316,94924.03496843867,0.0015402354490777416,0.0015084973875438982,0.0011323188784267242,0.0009774759244599435,0.0008658397722230698,,0.005848406494542827,0.007908255817831543,0.014560257885717041,0.0025557209828104225,301.77149660173814,301.77149660173814,301.694157741997,301.694157741997,301.694157741997,,301.694157741997,301.694157741997,301.694157741997,301.77149660173814,0.2665477421503138,0.29381168461872775,0.3191455787247881,0.3379247855469171,0.28038268183472426,,0.18156359479630632,0.1699423450032255,0.1346065902772965,0.19638144832404222,1.1274001454467208,1.1687058741692695,1.1652112319917216,1.1376282845882095,1.0922697283360483,,1.0966715209843265,1.0881842537791888,1.0908046373818971,1.103997774360281,355.21,1337.3002,5116.79,1596.3500000000001,635.615,,2744.4200000000005,1222.02,1305.5500000000002,2253.5500000000006
2022-01-01,2022,1,NE,5499.501544351398,17483.7002,11272.549063169396,71861.25222984,88576.12999999,2368.163545648602,31.45502085623384,48.78667206089015,7.652944213610237,664.4199999999983,1,3.468405995351498,6.176397520698253,6.129989411769699,5.159423231501036,4.342441298899935,,3.9236655137947607,3.706698213170192,2.8742797639789126,2.9718586892816092,298.83686520138394,299.99973833560597,300.3000563165384,299.99685757737814,298.2539950613596,,297.06522020893783,296.36811304727286,296.5371562171461,298.12657386505003,97602.47144998734,101082.11497944703,100812.22630060506,98282.38121197384,94069.31902722853,,93691.17715309611,92613.55952131115,92837.53486736296,95105.68180602223,0.005778289810655685,0.0044478841016288035,0.003925041806478026,0.0026492186998359002,0.0021593307710928993,,0.0027508933188404266,0.0027009007776512923,0.005217534641044871,0.003554112411623073,301.77488791606737,301.77488791606737,301.93809448582016,301.93809448582016,301.93809448582016,,301.93809448582016,301.93809448582016,301.93809448582016,301.77488791606737,0.16303287308943876,0.21745019300813298,0.2530768700387548,0.26387961610243604,0.22876536520273102,,0.174318262838841,0.16012375206023807,0.12283465754505488,0.15729564341461572,1.137709926254802,1.173772201213849,1.1694696454677396,1.1412595895311162,1.0987002745536778,,1.0986625427967833,1.0885542996976705,1.0906211993059487,1.111301105996633,355.21,1337.3002,5154.59,1814.54,734.615,,2744.4200000000005,1375.9200000000003,1329.0500000000002,2336.350000000001
2022-02-01,2022,2,NE,5995.100107773378,17763.845199999996,11754.36664285457,73762.98596577429,87190.99899998,1998.63023222662,33.7488873623678,51.00317430899414,8.127518198022893,280.1449999999968,1,4.115026669009376,6.7028973599917645,6.694272788402017,5.456421771608845,4.186603837328655,,4.0982643096999105,4.003996988801855,3.2308399064324185,3.3017062450598593,299.4145247475332,300.3421465822446,300.78609755579066,300.6321414517068,299.00364508181974,,298.28572981616156,297.3104872555699,297.2053730677888,298.74959618204343,97548.09045353453,101030.13057992699,100762.29772454349,98247.73022572695,94015.88483976299,,93624.70596656125,92506.25991068926,92788.0221846667,95046.08762867296,0.002989379123784457,0.0032001233612218996,0.0016643013915218386,0.0009605024744524285,0.0006379914764880769,,0.0013097966109847264,0.0017755471307657937,0.004528636669104525,0.0026027859959711934,301.87707877862334,301.87707877862334,301.8986595601143,301.8986595601143,301.8986595601143,,301.8986595601143,301.8986595601143,301.8986595601143,301.87707877862334,0.18277716099190638,0.23264800629494317,0.2672606584143785,0.27595067287787367,0.22508292794564314,,0.17346401695438168,0.16434976456639247,0.1274916448656285,0.16075654194984487,1.1348924321600025,1.171831089809162,1.167001924421754,1.138457500918806,1.0953229748742785,,1.0933886045958603,1.0838479613215553,1.0875872646984999,1.108291625031965,355.21,1337.3002,5231.4400000000005,1848.14,734.615,,2744.4200000000005,1497.72,1329.0500000000002,2336.350000000001
2022-03-01,2022,3,NE,6599.626526878387,18098.3452,11567.363716395212,74277.22348387065,88561.65999997,1544.6288131216124,36.46535887092256,57.05385158352275,8.885128195874877,334.50000000000364,1,2.9056259643117186,5.201477259250586,5.626814027490177,5.1022117306584835,4.572622660529307,,5.512465803935129,5.32443862567836,5.21917489873332,4.806363690071203,298.5158340472574,299.6487204336937,300.0963631348991,299.7944311572771,297.6660461853666,,298.07350254277753,296.90189550068067,297.1927262045039,298.47213051782256,97524.56563195011,100997.09222452446,100700.64481796278,98187.62042984483,94008.11638579391,,93633.08248919627,92467.25041058591,92829.00432318934,95031.35878212807,0.012019576437234104,0.014469103411513348,0.007122959594672038,0.004084467437489908,0.00311066632287769,,0.0014969471069292868,0.001497512861710905,0.0009379740252704825,0.0037826455048465203,302.0769605158058,302.0769605158058,302.13773846110945,302.13773846110945,302.13773846110945,,302.13773846110945,302.13773846110945,302.13773846110945,302.0769605158058,0.15212784377355526,0.19456458827909476,0.23349257827625336,0.25930826645846344,0.22650423331343209,,0.2443078459297364,0.23042745875591383,0.20256865404434413,0.2147170103351178,1.138032103363204,1.1741586760454208,1.1689669046781908,1.1409410029458662,1.1001573901944532,,1.0942667155611672,1.0848815766031497,1.0881156784323482,1.109143579181904,355.21,1337.3002,5328.040000000001,1881.74,734.615,,2744.4200000000005,1621.92,1442.15,2336.350000000001
2022-04-01,2022,4,NE,6394.624597219083,18150.2452,11332.976533330597,69233.18199166567,84535.761,1772.9857427809184,35.23161547822551,56.42493460047601,9.236358077531191,51.900000000001455,2,2.8140095953781827,5.137276616318218,5.596480445929233,4.975385642124787,4.086985153173343,,5.149104969540601,5.056731082897029,4.855572609510138,4.67562784417316,298.47334205140095,299.7403092796758,300.0543865394849,299.5682574772909,297.4810301338138,,297.9728260812419,296.7206387485498,297.0305786830452,298.80911479223937,97573.58340224797,101046.01064242395,100753.45802095054,98244.05806344793,94059.13535533917,,93686.51152207253,92519.19963530877,92884.33635292256,95083.45341558415,0.009310797962899442,0.012809456018534858,0.005661270871153449,0.0025501984987761905,0.0011876528274369729,,0.0011465211970497222,0.0015739210694771552,0.0012428798897198999,0.002798181962522617,301.9848060863485,301.9848060863485,302.2468865687193,302.2468865687193,302.2468865687193,,302.2468865687193,302.2468865687193,302.2468865687193,301.9848060863485,0.14346158897979763,0.19179049220351577,0.23271169771407627,0.25763324377246927,0.2205893220731944,,0.24191414886764767,0.22448980896456697,0.19735493919270988,0.23230608122356997,1.1387640771775478,1.1743684217963963,1.169742627517425,1.1424650109267631,1.1014392102923203,,1.095261735475859,1.0861531458826477,1.0893594907542008,1.1084969723932445,355.21,1337.3002,5328.040000000001,1881.74,734.615,,2744.4200000000005,1621.92,1461.0500000000002,2336.350000000001
2022-05-01,2022,5,NE,7384.606624124772,18209.0452,11080.756221099287,66458.14123232,82197.17499999,809.4637158752284,40.55460647725105,66.64352573756169,11.111665910591976,58.79999999999927,2,3.811896877481536,6.181539821234202,6.275163109327919,5.850216264428486,4.686742128122193,,5.619755330756162,5.060151865344793,4.206312621577708,6.466517298934541,298.6729427028462,299.8376284795862,299.6710153179139,298.68756019296876,296.1700006998045,,296.9034024170192,295.72223528571953,295.1161452030899,298.4472779386178,97725.50391053884,101208.38897174135,100932.18507492766,98424.37060538052,94257.84871114462,,93894.62188100081,92718.69800837895,93089.85681193533,95279.17812540129,0.002766486694495633,0.010928984323335321,0.007302041952632223,0.0039047432151322367,0.003268936998864498,,0.0008309099303252994,0.000497375812847181,0.00011062230993313342,0.0009262472937231389,301.78175461953373,301.78175461953373,301.7592437720222,301.7592437720222,301.7592437720222,,301.7592437720222,301.7592437720222,301.7592437720222,301.78175461953373,0.16840086980082286,0.21822116845483203,0.2525640788021173,0.28723485216343003,0.25152808609801536,,0.2665601190826498,0.23046349289987733,0.18443790054889161,0.31213749127795465,1.1397751232817908,1.1758738071479067,1.1733165863994177,1.1479289693404564,1.10865256215326,,1.101651210191769,1.0921673137931973,1.0988533853234108,1.1121252596117477,355.21,1337.3002,5386.84,1881.74,734.615,,2744.4200000000005,1621.92,1461.0500000000002,2336.350000000001
2022-06-01,2022,6,NE,7507.952269486292,18353.0452,10408.504999994944,65144.22442629333,81871.96099999,750.9180705137096,40.90848242168712,72.13285932504176,11.52512342514888,144.0,2,4.389862154146405,6.768147645217217,6.436379862355505,5.9584970140693425,4.772145920874503,,6.302836971509954,5.637352874156766,4.979538206740601,7.584757930712016,298.407172323156,299.7122347947314,299.0990576801187,297.69166750058855,294.46236365127527,,295.58686642511213,294.38369684368945,293.6855269566632,297.5592790190918,97719.19117212358,101215.52321833292,100956.58864301897,98451.70249866812,94287.62348666479,,93925.18867391604,92742.84319240469,93101.66265108234,95303.86474060769,0.0024896710622609557,0.004034631551440883,0.0030078457077556517,0.002148842414177289,0.004211269319726194,,0.00028983612996325036,0.0002365920069408863,5.446898430939578e-05,0.00034007196883483685,301.4522160753696,301.4522160753696,301.03422217598,301.03422217598,301.03422217598,,301.03422217598,301.03422217598,301.03422217598,301.4522160753696,0.18327988058572783,0.23910276127439503,0.25116771613179023,0.26776757604716356,0.2246451906721282,,0.27521037455251296,0.23269233273894774,0.18256400135915815,0.34254844000744283,1.1407064270439626,1.1764487453313386,1.1758449285022374,1.152071028726658,1.1154372062880058,,1.1069207362116333,1.0974195183210633,1.1043474844008507,1.1157338800577996,355.21,1337.3002,5487.64,1881.74,734.615,,2744.4200000000005,1621.92,1504.25,2336.350000000001
2022-07-01,2022,7,NE,10353.642334636936,18455.6452,10488.68696236082,65929.05723760968,82077.48800633001,0.0,56.10013750501086,98.71247346585422,15.704217181996391,102.59999999999854,3,5.433123014471687,8.559363668291496,8.287488523457018,7.80910386633161,6.007496519440317,,7.181913115802268,6.738028339141983,6.0781144961625815,8.602938146346508,298.7206177976076,299.6065337842625,298.7186659837056,297.44173350405066,293.83081129879014,,294.92279316453073,293.80416362582196,293.7867404740115,297.2712205453706,97771.04067840149,101282.9505439649,101051.88149018891,98549.18049650856,94410.79481918248,,94060.69281037751,92884.59964964364,93260.4662945551,95409.01460470661,0.0005935928523292589,0.003489311051891999,0.004496553879036845,0.002466936509127636,0.0017018548592778334,,0.00047657672307838616,0.0005988043196885779,0.00023881334942517962,0.00013872194425971696,300.65591041654557,300.65591041654557,299.99648317245544,299.99648317245544,299.99648317245544,,299.99648317245544,299.99648317245544,299.99648317245544,300.65591041654557,0.23243950324862497,0.3035451427270038,0.3179228889810505,0.3605042007764958,0.28001581866572267,,0.3201899660275982,0.29017507195211045,0.24735887117895555,0.3961088407726834,1.1401214397748125,1.1776479398977697,1.178455769376074,1.1541861770263158,1.119294265738828,,1.1110124330242224,1.101264897214777,1.1058486867133586,1.118048330426974,355.21,1337.3002,5487.64,1881.74,734.615,,2744.4200000000005,1621.92,1525.8500000000001,2417.35
2022-08-01,2022,8,NE,11602.524296582378,18691.430200000003,10808.890258059271,66493.34735522774,82131.47098987999,0.0,62.074031641422366,107.34241924541108,17.449150566293728,235.7850000000035,3,5.733165734121097,9.669226460617818,8.939086398677869,8.11815783917937,5.78738527520585,5.242890331406643,7.110693239878901,6.650665888450752,6.065226231874851,8.565764550913176,299.12508107721754,299.6164758614528,298.87589266435214,297.695684308573,293.6176457268682,296.0224304199219,295.28948332010793,294.26778671973625,295.1124081370598,297.9024961341592,97748.94901167616,101282.24855716179,101074.80484343992,98573.75752960025,94429.55978918381,98921.1875,94071.6481979267,92859.52547578642,93194.99984189139,95421.91860680212,4.654119097423611e-05,0.0005604293843384774,0.0005077003338206081,0.0003617821460842539,0.001710055048433418,0.0009555977303534,0.0004383163849226225,0.00042672911994676854,9.412433837574773e-05,0.00010717713224771577,300.2430536949431,300.2430536949431,299.7554653005131,299.7554653005131,299.7554653005131,299.7554653005131,299.7554653005131,299.7554653005131,299.7554653005131,300.2430536949431,0.2482552484820169,0.3418062850346012,0.3470237944388237,0.37698126842421237,0.2709949392045864,0.2432664036750793,0.32208353342427376,0.29289150672929937,0.26091211590193614,0.4018281410083894,1.1383249334855396,1.1776009557170464,1.1781050591893636,1.1534908560502564,1.1203236083701982,1.1641127517473813,1.1097637373943199,1.0992375155708214,1.1001107828722718,1.1158317310847168,355.21,1337.3002,5487.64,1881.74,734.615,49.6,2775.6050000000005,1621.92,1525.8500000000001,2643.8500000000004
2022-09-01,2022,9,NE,11685.341414384318,18904.1152,10992.91050971743,67199.22714896234,83201.63901561,0.0,61.81374420731587,106.29888603254614,17.389100902129584,212.68499999999767,3,6.174568719442959,10.068031991447189,9.00696342638823,7.993092819466428,5.584552456156879,4.882699698794139,6.595739812888217,6.172759414545445,5.781901902067311,7.609243537694817,299.7581738533495,299.6259876865377,299.394570332469,298.937990943636,295.28940661418625,297.4005126953125,297.15059012573397,296.22496018603056,296.85712489670067,299.91190388127546,97695.45023630389,101244.61904130844,101026.23922495457,98508.99303437246,94340.97341294424,98789.109375,93962.25654166994,92726.86307316324,93014.163787387,95296.28145528652,5.730854557139794e-05,0.00038194652582199974,0.00027488768895851104,0.00011284629729291766,0.0003303579299896709,0.0007018903270363,0.0002672973095365767,0.0004804106940549284,0.0005379394159741154,1.123632446881082e-05,300.1033955932475,300.1033955932475,299.7832065653594,299.7832065653594,299.7832065653594,299.7832065653594,299.7832065653594,299.7832065653594,299.7832065653594,300.1033955932475,0.27944072322471464,0.3573901360945658,0.36309580091365334,0.3921657078395658,0.2811576214595661,0.2362540960311889,0.29947124555356,0.27395926512571267,0.2451779139220731,0.360482388316687,1.1353136910209267,1.1771263098136182,1.1755008438059886,1.147950779989467,1.1129333196004012,1.1571714298466464,1.101532657596864,1.0904168087083166,1.0915247594840631,1.1068976981942995,355.21,1337.3002,5487.64,1881.74,734.615,49.6,2806.79,1621.92,1609.8500000000004,2724.850000000001
2022-10-01,2022,10,NE,11897.68526925969,19202.9252,11621.156887092084,68675.05703230742,83901.634,0.0,61.95767126801957,102.37952541949376,17.324609229902137,298.8099999999977,4,6.548314718824797,10.200872300354545,9.283088301350485,8.089259436116102,5.87768145659308,5.563536642196223,6.601678730868455,6.334761712970814,6.020352283665293,7.15997864414289,300.40412560163304,300.03592178841484,300.02352751215733,299.7847360826273,297.087540112265,299.33038330078125,299.19584001920487,297.89660395712286,298.8693956243289,301.231401573546,97573.49610969567,101117.95832819783,100891.63971114944,98377.67276031757,94204.42758281551,98613.609375,93837.05140495305,92584.88381150887,92867.65800760334,95177.98867431079,9.74124312910391e-05,0.0003103346707360866,0.0003205253428744972,0.0002232750899359658,0.0004507951452241789,0.0008697230368852,0.0011535362517523578,0.0013663829421933064,0.0007552325607953343,0.0014236534351478654,300.53125291741065,300.53125291741065,300.33737770438677,300.33737770438677,300.33737770438677,300.33737770438677,300.33737770438677,300.33737770438677,300.33737770438677,300.53125291741065,0.3047287555241087,0.36324185107483126,0.37654388631583896,0.40397372885420196,0.3023575589522353,0.2750921249389648,0.3014655984024598,0.285387227873813,0.2609587643297008,0.33929041162792617,1.131468310248954,1.1740474468760294,1.1714734430160583,1.1431886760416579,1.104594492513945,1.1476683322948873,1.0925403159275933,1.0826351885034677,1.0824670288394427,1.1006829228712736,355.21,1337.3002,5487.64,1881.74,734.615,49.6,2855.3,1621.92,1634.15,2990.8500000000004
2022-11-01,2022,11,NE,7601.183338754694,19704.0802,11456.447676384458,68300.31073055566,85072.58199999001,1265.6527512453067,38.5766971185729,66.34851878582971,11.129061138156924,501.1550000000025,4,4.679072426035606,7.904602698750349,7.505391429886402,6.06954025897043,3.8546308243411906,3.5467684267612776,3.4275118819437536,3.1374841813303562,2.8002809927331174,3.535753892445045,300.0279342536671,300.1301825883891,300.2658269260341,300.17854186382954,297.5787421707269,299.481689453125,297.2401703450573,296.03827153198324,296.1149455457622,298.53357464632387,97537.90366614114,101054.25922385918,100794.61010099942,98288.67102369759,94046.42133996211,98401.0625,93747.54431626656,92522.19202430603,92711.57252200514,95148.77132233397,0.0007373881990759145,0.0005339320371523757,0.000558130128126601,0.000599762091419796,0.002851658251116639,0.0046491064131259,0.006672216605808898,0.007608352733982289,0.008463352302702913,0.0052805235580514415,301.03169438039043,301.03169438039043,300.9399546989121,300.9399546989121,300.9399546989121,300.9399546989121,300.9399546989121,300.9399546989121,300.9399546989121,301.03169438039043,0.2355737056198167,0.282672084869727,0.30853819738539634,0.3171719003976896,0.23982236692052392,0.2359139919281005,0.19161357637831722,0.18579630153798335,0.1651986754806134,0.202794470897854,1.1324699994177991,1.1729390331446057,1.169400281945591,1.1406541297474133,1.1009215837313935,1.144616122014903,1.098673406246964,1.088692100791095,1.0906937251730318,1.1102939010688748,355.21,1337.3002,5487.64,1905.9950000000001,734.615,49.6,2896.88,1657.92,1711.2500000000002,3359.8500000000004
2022-12-01,2022,12,NE,7810.171508292635,19992.3952,11308.88266262969,68541.58788575097,86324.88299998999,1186.406331707365,39.06571188775138,69.0622738009425,11.394792197273098,288.3149999999987,4,5.121058434429243,8.17494073482745,7.439366031483862,6.076552382109453,4.448146657821981,3.99130709403678,3.1196337690503446,2.991517017180966,2.444307266948596,3.831787637646214,299.62174512386827,300.2974664567368,300.41570431473014,300.1123886042863,297.66078623714185,299.6397705078125,297.2834990461496,296.44808520984304,295.9830323379361,298.5345880990471,97515.48436136369,101023.3407971477,100774.03825929674,98305.47796300429,94028.67584827599,98368.4375,93726.11881716548,92564.04152848871,92674.99867485822,95132.13567125148,0.0014183601164743996,0.0008729822569502453,0.0008109073710753047,0.0009743157217874002,0.0009585512805249917,0.0018070752266794,0.004776262580795794,0.006323024733073829,0.010423190373900729,0.002809944653742495,301.2709676971397,301.2709676971397,301.10825832669883,301.10825832669883,301.10825832669883,301.10825832669883,301.10825832669883,301.10825832669883,301.10825832669883,301.2709676971397,0.23983037156305087,0.2892794615467082,0.30545729244436237,0.31198526728073583,0.23588326599234385,0.2032983303070068,0.1725778704828506,0.16512978302345316,0.15072858013820306,0.20211755814623564,1.1337218080768399,1.1719268791789603,1.1685783472559668,1.1410886861278482,1.1004135896561518,1.143632957753132,1.0982649063168366,1.0876753740361198,1.0907497885561122,1.11009378586247,355.21,1337.3002,5559.040000000001,1944.1100000000001,734.615,49.6,2968.8800000000006,1693.92,1745.4500000000003,3409.350000000001
2023-01-01,2023,1,NE,7946.884155269422,20445.6952,11510.283720425765,70773.50265053452,86361.07899999,1253.6786847305784,38.86825112833249,69.0416009569525,11.228615029143825,453.3000000000029,1,3.9078847122286935,6.654461334838793,7.073073554794902,6.119045483526712,4.755908183329854,4.716410215743771,4.156226990810231,4.162586477576811,3.1839123057052685,3.3849655229748845,298.6633404007145,299.7407831263257,300.21003728461324,300.05210360158407,297.93368384688534,300.392578125,297.93451193983407,297.0915640047779,296.75152920798587,298.31971431982373,97619.74645456209,101109.0676224194,100833.6825586609,98304.6480329465,94094.47173519463,98457.59375000001,93805.10792661172,92752.52903292254,92778.67594914603,95219.06740137619,0.005507886738230193,0.0037810574890586937,0.0016764132285538014,0.000800637832081731,0.0011533205929287673,0.0012045095209032002,0.0013940550691875623,0.0017436500386924674,0.004709099335457535,0.0020933249527402076,301.31858390672625,301.31858390672625,301.3526992202552,301.3526992202552,301.3526992202552,301.3526992202552,301.3526992202552,301.3526992202552,301.3526992202552,301.31858390672625,0.1925802519050207,0.23413000015692959,0.28797817261887004,0.31287101965121905,0.24698958188640396,0.23837792873382563,0.18233442692758559,0.17430161509932587,0.13685784034021176,0.1670786872214697,1.1385788433602815,1.1750994958507774,1.1700705795410433,1.1413185879036367,1.1001730529162008,1.141800857182801,1.0967861867514244,1.087530131278462,1.0891411928297199,1.1119079373467196,355.21,1337.3002,5559.040000000001,1988.1100000000001,734.615,105.4,3040.88,1902.42,1753.5500000000002,3458.850000000001
2023-02-01,2023,2,NE,9186.525100340878,21283.2952,11813.240264877084,73824.27300744035,89100.06199999,390.95773965912304,43.16307702362215,77.76465130954875,12.443773201010751,837.5999999999985,1,3.787974149667252,6.426457120210067,7.248910984692727,6.457971718705124,5.128965986751753,4.860381211686015,5.400091565966948,5.180313140678717,4.97819566552236,4.297389877027364,298.33984881721875,299.8034248099379,300.6532339295271,300.4347583169785,298.05807112845173,300.8262023925781,299.1675024645527,298.2791566218337,297.9876670925072,299.22821876042,97604.22583559727,101086.21123172504,100735.9706722311,98384.5767210147,94098.57155406235,98467.671875,93793.83631372743,92790.05217414627,92772.89676941062,95212.8964780345,0.006156140209541161,0.008172235472475111,0.0027962446686609988,0.0015747308519491103,0.0007598209398791025,0.0008658829610794,0.0007802516637538885,0.0007437032284825549,0.0002564126321403717,0.0015915782999066552,301.55106405872243,301.55106405872243,301.6671213738314,301.6671213738314,301.6671213738314,301.6671213738314,301.6671213738314,301.6671213738314,301.6671213738314,301.55106405872243,0.17906018081023745,0.22983761151717613,0.29706807972241167,0.3216208804723389,0.2606118112340226,0.251675009727478,0.23477649808150303,0.22032422796810208,0.1877224109965555,0.2022340067973525,1.1396279161478344,1.1745883143582032,1.167214215894433,1.1407835977201142,1.0997611757773382,1.1402717209782387,1.0921329834228353,1.0836331522346432,1.084557648398012,1.1084597082898544,355.21,1337.3002,5878.240000000001,2248.5099999999998,734.615,198.4,3040.88,1933.92,1753.5500000000002,3557.85
2023-03-01,2023,3,NE,7720.666684382486,21483.2952,11487.93622580211,74849.05596618871,88824.87399997,1946.8161556175144,35.93800025790497,67.20673350398421,10.314982045825822,200.0,1,2.524300362230745,4.1614497648526525,5.316528569690644,5.0145379305617235,4.394057025567937,4.35728744413526,5.2058858606155844,5.098222991639712,5.284559777726843,4.157865974285975,297.82298880852255,299.5591238779928,299.93128724496523,299.33770362145225,297.82507295201464,299.84225463867193,298.45152278188715,297.75640910909317,298.1520470024688,298.58700081245547,97645.78138284395,101123.64235828462,100767.83938787776,98358.2389337677,94108.55750843979,98499.78125000003,93830.21628710277,92930.42961877142,92810.80345197063,95260.39595971514,0.01487738644202753,0.009824373581494116,0.010296100621833386,0.00750693242737829,0.002750926051169387,0.002990720793604801,0.0030964127428833987,0.0024886401714899987,0.0004944533959511854,0.0052631216636685315,301.84685429999155,301.84685429999155,301.8847103283857,301.8847103283857,301.8847103283857,301.8847103283857,301.8847103283857,301.8847103283857,301.8847103283857,301.84685429999155,0.1440476424397858,0.1740612893728826,0.22676674149578213,0.24839552037066467,0.22817967507651007,0.22148913145065305,0.23589026201510996,0.22711019472344468,0.2174054968537577,0.20169925384876808,1.1420846214690186,1.175981520190465,1.1703899019905664,1.1446624148580513,1.1007406667877677,1.144386633168951,1.0951815865838106,1.087176024063957,1.0844027935823317,1.1113957191487773,355.21,1337.3002,5878.240000000001,2298.0099999999998,734.615,198.4,3040.88,2077.92,1753.5500000000002,3601.85
2023-04-01,2023,4,NE,6257.254869414514,21792.4952,11321.735759718347,69143.54313190367,86266.09499999,3549.3679705854856,28.712888597605453,55.26762858816426,9.049658993432956,309.1999999999971,2,2.516797723919157,4.487646422147594,5.232463950031487,4.74222074936277,3.828398893826215,3.673562367171625,4.4850085262427495,4.2132177847257735,4.248450732303187,4.094980596266782,298.1806692731954,299.7972610444393,299.99913472892285,299.159120377178,297.66503516562693,300.0559387207032,298.34501990460075,297.9071002301364,297.66861123834485,298.3572272838699,97583.210786401,101053.78908335241,100704.24019687576,98349.54544756202,94055.71535770436,98425.46875,93778.02130515057,92871.58389985538,92752.10982961352,95215.95117331197,0.011558190416134042,0.011112133236725125,0.006417588231864576,0.0030509832664265242,0.0017746985789306579,0.0010576117783784,0.0007317649944909009,0.0007091880658545922,0.0013102552003314964,0.0015683112443538412,302.15221474104743,302.15221474104743,302.190892268234,302.190892268234,302.190892268234,302.190892268234,302.190892268234,302.190892268234,302.190892268234,302.15221474104743,0.13536063436955625,0.1730573785719708,0.21090232837210998,0.2220011090163389,0.20194855229350536,0.19270873069763178,0.2054854422136943,0.19066662164027062,0.18247647305482034,0.18880561364376022,1.1399850375358929,1.1742356970387289,1.1693855618925921,1.145238354910906,1.100719750621238,1.1427089011289961,1.0949646570526574,1.085935000449419,1.0854779543986173,1.1117302688008055,355.21,1337.3002,5878.240000000001,2438.8099999999995,734.615,241.8,3040.88,2077.92,1753.5500000000002,3601.85
2023-05-01,2023,5,NE,8799.05839095172,21964.2952,11956.659622307809,71036.67988252807,86097.95099996,1084.8744490482786,40.06073634883455,73.59127606622773,12.386640824856324,171.79999999999927,2,3.8149763709529103,6.834753387474638,6.650052542298075,5.993079235384529,4.263248401901134,4.069420244477265,5.660524579885375,5.200489001181781,5.0190609139609546,6.240240040630458,299.1265640780718,300.65793470195723,300.60360216619813,299.60914535292176,296.62183531138317,298.3868204752604,297.0891826840691,296.4870032594451,296.1350147859585,298.32881493788915,97693.83158730043,101169.95423186864,100841.90394539009,98476.03229990117,94246.05779962121,98649.73177083333,93994.17591243118,93088.76624821937,92987.11142191911,95403.33435514431,0.0018520827523546002,0.004058944743580846,0.0011494052300751061,0.0007036601064430542,0.0014435694328723812,0.002049709951582654,0.0020214980945425292,0.0013869775340751185,0.00037133528173561263,0.0012656230436079502,302.3329281560727,302.3329281560727,302.1582591194473,302.1582591194473,302.1582591194473,302.1582591194473,302.1582591194473,302.1582591194473,302.1582591194473,302.3329281560727,0.16643282406730348,0.24002231832602397,0.27100016407131544,0.28812215364219707,0.22353674081807928,0.2028579898178577,0.25164489315998195,0.223469152393169,0.18820814606957875,0.27823845689047655,1.137664106263498,1.1722202817772305,1.1686302358566114,1.1449883988086234,1.106828826630839,1.1517191388476378,1.1021258617458256,1.0936869886828404,1.0938637976218677,1.114023090435373,355.21,1337.3002,5921.64,2547.7099999999996,734.615,297.59999999999997,3040.88,2077.92,1753.5500000000002,3651.3500000000004
2023-06-01,2023,6,NE,11515.952526173542,22310.7952,11653.24439999586,69102.12775969667,84396.44499657,0.0,51.616055917960026,98.82185708022764,16.665120018041094,346.50000000000364,2,4.715527279367097,8.033668299065,7.657607226867585,7.155130845347681,5.4186648748312916,5.046112078695862,6.898946090417154,6.366372793031082,5.8250825600318485,8.197879919856932,298.9283437772107,300.32295413180594,299.7244554225217,298.34016357302767,294.92164048015036,296.81005859375,295.58948388859494,295.12696357601965,294.67456347370893,297.75625642153324,97822.42639213424,101318.09125263861,101010.59407284265,98624.72504491516,94428.27293909904,98888.43489583334,94200.50706256289,93333.83272570431,93090.64594944374,95583.29397003847,0.000862185961260919,0.0024673359710156075,0.0020716763854523937,0.001581072815394306,0.0019270688888508676,0.0015116076441093439,0.0004417132563263543,0.0002727643251087208,8.818942513988462e-05,0.00014667163182308234,301.6616132278933,301.6616132278933,301.2102727491487,301.2102727491487,301.2102727491487,301.2102727491487,301.2102727491487,301.2102727491487,301.2102727491487,301.6616132278933,0.2040637015360056,0.2821049313829466,0.30351686154420654,0.33052542168557353,0.2608752659590982,0.23629698902368546,0.3088816210526806,0.2747810094766585,0.22619182916526165,0.37371968497012464,1.1399130461844886,1.1752462325527848,1.1740208471086637,1.1515859855982242,1.1153627122892658,1.160639096385525,1.1101490170175552,1.1016170440052766,1.1005088182382146,1.1182700392660907,355.21,1337.3002,5921.64,2736.41,734.615,297.59999999999997,3040.88,2112.7200000000003,1933.5500000000002,3651.3500000000004
2023-07-01,2023,7,NE,12694.528203816964,22574.1952,11600.140581984624,68972.9986297587,84028.52199999,0.0,56.2346878431217,109.43426171517228,18.40506931119543,263.3999999999978,3,5.515645728138164,9.288401801816132,8.584417224109444,7.726866857758349,5.289546404084593,4.678208199010655,6.783405440491119,6.285590456932893,5.589247382258601,8.241475754688967,299.2478079759995,300.16599809758424,299.52490039010956,298.2050810387886,294.5736629997339,296.8177172342935,295.8072040465833,295.033179268221,294.7632632491194,298.3461672343992,97863.31740290952,101379.27669870446,101100.33876190631,98747.04770535341,94511.0808988807,98959.98583984375,94242.04904275242,93390.97917306941,93120.82271655444,95621.67445645104,7.205192332793736e-05,0.0007669735382774173,0.0005281674735836675,0.0006358364894936494,0.000974850610706033,0.0007976088430343918,0.0002341217941825273,0.00041647145885181935,0.0001603834276065233,9.35914132682815e-05,300.84804448049573,300.84804448049573,300.3808500066705,300.3808500066705,300.3808500066705,300.3808500066705,300.3808500066705,300.3808500066705,300.3808500066705,300.84804448049573,0.23908298754792084,0.3295463555049266,0.3411545326711685,0.3604174443912779,0.25574005776503905,0.2174988724291324,0.3027879222553222,0.2719247775456799,0.22687449324310116,0.3750296794728457,1.1391759943628654,1.176571175470317,1.175849325557223,1.153536193487606,1.1176557754557328,1.1614489138731696,1.1098214306339569,1.1026426157488474,1.1005350962927603,1.1165063677509235,355.21,1337.3002,5921.64,2932.1099999999997,734.615,297.59999999999997,3040.88,2147.5199999999995,1933.5500000000002,3651.3500000000004
2023-08-01,2023,8,NE,11527.302334689168,22993.6952,11989.970827952528,72498.70652283194,88624.33399998001,0.0,50.132448196882976,96.14120417887317,15.90001103131252,419.5000000000037,3,5.529592571324861,9.397109427462073,8.478273028082498,7.596166695502371,5.31318279416582,4.613111196932995,6.214271056101939,5.88852090615018,4.974256086821387,7.264435592350175,299.50083838413667,299.81784840527024,299.48993363151976,298.5692799111954,295.50701768806744,297.2720832824707,297.1192142581611,296.68722937026854,296.5130161737688,299.74180303879467,97777.93447714027,101308.26071365652,101016.47337043576,98599.19523928783,94393.24239567664,98814.32666015625,94095.79865460408,93405.3371364636,92941.40968595655,95487.80742008593,6.943860525114805e-05,0.0004577537953268172,0.0003790625183915854,0.00025420679016836627,0.0006635341016919393,0.0010292393611355205,0.00024586934017148783,0.0002553722084293361,0.00040396288061283136,2.7145787767378997e-05,300.35746202727995,300.35746202727995,300.1146343536343,300.1146343536343,300.1146343536343,300.1146343536343,300.1146343536343,300.1146343536343,300.1146343536343,300.35746202727995,0.2533797653189704,0.33452548106818447,0.3461361775635252,0.36927286911942236,0.26910879078605127,0.22954372440775236,0.28161029615028954,0.26039531761552853,0.20678180489639114,0.3463826770815778,1.13723582723912,1.177112407783414,1.1750112574577196,1.1504109460609242,1.1127312355513939,1.157966771308056,1.1032094910412797,1.0966584991126802,1.0919320022358245,1.109753695743828,355.21,1337.3002,5946.84,3117.01,734.615,297.59999999999997,3040.88,2290.52,1933.5500000000002,3700.8500000000004
2023-09-01,2023,9,NE,11750.548360863111,23445.8952,12315.05936666257,75715.266245832,97167.19199999,0.0,50.11772107922376,95.41609188399354,15.519391192142788,452.1999999999971,3,6.700786858364616,10.252770225103097,9.203099543456217,8.174519387953957,5.928698936892539,5.288760682697766,6.882727807507406,6.51715044383528,6.00879083979527,7.7916864683295195,300.1993915698224,300.0216082539985,299.7703057167935,298.9953629555395,296.1681167017728,298.2934400118314,298.6835140716914,298.31131072177857,298.3256923845108,301.11183444253163,97697.38889846853,101245.24409146082,100952.1289291561,98569.00343357261,94348.58091717261,98763.84390024039,94020.98710801847,93329.99495638542,92862.41360891396,95401.12533649364,4.0489331573164675e-05,0.0003428811475686936,0.00039757112683026606,0.00029895355488850176,0.0006022523950131187,0.0006794997741683116,0.00014471839681795963,0.00019602530822870177,6.845717195880596e-05,4.746228022289153e-06,300.53958357429514,300.53958357429514,300.32439142024487,300.32439142024487,300.32439142024487,300.32439142024487,300.32439142024487,300.32439142024487,300.32439142024487,300.53958357429514,0.2983192291897008,0.36266889524390844,0.37157404618689716,0.3963139530714663,0.30579544106138834,0.2600369338805859,0.3142355317813671,0.29058174051349206,0.2546428131707617,0.3719488621709901,1.1336671820391424,1.1755814586671578,1.1731651866280912,1.1484260431518631,1.109719092166618,1.1534123453293306,1.0965601820844821,1.089810876089031,1.0843766551624872,1.1037004049350945,355.21,1337.3002,6026.639999999999,3358.6099999999997,734.615,322.4,3040.88,2290.52,1933.5500000000002,3700.8500000000004
2023-10-01,2023,10,NE,12127.160956265996,23603.8952,13051.162861554958,77253.26243564581,93922.99999999,0.0,51.37779528976216,92.92015650183318,15.697927277010818,158.0,4,6.387307758672859,9.879448285109278,9.09818223777628,7.823266606683879,5.688329332735023,5.472259034066791,6.14611215763209,5.875036194910254,5.2837100029762185,6.604940786713811,300.4025110283573,300.156045666915,300.30910915996935,300.05453286792556,297.70558123601114,299.9791283240685,300.62541916508945,300.4112821089225,300.0509336928431,302.58812244925053,97590.02947464172,101135.1192299628,100817.7514464294,98450.79491684727,94178.9139523764,98539.0049579327,93817.26936759465,93216.9883614835,92651.09844360113,95207.97765462665,5.971476101254853e-05,0.0002586940866153851,0.00013772349699914341,0.00010694196616204131,0.00020723147821809706,0.0002779182362316058,1.2391107876047725e-05,6.50394751738428e-05,0.0006476370165391569,4.489443208661402e-06,300.74788772491826,300.74788772491826,300.53543224098985,300.53543224098985,300.53543224098985,300.53543224098985,300.53543224098985,300.53543224098985,300.53543224098985,300.74788772491826,0.2939073723036608,0.34919009140887247,0.37004858679329555,0.38495031870287055,0.29510928301349926,0.26762852645837343,0.2849365997005853,0.2689391699674226,0.23147903148982024,0.3170978270144654,1.131665755965936,1.1737766276351393,1.1695041157433863,1.143003353085891,1.1020021246336154,1.144319895896317,1.0871180644132117,1.0808786938893338,1.0756868542921896,1.0960927035692012,355.21,1337.3002,6026.639999999999,3476.8099999999995,734.615,322.4,3040.88,2381.72,1933.5500000000002,3700.8500000000004
2023-11-01,2023,11,NE,10232.681174719057,24075.4952,13514.73684305193,80659.12903194367,101472.16899999,601.2916652809454,42.50247436122957,75.71498648884004,12.686327384798036,471.6000000000022,4,5.951913022736848,8.748893914905558,8.13544154443041,6.897968621601317,5.174184225064638,5.153927981369121,5.041399819782255,4.736900568845097,3.943188076610407,4.527338689269021,300.5995545359749,300.596273108839,300.7671217354064,300.59541173536854,298.8477990447148,300.91752272385827,300.6446068854984,300.7880320466324,300.3895799697262,302.05859420030765,97560.91115818813,101089.58478267211,100745.65710299277,98393.5743535831,94085.53104453525,98411.80168269231,93744.94661665577,93285.8743194076,92569.98060638946,95179.3241940546,0.00041845278722113895,0.0006939363561061225,0.0009827201245967696,0.0002925108049672073,0.00019955287347128996,0.00032192827291923655,0.0005929544042000827,0.0007574062174767019,0.001292773663625715,0.0004682195413680221,301.32393871636384,301.32393871636384,301.1271809021455,301.1271809021455,301.1271809021455,301.1271809021455,301.1271809021455,301.1271809021455,301.1271809021455,301.32393871636384,0.2796140940640881,0.3096655173431641,0.34011811089535615,0.35283834252263296,0.27819618739908675,0.2688661435475716,0.23065995736741648,0.2156563608927255,0.17811723556243828,0.2377426214782375,1.130582181842393,1.1715297943335927,1.1668878170596213,1.1402840432240555,1.0967010746557326,1.139278836806969,1.0862041960150939,1.080316956500387,1.073530790165049,1.0976872028225548,355.21,1337.3002,6132.040000000001,3476.8099999999995,734.615,322.4,3040.88,2532.7200000000003,1933.5500000000002,3883.25
2023-12-01,2023,12,NE,10261.672263192862,24353.2952,13170.854274225603,80636.46780610515,100581.72199999,697.3105768071382,42.13668901444131,77.91197176385289,12.725845442371831,277.7999999999993,4,5.401275522890422,8.24964488372248,7.717237226503652,6.597058193599542,5.030503340434806,4.927277593596928,5.060541277360828,4.727693627706971,4.120083109969715,4.808635684529415,300.5522640274772,300.7260279478557,300.8635342540738,300.42522929999853,298.439550573414,300.6606669868074,300.5638381962223,300.9210686216834,300.3598898195715,301.58090392323754,97540.4928149897,101046.82069589141,100690.92602222948,98278.76949629108,94077.22851574465,98029.56394030503,93742.71853989431,93268.90052812203,92581.15906889207,95183.92136197933,0.0017437128934911972,0.0018675024871379622,0.00118084167527689,0.000921855012248069,0.0007488235370435588,0.0012791718383091304,0.0010180561138159795,0.0011970538659927562,0.0027586682570835065,0.0006330835776488082,301.580670364511,301.580670364511,301.44304553361167,301.44304553361167,301.44304553361167,301.44304553361167,301.44304553361167,301.44304553361167,301.44304553361167,301.580670364511,0.2543988189233194,0.29112072116927484,0.3190239491268942,0.33008953630941706,0.26745434640222626,0.2518260868542042,0.24498790069147916,0.23080027979802614,0.18468161374411443,0.25426620779284287,1.1305200997659082,1.1705288685117847,1.165877618319095,1.1395965927308935,1.0981049189768073,1.1358092454216215,1.0864722737739019,1.079645733049333,1.0737659754428794,1.0994815179659212,355.21,1337.3002,6181.639999999999,3581.209999999999,734.615,372.1,3040.88,2623.92,1933.5500000000002,3883.25
2024-01-01,2024,1,NE,6551.537428000416,25300.6952,13173.178837361584,79743.46421639613,98631.25499997,4833.775411999584,25.8946933126186,49.733913954155376,8.21576726366165,947.4000000000016,1,4.233782035474127,6.585954594955619,6.1843436901734155,4.920192300695267,3.5466707421723864,3.342548880369186,1.7857067159464115,1.5646820750776376,1.3029710494588727,1.7668416429425784,300.07669991561716,301.09165159886714,301.28793324996604,300.6287716374781,299.2398262269284,301.1322526782539,299.64027769734025,299.5268991724605,297.9994157934419,299.9880919856541,97681.92126664509,101164.1411597516,100787.6389478434,98328.62908198012,94131.24305078168,97750.57112005097,93726.7470253221,93377.59545797296,92651.33258962627,95320.6172017512,0.003596307844165431,0.001663809657509385,0.0011673081526885542,0.0017082563107477845,0.0019334203335358395,0.0034541363445683743,0.0042203013966270134,0.005453931956007595,0.008083920397604404,0.0027239686664179115,302.30207366665405,302.30207366665405,302.24381088688625,302.24381088688625,302.24381088688625,302.24381088688625,302.24381088688625,302.24381088688625,302.24381088688625,302.30207366665405,0.20049136798361195,0.23304192695684398,0.263368666492902,0.2589160369758941,0.20994873630268088,0.20254475994661778,0.1528579644597981,0.14286502634531484,0.12450830556587329,0.1572807151077903,1.133933309489558,1.1704646273876271,1.1653524177973735,1.1393906116947101,1.0957969831896774,1.1307965890544158,1.0896353408491932,1.0859597621201549,1.0830906551110744,1.1069096214319927,355.21,1337.3002,6212.640000000001,3856.0099999999998,734.615,421.79999999999995,3389.1800000000003,2915.92,1933.5500000000002,3974.4500000000003
2024-02-01,2024,2,NE,8325.108252904669,25754.5952,13191.391191087989,82766.53936350551,101477.511,3264.459587095331,32.32474899432575,63.110161258268604,10.05854336417439,453.8999999999978,1,3.1348480856100567,4.974901598628804,5.560351688221559,5.107289933932448,4.470609037499674,4.248292709804284,4.391802006077907,3.9017176207878563,3.271408963688447,3.91120096406804,299.39566993686526,300.34989466224596,300.9552099737922,300.55109520050985,298.6725748718411,300.34927790692876,298.2580860738016,298.2285219382534,297.02663663283255,299.0702452383963,97681.98194289998,101155.08054726603,100749.44594340073,98298.07443642657,94171.52230590172,97848.43671837955,93810.99778790519,93494.04185953678,92783.27323147509,95373.20691129433,0.012754285592968642,0.020687269668570787,0.006611157741167438,0.0045076726171083105,0.0028033059256935065,0.0022725789836881773,0.0038430130268511118,0.0036297471521545503,0.006440106950404889,0.005426983302265147,302.3520578149764,302.3520578149764,302.56248774115477,302.56248774115477,302.56248774115477,302.56248774115477,302.56248774115477,302.56248774115477,302.56248774115477,302.3520578149764,0.1764971674426625,0.2129423542534211,0.2536610822496602,0.2728663194404041,0.23739554490351342,0.20791818559763267,0.20143558730407085,0.1808722735764173,0.15499229354979968,0.2114666941079271,1.1365166432205143,1.173250039521005,1.1661991251456245,1.1393359267564351,1.098354158074168,1.134876480548606,1.0956706559567482,1.0920363026711937,1.0881860958599403,1.1109175496951713,355.21,1337.3002,6386.64,4070.5099999999998,734.615,421.79999999999995,3389.1800000000003,2976.42,1933.5500000000002,3974.4500000000003
2024-03-01,2024,3,NE,6527.395925578978,26244.1952,13409.232362899382,82499.61685752742,102086.33099999,5282.491914421024,24.871770217510715,48.67837135583507,7.912031805979722,489.6000000000022,1,2.287376531613656,3.6282986610984094,3.934605812329009,3.726796748824444,3.8857984363069495,4.300508723791652,3.985383753343103,3.739885109447691,3.6187176812553234,2.8650521110210088,298.93597600347357,300.46516817392893,300.7672970520243,300.0486151633938,298.89528475084063,301.6774443494815,299.3309332983714,299.42503462839557,298.64843672425644,299.1695729271943,97639.97847576083,101099.84841615148,100679.1078902212,98241.52445476099,94096.3864924144,97735.37321820177,93717.03614300698,93263.76566557906,92680.86655241491,95309.19860139213,0.01127213580043932,0.015438570693372677,0.010925104595831134,0.006866465022264608,0.0029365281685417534,0.0010056738122800784,0.0017639936916067263,0.0015288545224317104,0.0010151522619497764,0.0034513290163159737,302.68537245641573,302.68537245641573,303.11531503067596,303.11531503067596,303.11531503067596,303.11531503067596,303.11531503067596,303.11531503067596,303.11531503067596,302.68537245641573,0.13344669243206136,0.1553510367228697,0.19353075972909473,0.2094914998238003,0.2011750109881822,0.2149294469242358,0.18276408981893244,0.1688099708123758,0.14203043101951107,0.15717966279640694,1.1377708157005586,1.1721594964893223,1.1661072921175628,1.140591338860006,1.096655622129754,1.1285704082095624,1.0906487535873999,1.0849819052127998,1.0810840813654772,1.1097987139328678,355.21,1337.3002,6411.4400000000005,4124.509999999999,734.615,421.79999999999995,3389.1800000000003,3165.1200000000003,1933.5500000000002,4065.6500000000005
2024-04-01,2024,4,NE,7510.076084132834,26523.6952,13074.199491662595,79735.81281388967,95806.51299999,4425.586755867167,28.31459201858432,57.44195726034318,9.41869884948938,279.5,2,2.3332708325724165,4.20363679798138,4.485693023637781,4.1802626273565755,3.6351232404105716,4.021477978004975,4.943858908895328,4.714417281737916,5.091806328834046,4.6180420084761336,298.8923992551006,300.54953659826776,300.6809899297384,299.5998027971165,298.02576712367403,300.25538837112714,298.5801049586024,298.82538078887967,297.7386543090715,299.0045371587898,97587.91290011542,101044.39825050243,100627.41070830895,98197.27906940006,94074.0009099154,97744.96541236962,93719.07929499172,93241.93045653943,92711.22618152591,95292.523133601,0.008986671925021443,0.011963557433551705,0.006989424035182024,0.004088930261850906,0.003146373477941039,0.002322607171722154,0.0022289210269255256,0.001786800501007225,0.0011581171334033094,0.0026862167834925317,302.8849381061378,302.8849381061378,303.1609703131948,303.1609703131948,303.1609703131948,303.1609703131948,303.1609703131948,303.1609703131948,303.1609703131948,302.8849381061378,0.13089078761097517,0.16963154406623443,0.19554935068866375,0.20722137722816947,0.1880184121770544,0.2038136312836095,0.22931932219145804,0.21779854599285609,0.20704579191212602,0.21392709976112678,1.1373238509471626,1.171187733499114,1.1658418511520559,1.1417815859656126,1.0995962515530595,1.1340351232521566,1.093419769772304,1.086901032403323,1.0847407096650998,1.1102145371925276,355.21,1337.3002,6433.9400000000005,4124.509999999999,734.615,421.79999999999995,3389.1800000000003,3321.92,2021.75,4065.6500000000005
2024-05-01,2024,5,NE,11191.656384207849,27111.9952,12821.144970425872,77384.04658602033,93510.60899998,1008.7414557921512,41.27935366485993,87.29061569792157,14.462485328635758,588.2999999999956,2,4.13205614412648,7.209301473924721,6.92382473150564,6.398140006710773,4.539957759837026,4.697828617230546,6.374103210662376,5.979322172393739,5.558912147060089,7.2701449940693275,299.1669395453006,300.85290997042824,300.4265319265779,299.3607782142119,296.5139271451647,298.33354950312923,297.23988778864134,297.31550589694183,296.2882456862854,298.87608630400416,97644.18753431068,101117.37714306547,100732.96288013522,98319.37411378237,94201.13091571,97948.33106996799,93879.51428636497,93339.13113178144,92870.18034530726,95418.39692058088,0.002253911258659146,0.009111324764496938,0.004391800550790056,0.0015581828038974213,0.002206913557768477,0.0023832894600494705,0.0005611728103364116,0.0004175936785377675,0.00013757747844913608,0.00010971677079377015,302.61855111631394,302.61855111631394,302.47722847588057,302.47722847588057,302.47722847588057,302.47722847588057,302.47722847588057,302.47722847588057,302.47722847588057,302.61855111631394,0.17592886129627994,0.2536752188060512,0.27597093161874386,0.2977942810583534,0.22018827470895513,0.21274731621577192,0.2814413599605696,0.2559141822572076,0.2080115705932691,0.3189077265091313,1.1369338413898173,1.170851767291053,1.1680541675945828,1.1441198742995444,1.1067008226514476,1.1437099491834988,1.1002269329146246,1.0935482185484675,1.0919218981666206,1.1121588092767756,355.21,1337.3002,6576.34,4170.11,820.115,421.79999999999995,3389.1800000000003,3524.7200000000003,2021.75,4099.85
2024-06-01,2024,6,NE,12677.379169714666,27290.5952,12193.805612495837,73955.36025277567,89898.37299999,0.0,46.4532894090733,103.96573122933236,17.141934169996638,178.60000000000218,2,5.342801502273089,8.619748462346005,7.99825315433877,7.372360057164483,5.428844794759416,4.980817490680472,6.82389321478948,6.427336787450657,5.898774225406682,8.045861664245578,298.7207786298235,300.3533775411744,299.4773755187341,298.24347305425164,295.12488001519705,296.8356085786779,295.8936494634542,295.8066168276655,294.555525596546,298.33915439074764,97775.01994682725,101269.2849261613,100908.79879465987,98467.0616894044,94370.16417552721,98154.27677883477,94047.92829003808,93494.18961786815,93050.74124555614,95581.14286021898,0.0003977763741194481,0.003116174482517036,0.0020722033753841664,0.0008233968527803025,0.0014769696701637215,0.0016438462814530542,0.0006325499468038317,0.0004721767848974394,0.00029238883683570103,0.00013355143219858913,301.71311400766626,301.71311400766626,301.3070060226934,301.3070060226934,301.3070060226934,301.3070060226934,301.3070060226934,301.3070060226934,301.3070060226934,301.71311400766626,0.22000462991563535,0.29932516468396764,0.3165016628118049,0.34345229053633525,0.2575242823294287,0.2205245592629191,0.2994727332111934,0.2735528521710212,0.2300646892831575,0.3654590696890572,1.1401501199573458,1.1745610144824765,1.1738031688839694,1.150131547603615,1.1139059355454979,1.1518971167266698,1.1072133080667097,1.1009490544105416,1.1004803392230251,1.1160604279010502,355.21,1337.3002,6576.34,4224.71,820.115,421.79999999999995,3389.1800000000003,3597.2200000000003,2021.75,4099.85
2024-07-01,2024,7,NE,14163.377102756116,27542.8952,12296.83217875887,74077.55392876387,89620.891,0.0,51.42297859360884,115.17907129952908,19.11966088455921,252.29999999999927,3,5.779806878495571,9.495739539310808,8.808403185211608,8.097815489578782,5.91940920658504,5.253341054750558,7.130718104544003,6.7021124829391425,6.054484961936903,8.530777803418689,298.64359647787853,299.9165176658578,298.9612116494871,297.4515339569659,294.38965573203893,296.1494413821716,295.23336946724027,295.0845646287883,294.14387119337664,297.7643836413015,97908.55758301428,101431.07304082112,101091.893289969,98579.87345780557,94541.31724342774,98346.08362597793,94205.69503952653,93574.19641214579,93180.41428146143,95736.14120200287,9.03983057091137e-05,0.0008351311318096237,0.0007953034303113859,0.0005706136786515452,0.0011349461410301639,0.0011877912673401048,0.00043158077794520645,0.0002910755466115674,0.00012584942917975744,0.00011155281163508396,300.78904485217606,300.78904485217606,300.3505396980511,300.3505396980511,300.3505396980511,300.3505396980511,300.3505396980511,300.3505396980511,300.3505396980511,300.78904485217606,0.24291720472475267,0.33632804069112915,0.3502779176140888,0.3743606118153195,0.27950725666261744,0.2290177097700398,0.31620950479500104,0.2910480795762942,0.23855649974781248,0.3926875168636608,1.1420030806618624,1.1781513416694145,1.1779646215751,1.1545014720724107,1.1187112447111467,1.1568195198562168,1.1115517667834662,1.1045831218991542,1.1035578498010032,1.1200283300776044,355.21,1337.3002,6576.34,4340.71,820.115,421.79999999999995,3389.1800000000003,3682.7200000000003,2046.95,4099.85
2024-08-01,2024,8,NE,14985.70623483637,27788.1952,12832.086068544126,76013.08719489162,91990.50199999,0.0,53.92831785936343,116.78308698046776,19.71463965989724,245.29999999999927,3,5.884017322640039,10.311802785621492,9.566667837021907,8.660167267719064,6.185881587850436,5.490735170293905,6.98430518392742,6.634550749996727,5.971711598071221,8.357184743870095,299.07529680808307,299.58385001958993,299.0862475291989,298.1313121741981,294.96433562505865,296.8638753370969,296.187026720804,296.0694346845461,295.4848524813118,299.09927561697236,97849.27841101037,101389.77331416967,101055.61069276254,98538.09604206978,94489.06865862562,98276.30559136439,94102.28881683022,93514.69860884536,93086.13394581726,95652.64696898205,1.1344475354329472e-05,0.00015166199263912678,0.0002344141228420825,0.00010340858512430821,0.000580992793860055,0.0009207864714350397,0.00039832207250567334,0.0004080590223323637,0.000274878540422364,2.1551008145572532e-05,299.98492744468746,299.98492744468746,299.65128821648364,299.65128821648364,299.65128821648364,299.65128821648364,299.65128821648364,299.65128821648364,299.65128821648364,299.98492744468746,0.2556726184535249,0.36006688624904426,0.3842295882041902,0.41243812907277255,0.29504502742081173,0.2536348699110274,0.31174638778820085,0.29368578441171167,0.25662506983204997,0.3871375897133444,1.139679288291899,1.1789796292664692,1.1770526236503565,1.1513878355506235,1.1159113630329254,1.1532174060561577,1.1067579292366359,1.100211189595899,1.0974380616273878,1.1140581994816896,355.21,1337.3002,6576.34,4361.71,820.115,421.79999999999995,3582.6800000000003,3714.7200000000003,2046.95,4099.85
2024-09-01,2024,9,NE,15465.297979055042,28095.9952,13109.959158329028,80428.99598611,99074.98199998,0.0,55.04449252986434,117.96602714227082,19.228510550754457,307.7999999999993,3,6.837886558390383,10.970969725831075,10.087369948590133,8.901993658979311,6.328692380483355,5.635622383144613,7.007972252401617,6.751955934471442,6.365477662543706,8.151223992099434,299.66742182028986,299.47595516665814,299.35192920614963,298.7449122276976,295.57757294055983,297.734340633358,297.5213976521058,297.0401601583376,296.65654291752264,300.4433210658502,97706.97212300471,101268.51868434019,100936.78551489838,98417.79049687508,94370.53973413788,98133.68701102419,93947.68530148867,93314.95515732025,92926.21714881863,95480.04475373335,2.6797373192639952e-05,9.7398861828757e-05,0.0001595345379070161,0.00011060369068513223,0.0005509027335900117,0.0004302217825620205,0.00010926875500249445,0.00019232749982818815,3.768415024092722e-05,2.8797682093767295e-06,299.78971835372914,299.78971835372914,299.59122365894234,299.59122365894234,299.59122365894234,299.59122365894234,299.59122365894234,299.59122365894234,299.59122365894234,299.78971835372914,0.3010193099662401,0.38444021988836213,0.4054303555969556,0.4300678689424521,0.3052888133364604,0.2629524034705418,0.3223480729944523,0.3022891053652875,0.2682947472501925,0.38310137003755057,1.1357912208537886,1.1779940632719084,1.1746277152380307,1.1476261624826143,1.1121977522673314,1.1481780012720746,1.099984620099729,1.094280490389908,1.0912275284947,1.1070733513728186,355.21,1337.3002,6576.34,4361.71,820.115,421.79999999999995,3582.6800000000003,3962.2200000000003,2126.75,4099.85
2024-10-01,2024,10,NE,13474.112120594003,28241.4952,13749.614221769718,80763.6286491955,98408.14099999,0.0,47.71033553702924,97.9962921378586,16.683391207099042,145.5,4,6.2810174893458735,9.904342395876,8.998109203853556,7.615449079706634,5.515367125632586,5.441068640869169,5.763623425980862,5.559892945928655,4.872007187973022,6.1223335585263845,300.1923452078606,299.81408170510764,299.9353476851488,299.77011190479226,297.75600276350315,299.85643292603874,299.52467123443444,299.203704049682,299.2055235659845,302.2351524053144,97645.73785401593,101203.97447061389,100842.94352215076,98300.73438658423,94194.99640199088,97888.52111116052,93749.13971545917,93064.15721092118,92686.1655793758,95304.18557881695,6.85241113784624e-05,0.00017651996011206367,0.00014346545975001186,0.0001129196322011001,0.00013020253291705822,0.00030839548816150665,0.0011748922452550596,0.0016497203066623716,0.002787363825479057,0.00029744185266715185,300.3707097553666,300.3707097553666,300.2067278504457,300.2067278504457,300.2067278504457,300.2067278504457,300.2067278504457,300.2067278504457,300.2067278504457,300.3707097553666,0.293704300728713,0.3506281814111769,0.3692179545033035,0.37681153906695886,0.2813306827147121,0.27143900834762297,0.26054277940209547,0.2464774800574048,0.20619242707416505,0.29470062777055644,1.1331073669507368,1.1759154872194293,1.1712542634448189,1.1423489525359825,1.1020069249543112,1.1372071168978128,1.0903178037923529,1.0834478719158327,1.0791325487705752,1.098484055075858,355.21,1337.3002,6576.34,4437.610000000001,820.115,421.79999999999995,3582.6800000000003,4042.02,2126.75,4099.85
2024-11-01,2024,11,NE,12867.849612423348,28907.4952,13833.600749995529,80605.75903611166,101245.43699998,140.52322757665206,44.513886531488026,93.01880143120007,15.96393330488769,666.0,4,6.161567642449043,9.52626586357385,8.833115532087048,7.558061876603886,5.538619531494176,5.068504489738671,5.059401713792665,4.635757458060966,4.049799782164838,5.070375667585963,300.2670491152708,300.1551671769108,300.3659691791741,300.31964372868464,298.53748631992056,300.0907423906611,299.0239581598596,298.425700217979,297.5164320206544,301.592280850871,97514.00310203827,101053.481348271,100684.42829077301,98147.2435179424,94042.07110283313,97732.54109249052,93614.67411939176,92924.46841562806,92604.0142559069,95111.94385427635,6.355928498918363e-05,0.00023398285280699395,0.0001255167230200778,6.260806535147576e-05,0.0003027368156786768,0.0009600505981975443,0.002102354398163633,0.0031977377186562586,0.005154340643239903,0.0010452236836895267,300.7157888379804,300.7157888379804,300.5773140318092,300.5773140318092,300.5773140318092,300.5773140318092,300.5773140318092,300.5773140318092,300.5773140318092,300.7157888379804,0.287766934588922,0.33428154061263127,0.36480430338271147,0.3807152134161171,0.291167493744413,0.26579375538909644,0.23484723282783096,0.21752597979867372,0.18157853677744473,0.2646449737337119,1.131290552790823,1.1728325467292058,1.167737436552359,1.1384787171697202,1.0973382008913934,1.1345091563096,1.090574635694427,1.0846407872659798,1.0842950961786713,1.098612782251879,355.21,1337.3002,6576.34,4437.610000000001,820.115,421.79999999999995,3582.6800000000003,4186.0199999999995,2126.75,4510.250000000002
2024-12-01,2024,12,NE,11781.349343244798,28992.9952,13769.788145157136,79558.04428225839,98783.44499997,1265.4984967552027,40.63515777509182,85.5594088961225,14.808495419327524,85.50000000000364,4,5.708569275076871,8.42042751324845,8.049365112186567,6.940523229054252,5.420727472124193,5.589095793304454,5.254067034409717,4.602110569485815,3.351392726281551,4.904262125890638,300.27003879664716,300.4705801770557,300.80881306057313,300.4831367538116,298.744468710873,301.04826849136606,300.1522552113905,299.7611713024339,298.5327560368484,301.2991655109425,97526.00781843839,101035.3507984244,100656.55038067218,98135.70178749795,94044.28397541807,97715.17101188359,93596.64236073798,92911.21597200762,92575.97981662159,95112.5405693975,0.0010829516642844206,0.0015248104908998207,0.0008265225737290637,0.0006895730113143411,0.0003567912528601409,0.0001971571612782541,7.741569970945634e-05,0.00014959601582751272,0.0021172346821332517,0.00040381580013050235,301.3464592162357,301.3464592162357,301.2866669159756,301.2866669159756,301.2866669159756,301.2866669159756,301.2866669159756,301.2866669159756,301.2866669159756,301.3464592162357,0.2675348930284248,0.2947285281575646,0.3336990037948371,0.3500974325077018,0.27771681701025086,0.2787408663685031,0.22467200467200057,0.19647503040858488,0.13494901006028662,0.22307731736480094,1.1314102588043347,1.1713910441299993,1.1656945222184811,1.1377198784338771,1.0966033513052442,1.1306954297305185,1.0862654568386947,1.0796567977101397,1.0802752165562621,1.0996868201945726,355.21,1337.3002,6576.34,4437.610000000001,820.115,421.79999999999995,3582.6800000000003,4271.5199999999995,2126.75,4510.250000000002
