CEG_norm,nome_parque,longitude_parque,latitude_parque,uf,qtd_aerogeradores,potencia_turbina_mw,capacidade_mw,lat_era5,lon_era5,cell_key
EOLCVAL072579-0-01,Ventos de São Bruno 04,-37.73102289299993,-8.932558795999967,AL,5,33.0,33.0,-9.0,-37.75,latm9p00_lonm37p75
EOLCVAL074967-2,Ventos De São Bruno 01,-37.783874511999954,-8.946594237999932,AL,0,0.0,0.0,-9.0,-37.75,latm9p00_lonm37p75
EOLCVAL074968-0,Ventos De São Bruno 02,-37.78887939499998,-8.917297362999932,AL,0,0.0,0.0,-9.0,-37.75,latm9p00_lonm37p75
EOLCVAL074969-9,Ventos De São Bruno 03,-37.73541259799998,-8.934082030999946,AL,0,0.0,0.0,-9.0,-37.75,latm9p00_lonm37p75
EOLCVAL074970-2,Ventos De São Bruno 04,-37.80529785199997,-8.929992675999927,AL,0,0.0,0.0,-9.0,-37.75,latm9p00_lonm37p75
EOLCVBA-074241-4,Ventos De Macururé 1,-38.95179099999996,-9.126842999999951,BA,0,0.0,0.0,-9.25,-39.0,latm9p25_lonm39p00
EOLCVBA-074242-2,Ventos De Macururé 2,-38.937126999999975,-9.125233999999978,BA,0,0.0,0.0,-9.25,-39.0,latm9p25_lonm39p00
EOLCVBA-074243-0,Ventos De Macururé 3,-38.91664899999995,-9.11531999999994,BA,0,0.0,0.0,-9.0,-39.0,latm9p00_lonm39p00
EOLCVBA-074244-9,Ventos De Macururé 4,-38.93480299999993,-9.068915999999945,BA,0,0.0,0.0,-9.0,-39.0,latm9p00_lonm39p00
EOLCVBA-074245-7,Ventos De Macururé 5,-38.916136999999935,-9.044780999999944,BA,0,0.0,0.0,-9.0,-39.0,latm9p00_lonm39p00
EOLCVBA-074246-5,Ventos De Macururé 6,-38.95989199999997,-9.050518999999952,BA,0,0.0,0.0,-9.0,-39.0,latm9p00_lonm39p00
EOLCVBA-074247-3,Ventos De Macururé 7,-38.89564399999995,-9.027076999999965,BA,0,0.0,0.0,-9.0,-39.0,latm9p00_lonm39p00
EOLCVBA-074248-1,Ventos De Macururé 8,-38.87691399999994,-9.009523999999942,BA,0,0.0,0.0,-9.0,-39.0,latm9p00_lonm39p00
EOLCVBA-074249-0,Ventos De Macururé 9,-38.91180899999995,-9.005083999999954,BA,0,0.0,0.0,-9.0,-39.0,latm9p00_lonm39p00
EOLCVBA-074250-3,Ventos De Macururé 10,-38.93491199999994,-8.979599999999948,BA,0,0.0,0.0,-9.0,-39.0,latm9p00_lonm39p00
EOLCVBA-074919-2,Ventos de São Matheus 04,-41.43792724599996,-9.084289550999928,BA,0,0.0,0.0,-9.0,-41.5,latm9p00_lonm41p50
EOLCVBA-074921-4,Ventos de São Matheus 06,-41.43267822299998,-9.118591308999951,BA,0,0.0,0.0,-9.0,-41.5,latm9p00_lonm41p50
EOLCVBA030283-0-01,Macaúbas,-42.33852458899997,-12.351191485999948,BA,21,35.07,35.07,-12.25,-42.25,latm12p25_lonm42p25
EOLCVBA030288-0-01,Pedra do Reino,-40.88639418799994,-9.517548290999969,BA,10,30.0,30.0,-9.5,-41.0,latm9p50_lonm41p00
EOLCVBA030305-4-01,Novo Horizonte,-42.35098756799994,-12.312699134999946,BA,18,28.8,30.06,-12.25,-42.25,latm12p25_lonm42p25
EOLCVBA030306-2-01,Seabra,-42.36260410999995,-12.278703333999944,BA,18,30.599999999999998,35.39,-12.25,-42.25,latm12p25_lonm42p25
EOLCVBA030314-3-01,Serra do Salto,-42.63821972199997,-14.155455830999928,BA,12,19.200000000000003,19.2,-14.25,-42.75,latm14p25_lonm42p75
EOLCVBA030315-1-01,Ilhéus,-42.66304999999994,-13.88229999999993,BA,7,11.200000000000001,11.2,-14.0,-42.75,latm14p00_lonm42p75
EOLCVBA030316-0-01,Candiba,-42.62274948899994,-14.183147116999976,BA,6,9.600000000000001,9.6,-14.25,-42.5,latm14p25_lonm42p50
EOLCVBA030317-8-01,Licínio de Almeida,-42.65406269999994,-14.176943954999956,BA,15,24.0,24.0,-14.25,-42.75,latm14p25_lonm42p75
EOLCVBA030318-6-01,Nossa Senhora da Conceição,-42.67688888899994,-13.895694442999968,BA,18,28.8,28.799999999999997,-14.0,-42.75,latm14p00_lonm42p75
EOLCVBA030319-4-01,Pajeú do Vento,-42.63386111199998,-14.014749998999946,BA,16,25.6,25.6,-14.0,-42.75,latm14p00_lonm42p75
EOLCVBA030320-8-01,Alvorada,-42.59107259599995,-14.185151143999974,BA,5,8.0,8.0,-14.25,-42.5,latm14p25_lonm42p50
EOLCVBA030321-6-01,Igaporã,-42.65734169899997,-13.860574339999973,BA,19,30.400000000000002,30.4,-13.75,-42.75,latm13p75_lonm42p75
EOLCVBA030322-4-01,Planaltina,-42.63894444399995,-13.987944443999936,BA,17,27.200000000000003,27.2,-14.0,-42.75,latm14p00_lonm42p75
EOLCVBA030323-2-01,Porto Seguro,-42.67266666799998,-13.862944444999982,BA,4,6.4,6.4,-13.75,-42.75,latm13p75_lonm42p75
EOLCVBA030324-0-01,Pindaí,-42.65889864799993,-14.202139393999971,BA,15,24.0,24.0,-14.25,-42.75,latm14p25_lonm42p75
EOLCVBA030328-3-01,Guanambi,-42.61830983999994,-14.201707563999946,BA,13,20.8,20.799999999999997,-14.25,-42.5,latm14p25_lonm42p50
EOLCVBA030341-0-01,Rio Verde,-42.60055555599996,-14.164027776999944,BA,19,30.400000000000002,30.4,-14.25,-42.5,latm14p25_lonm42p50
EOLCVBA030342-9-01,Guirapá,-42.641388495999934,-14.21891461399997,BA,18,28.8,28.799999999999997,-14.25,-42.75,latm14p25_lonm42p75
EOLCVBA030437-9-01,Caetité 2,-42.50299999999993,-14.184999999999944,BA,15,30.0,30.0,-14.25,-42.5,latm14p25_lonm42p50
EOLCVBA030443-3-01,Pedra Branca,-41.095714793999946,-9.874591530999965,BA,12,30.0,30.0,-9.75,-41.0,latm9p75_lonm41p00
EOLCVBA030448-4-01,Caetité 3,-42.50699999999995,-14.219444443999976,BA,15,30.0,30.0,-14.25,-42.5,latm14p25_lonm42p50
EOLCVBA030455-7-01,Sete Gameleiras,-41.10417463999994,-9.863843840999948,BA,15,30.0,30.0,-9.75,-41.0,latm9p75_lonm41p00
EOLCVBA030456-5-01,São Pedro do Lago,-41.093011081999975,-9.874693261999935,BA,13,31.46,31.465,-9.75,-41.0,latm9p75_lonm41p00
EOLCVBA030476-0-01,Ventos do Nordeste,-42.614083111999946,-14.11946417799993,BA,13,21.84,23.52,-14.0,-42.5,latm14p00_lonm42p50
EOLCVBA030490-5-01,Da Prata,-42.63886293999997,-13.96426616399998,BA,13,21.84,21.84,-14.0,-42.75,latm14p00_lonm42p75
EOLCVBA030495-6-01,Dos Araçás,-42.55965544399993,-14.129593317999934,BA,19,31.86,31.86,-14.25,-42.5,latm14p25_lonm42p50
EOLCVBA030506-5-01,Morrão,-42.68270797499997,-14.08850924899997,BA,18,30.24,30.240000000000002,-14.0,-42.75,latm14p00_lonm42p75
EOLCVBA030544-8-01,Tanque,-42.61065718999998,-14.10259779699993,BA,18,30.0,30.0,-14.0,-42.5,latm14p00_lonm42p50
EOLCVBA030546-4-01,Seraíma,-42.71185123499998,-14.147272974999964,BA,18,30.24,30.240000000000002,-14.25,-42.75,latm14p25_lonm42p75
EOLCVBA030608-8-01,Pedra do Reino III,-40.87899999999996,-9.498583332999942,BA,6,18.0,18.0,-9.5,-41.0,latm9p50_lonm41p00
EOLCVBA030725-4-01,São Judas,-41.361999999999966,-11.66424999999998,BA,13,29.9,29.9,-11.75,-41.25,latm11p75_lonm41p25
EOLCVBA030726-2-01,Primavera,-41.372999999999934,-11.733361110999963,BA,13,29.9,29.900000000000002,-11.75,-41.25,latm11p75_lonm41p25
EOLCVBA030727-0-01,Cristal,-41.39338419699993,-11.796463157999938,BA,13,29.9,29.900000000000002,-11.75,-41.5,latm11p75_lonm41p50
EOLCVBA030731-9-01,Teiu,-42.59109055199997,-14.338138397999955,BA,9,16.650000000000002,16.65,-14.25,-42.5,latm14p25_lonm42p50
EOLCVBA030732-7-01,Angical,-42.613683537999975,-14.346056670999928,BA,7,12.950000000000001,12.95,-14.25,-42.5,latm14p25_lonm42p50
EOLCVBA030738-6-01,Coqueirinho,-42.62872018799993,-14.419888972999956,BA,16,29.6,29.6,-14.5,-42.75,latm14p50_lonm42p75
EOLCVBA030739-4-01,Caititu,-42.64099568299997,-14.45280192399997,BA,12,22.200000000000003,22.2,-14.5,-42.75,latm14p50_lonm42p75
EOLCVBA030751-3-01,Inhambu,-42.59385359799995,-14.391171055999962,BA,17,31.450000000000003,31.45,-14.5,-42.5,latm14p50_lonm42p50
EOLCVBA030752-1-01,Corrupião,-42.58526944499994,-14.292690775999972,BA,15,27.75,27.75,-14.25,-42.5,latm14p25_lonm42p50
EOLCVBA030753-0-01,Tamanduá Mirim,-42.609386461999975,-14.377551997999944,BA,16,29.6,29.6,-14.5,-42.5,latm14p50_lonm42p50
EOLCVBA030768-8-01,Maron,-42.60235758999994,-14.13370645699996,BA,18,30.24,30.24,-14.25,-42.5,latm14p25_lonm42p50
EOLCVBA030776-9-01,Pilões,-42.61607574499993,-14.029151058999958,BA,18,30.24,30.240000000000002,-14.0,-42.5,latm14p00_lonm42p50
EOLCVBA030778-5-01,Dourados,-42.68159246499994,-14.152325075999954,BA,17,28.56,28.56,-14.25,-42.75,latm14p25_lonm42p75
EOLCVBA030779-3-01,Ametista,-42.70022351299997,-14.172032843999943,BA,17,28.56,28.560000000000002,-14.25,-42.75,latm14p25_lonm42p75
EOLCVBA030792-0-01,Caetité,-42.58355855299993,-14.46886214899996,BA,18,30.24,30.24,-14.5,-42.5,latm14p50_lonm42p50
EOLCVBA030793-9-01,Pelourinho,-42.586731149999935,-14.529235030999928,BA,13,21.84,21.84,-14.5,-42.5,latm14p50_lonm42p50
EOLCVBA030801-3-01,Joana,-42.62044581099997,-13.917984514999944,BA,12,28.200000000000003,28.2,-14.0,-42.5,latm14p00_lonm42p50
EOLCVBA030802-1-01,Serra do Espinhaço,-42.58285958199997,-14.495723735999944,BA,11,18.48,18.48,-14.5,-42.5,latm14p50_lonm42p50
EOLCVBA030803-0-01,Espigão,-42.58525149599996,-14.47696268599998,BA,6,10.08,10.08,-14.5,-42.5,latm14p50_lonm42p50
EOLCVBA030807-2-01,Emiliana,-42.62417204999997,-13.91002360899995,BA,12,28.200000000000003,25.85,-14.0,-42.5,latm14p00_lonm42p50
EOLCVBA030837-4-01,Borgo,-42.58665107599995,-14.508400542999937,BA,12,20.16,20.16,-14.5,-42.5,latm14p50_lonm42p50
EOLCVBA030943-5-01,Ventos de Campo Formoso I,-40.68553526199997,-10.627701864999947,BA,15,30.0,30.0,-10.75,-40.75,latm10p75_lonm40p75
EOLCVBA030944-3-01,Ventos da Andorinha,-40.63744737599996,-10.583276995999938,BA,15,30.0,30.0,-10.5,-40.75,latm10p50_lonm40p75
EOLCVBA030945-1-01,Ventos de Morrinhos,-40.62858262299994,-10.569561632999978,BA,15,30.0,30.0,-10.5,-40.75,latm10p50_lonm40p75
EOLCVBA030946-0-01,Ventos do Sertão,-40.56867639799998,-10.556679414999962,BA,15,30.0,30.0,-10.5,-40.5,latm10p50_lonm40p50
EOLCVBA030976-1-01,Caetité 1,-42.48449020099997,-14.163216855999964,BA,15,30.0,30.0,-14.25,-42.5,latm14p25_lonm42p50
EOLCVBA031010-7-01,Ventos de Campo Formoso II,-40.61138421399994,-10.519560052999964,BA,15,30.0,30.0,-10.5,-40.5,latm10p50_lonm40p50
EOLCVBA031120-0-01,São Salvador,-42.64863784199997,-13.837919231999932,BA,7,18.900000000000002,18.9,-13.75,-42.75,latm13p75_lonm42p75
EOLCVBA031121-9-01,Dois Riachos,-41.45906225999994,-11.82245678199996,BA,15,30.0,30.0,-11.75,-41.5,latm11p75_lonm41p50
EOLCVBA031335-1-01,Baraúnas I,-41.12033083399996,-9.886793745999968,BA,15,32.9,32.9,-10.0,-41.0,latm10p00_lonm41p00
EOLCVBA031336-0-01,Morro Branco I,-41.056519467999976,-9.849704687999974,BA,14,32.9,32.9,-9.75,-41.0,latm9p75_lonm41p00
EOLCVBA031337-8-01,Maniçoba,-41.45833064799996,-11.893430887999957,BA,15,30.0,30.0,-12.0,-41.5,latm12p00_lonm41p50
EOLCVBA031338-6-01,Damascena,-41.47422172399996,-11.856718454999964,BA,15,30.0,30.0,-11.75,-41.5,latm11p75_lonm41p50
EOLCVBA031341-6-01,Assuruá V,-42.705312523999964,-11.184106669999949,BA,10,20.0,20.0,-11.25,-42.75,latm11p25_lonm42p75
EOLCVBA031342-4-01,Caetité B,-42.47494887699997,-14.114634119999948,BA,13,22.099999999999998,22.1,-14.0,-42.5,latm14p00_lonm42p50
EOLCVBA031343-2-01,Assuruá II,-42.67064895799996,-11.163794702999953,BA,15,30.0,30.0,-11.25,-42.75,latm11p25_lonm42p75
EOLCVBA031344-0-01,Caetité A,-42.47826735599995,-14.141480929999943,BA,14,23.8,23.8,-14.25,-42.5,latm14p25_lonm42p50
EOLCVBA031352-1-01,Mussambê,-41.08341680299998,-9.862763799999923,BA,14,32.9,32.9,-9.75,-41.0,latm9p75_lonm41p00
EOLCVBA031355-6-01,Esperança,-41.41614404899997,-11.861619961999963,BA,14,28.0,28.0,-11.75,-41.5,latm11p75_lonm41p50
EOLCVBA031356-4-01,Assuruá VII,-42.67881449699996,-11.07103884999998,BA,9,18.0,18.0,-11.0,-42.75,latm11p00_lonm42p75
EOLCVBA031402-1-01,Abil,-42.543458622999935,-14.277822532999949,BA,8,23.7,23.7,-14.25,-42.5,latm14p25_lonm42p50
EOLCVBA031403-0-01,Tabua,-42.57214019499997,-14.315911599999936,BA,5,15.0,15.0,-14.25,-42.5,latm14p25_lonm42p50
EOLCVBA031404-8-01,Angico,-42.70269753599996,-13.89479470599997,BA,3,8.100000000000001,8.1,-14.0,-42.75,latm14p00_lonm42p75
EOLCVBA031405-6-01,Jabuticaba,-42.57185217099993,-14.325692967999942,BA,3,9.0,9.0,-14.25,-42.5,latm14p25_lonm42p50
EOLCVBA031406-4-01,Taboquinha,-42.70502063099997,-13.907721520999928,BA,8,21.6,21.6,-14.0,-42.75,latm14p00_lonm42p75
EOLCVBA031407-2-01,Folha de Serra,-42.58064365499996,-14.549962025999946,BA,7,21.0,21.0,-14.5,-42.5,latm14p50_lonm42p50
EOLCVBA031408-0-01,Jacarandá do Cerrado,-42.58204778399994,-14.556181201999948,BA,7,21.0,21.0,-14.5,-42.5,latm14p50_lonm42p50
EOLCVBA031418-8-01,Acácia,-42.69778192399997,-13.915585669999928,BA,6,16.200000000000003,16.2,-14.0,-42.75,latm14p00_lonm42p75
EOLCVBA031424-2-01,Vaqueta,-42.55432039999994,-14.259560649999967,BA,8,23.4,23.4,-14.25,-42.5,latm14p25_lonm42p50
EOLCVBA031431-5-01,Teiú 2,-42.69171929199996,-14.44520867999995,BA,4,8.0,8.0,-14.5,-42.75,latm14p50_lonm42p75
EOLCVBA031432-3-01,Caititu 2,-42.61280189099995,-14.33182168299993,BA,5,10.0,10.0,-14.25,-42.5,latm14p25_lonm42p50
EOLCVBA031433-1-01,Acauã,-42.65994184299996,-14.412775634999946,BA,3,6.0,6.0,-14.5,-42.75,latm14p50_lonm42p75
EOLCVBA031434-0-01,Arapapá,-42.691893799999946,-14.431883470999937,BA,2,4.0,4.0,-14.5,-42.75,latm14p50_lonm42p75
EOLCVBA031435-8-01,Angical 2,-42.64192930199994,-14.419038283999951,BA,5,10.0,10.0,-14.5,-42.75,latm14p50_lonm42p75
EOLCVBA031447-1-01,Carcará,-42.59324514699995,-14.283559406999927,BA,5,10.0,10.0,-14.25,-42.5,latm14p25_lonm42p50
EOLCVBA031458-7-01,Corrupião 3,-42.57548997799995,-14.270170555999982,BA,5,10.0,10.0,-14.25,-42.5,latm14p25_lonm42p50
EOLCVBA031459-5-01,Caititu 3,-42.61027502699994,-14.320177485999976,BA,5,10.0,10.0,-14.25,-42.5,latm14p25_lonm42p50
EOLCVBA031511-7-01,Papagaio,-42.64087206299996,-14.481476965999946,BA,5,10.0,10.0,-14.5,-42.75,latm14p50_lonm42p75
EOLCVBA031518-4-01,Coqueirinho 2,-42.65136407999995,-14.503058094999972,BA,8,16.0,16.0,-14.5,-42.75,latm14p50_lonm42p75
EOLCVBA031519-2-01,Casa Nova II,-41.05009438899998,-9.270550581999942,BA,14,32.899998599999996,32.9,-9.25,-41.0,latm9p25_lonm41p00
EOLCVBA031523-0-01,Caetité C,-42.47461065299996,-14.108207366999975,BA,5,8.5,8.5,-14.0,-42.5,latm14p00_lonm42p50
EOLCVBA031524-9-01,Casa Nova III,-41.11748471799996,-9.314802052999935,BA,12,28.199998799999996,28.2,-9.25,-41.0,latm9p25_lonm41p00
EOLCVBA031563-0-01,Ventos de Guarás I,-40.65449746999997,-10.606096499999978,BA,15,30.0,30.0,-10.5,-40.75,latm10p50_lonm40p75
EOLCVBA031606-7-01,Tamanduá Mirim 2,-42.66552733899994,-14.470953410999982,BA,8,16.0,16.0,-14.5,-42.75,latm14p50_lonm42p75
EOLCVBA031607-5-01,Banda de Couro,-41.05389144699996,-9.847750151999946,BA,14,32.9,32.9,-9.75,-41.0,latm9p75_lonm41p00
EOLCVBA031667-9-01,Baraúnas II,-41.06310980899997,-9.871746980999944,BA,11,25.85,25.85,-9.75,-41.0,latm9p75_lonm41p00
EOLCVBA031737-3-01,Umburanas 05,-41.60451759199998,-10.664992083999948,BA,7,17.5,17.5,-10.75,-41.5,latm10p75_lonm41p50
EOLCVBA031738-1-01,Umburanas 01,-41.52063069899998,-10.679477324999937,BA,10,25.0,25.0,-10.75,-41.5,latm10p75_lonm41p50
EOLCVBA031740-3-01,Umburanas 02,-41.509506993999935,-10.66991636599994,BA,10,25.0,25.0,-10.75,-41.5,latm10p75_lonm41p50
EOLCVBA031741-1-01,Umburanas 03,-41.50758316599996,-10.640248259999964,BA,8,20.0,20.0,-10.75,-41.5,latm10p75_lonm41p50
EOLCVBA031742-0-01,Umburanas 10,-41.59608593399997,-10.649882537999927,BA,8,20.0,20.0,-10.75,-41.5,latm10p75_lonm41p50
EOLCVBA031743-8-01,Umburanas 09,-41.61434101999998,-10.638644277999958,BA,7,17.5,17.5,-10.75,-41.5,latm10p75_lonm41p50
EOLCVBA031744-6-01,Umburanas 11,-41.49018325099996,-10.586323268999934,BA,6,15.0,15.0,-10.5,-41.5,latm10p50_lonm41p50
EOLCVBA031752-7-01,Umburanas 13,-41.56466584699996,-10.646924681999964,BA,8,20.0,20.0,-10.75,-41.5,latm10p75_lonm41p50
EOLCVBA031754-3-01,Umburanas 15,-41.49725367599996,-10.652818681999976,BA,8,20.0,20.0,-10.75,-41.5,latm10p75_lonm41p50
EOLCVBA031755-1-01,Umburanas 16,-41.56871622799997,-10.694148093999956,BA,10,25.0,25.0,-10.75,-41.5,latm10p75_lonm41p50
EOLCVBA031756-0-01,Umburanas 18,-41.58736582199998,-10.650270939999928,BA,3,7.5,7.5,-10.75,-41.5,latm10p75_lonm41p50
EOLCVBA031758-6-01,Ventos da Bahia II,-41.44626231199993,-12.015582767999945,BA,9,27.0,27.0,-12.0,-41.5,latm12p00_lonm41p50
EOLCVBA031770-5-01,Ventos da Bahia IV,-41.44454853899998,-11.984324799999968,BA,4,12.0,12.0,-12.0,-41.5,latm12p00_lonm41p50
EOLCVBA031771-3-01,Ventos da Bahia VIII,-41.45653964899998,-12.032425561999958,BA,9,27.0,27.0,-12.0,-41.5,latm12p00_lonm41p50
EOLCVBA031796-9-01,Umburanas 06,-41.60474488199998,-10.673447360999944,BA,8,20.0,20.0,-10.75,-41.5,latm10p75_lonm41p50
EOLCVBA031832-9-01,Umburanas 08,-41.58232239199998,-10.697722281999972,BA,10,25.0,25.0,-10.75,-41.5,latm10p75_lonm41p50
EOLCVBA032081-1-01,Cristalândia I,-41.560866319999946,-13.931227639999976,BA,15,30.0,30.0,-14.0,-41.5,latm14p00_lonm41p50
EOLCVBA032082-0-01,Cristalândia II,-41.55017895199995,-13.970133449999937,BA,15,30.0,30.0,-14.0,-41.5,latm14p00_lonm41p50
EOLCVBA032083-8-01,Cristalândia III,-41.53327685099998,-14.009508367999956,BA,15,30.0,30.0,-14.0,-41.5,latm14p00_lonm41p50
EOLCVBA032090-0-01,Amescla,-42.70377690099997,-13.835062851999965,BA,5,13.5,13.5,-13.75,-42.75,latm13p75_lonm42p75
EOLCVBA032091-9-01,Angelim,-42.65429300699998,-14.044055999999957,BA,8,21.6,21.6,-14.0,-42.75,latm14p00_lonm42p75
EOLCVBA032093-5-01,Barbatimão,-42.70428515699996,-13.826610243999935,BA,6,16.200000000000003,16.2,-13.75,-42.75,latm13p75_lonm42p75
EOLCVBA032098-6-01,Cedro,-42.57230176099995,-14.32898042599993,BA,4,12.0,12.0,-14.25,-42.5,latm14p25_lonm42p50
EOLCVBA032101-0-01,Facheio,-42.69078304199997,-13.99459845399997,BA,6,16.200000000000003,16.2,-14.0,-42.75,latm14p00_lonm42p75
EOLCVBA032102-8-01,Imburana Macho,-42.690898069999946,-13.863557862999926,BA,6,16.200000000000003,8.1,-13.75,-42.75,latm13p75_lonm42p75
EOLCVBA032104-4-01,Jataí,-42.69082273199996,-13.829375219999974,BA,6,16.200000000000003,16.2,-13.75,-42.75,latm13p75_lonm42p75
EOLCVBA032106-0-01,Juazeiro,-42.69056477099997,-13.84187495599997,BA,7,18.900000000000002,18.9,-13.75,-42.75,latm13p75_lonm42p75
EOLCVBA032108-7-01,Sabiu,-42.66330326999997,-14.01545977799998,BA,5,13.5,13.5,-14.0,-42.75,latm14p00_lonm42p75
EOLCVBA032111-7-01,Umbuzeiro,-42.66518945799993,-13.979887820999975,BA,7,18.900000000000002,18.9,-14.0,-42.75,latm14p00_lonm42p75
EOLCVBA032113-3-01,Vellozia,-42.54905022099996,-14.254035406999948,BA,6,16.5,16.5,-14.25,-42.5,latm14p25_lonm42p50
EOLCVBA032245-8-01,Manineiro,-42.67641006599996,-14.016968305999969,BA,5,13.8,13.8,-14.0,-42.75,latm14p00_lonm42p75
EOLCVBA032246-6-01,Pau D'Água,-42.57583879699996,-14.53557320599998,BA,6,18.0,18.0,-14.5,-42.5,latm14p50_lonm42p50
EOLCVBA032342-0-01,Assuruá III,-42.68132130399994,-11.170555861999958,BA,5,12.5,12.5,-11.25,-42.75,latm11p25_lonm42p75
EOLCVBA032343-8-01,Assuruá IV,-42.68759940299998,-11.047474241999964,BA,15,30.0,30.0,-11.0,-42.75,latm11p00_lonm42p75
EOLCVBA032344-6-01,Capoeiras III,-42.73690500199996,-11.17742485499997,BA,11,27.5,27.5,-11.25,-42.75,latm11p25_lonm42p75
EOLCVBA032345-4-01,Curral de Pedras I,-42.65347342699994,-11.13497766599994,BA,8,20.0,20.0,-11.25,-42.75,latm11p25_lonm42p75
EOLCVBA032346-2-01,Curral de Pedras II,-42.69985117299996,-11.212712331999969,BA,11,27.5,27.5,-11.25,-42.75,latm11p25_lonm42p75
EOLCVBA032347-0-01,Diamante II,-42.671498016999976,-11.106515960999957,BA,7,17.5,17.5,-11.0,-42.75,latm11p00_lonm42p75
EOLCVBA032348-9-01,Diamante III,-42.68300813999997,-11.090365196999926,BA,7,17.5,17.5,-11.0,-42.75,latm11p00_lonm42p75
EOLCVBA032349-7-01,Laranjeiras I,-42.684070006999946,-11.12278024699998,BA,11,27.5,27.5,-11.0,-42.75,latm11p00_lonm42p75
EOLCVBA032350-0-01,Laranjeiras II,-42.69679751499996,-11.131074714999954,BA,12,30.0,30.0,-11.25,-42.75,latm11p25_lonm42p75
EOLCVBA032351-9-01,Laranjeiras V,-42.66990023799997,-11.115296568999952,BA,10,25.0,25.0,-11.0,-42.75,latm11p00_lonm42p75
EOLCVBA032357-8-01,Delfina I,-40.97868042199997,-10.057508778999932,BA,14,28.0,28.0,-10.0,-41.0,latm10p00_lonm41p00
EOLCVBA032358-6-01,Delfina II,-40.95861817399998,-10.036945636999974,BA,14,28.0,28.0,-10.0,-41.0,latm10p00_lonm41p00
EOLCVBA032359-4-01,Delfina V,-40.92836422099998,-10.02287638499996,BA,14,28.0,28.0,-10.0,-41.0,latm10p00_lonm41p00
EOLCVBA032362-4-01,Mulungu,-42.66704097799993,-14.005466599999975,BA,5,13.5,13.5,-14.0,-42.75,latm14p00_lonm42p75
EOLCVBA032363-2-01,Pau Santo,-42.53643261399998,-14.26697816199993,BA,7,18.900000000000002,18.9,-14.25,-42.5,latm14p25_lonm42p50
EOLCVBA032364-0-01,Quina,-42.67878100699994,-13.98084039899993,BA,4,10.8,10.8,-14.0,-42.75,latm14p00_lonm42p75
EOLCVBA032417-5-01,Morro Branco II,-41.02266980299999,-9.766024179999931,BA,9,31.185,31.185,-9.75,-41.0,latm9p75_lonm41p00
EOLCVBA032462-0-01,Serra da Babilônia II,-41.305669773999966,-11.095465957999975,BA,12,28.200000000000003,28.2,-11.0,-41.25,latm11p00_lonm41p25
EOLCVBA032465-5-01,Serra da Babilônia IX,-41.315364977999934,-11.090139677999955,BA,12,28.200000000000003,28.200000000000003,-11.0,-41.25,latm11p00_lonm41p25
EOLCVBA032466-3-01,Serra da Babilônia VI,-41.32520274799998,-11.048995231999982,BA,11,25.85,25.85,-11.0,-41.25,latm11p00_lonm41p25
EOLCVBA032467-1-01,Serra da Babilônia VII,-41.315486600999975,-11.056586609999954,BA,12,28.200000000000003,28.2,-11.0,-41.25,latm11p00_lonm41p25
EOLCVBA032468-0-01,Serra da Babilônia VIII,-41.30105956699998,-11.083843495999927,BA,12,28.200000000000003,28.2,-11.0,-41.25,latm11p00_lonm41p25
EOLCVBA032469-8-01,Serra da Babilônia X,-41.31878749599997,-11.06810282999993,BA,12,28.200000000000003,28.2,-11.0,-41.25,latm11p00_lonm41p25
EOLCVBA032470-1-01,Serra da Babilônia XI,-41.32158685199994,-11.076978159999952,BA,12,28.200000000000003,28.2,-11.0,-41.25,latm11p00_lonm41p25
EOLCVBA032471-0-01,Serra da Babilônia XII,-41.315867165999975,-11.098865914999976,BA,12,28.200000000000003,28.2,-11.0,-41.25,latm11p00_lonm41p25
EOLCVBA032487-6-01,Inhambu 2,-42.650471712999945,-14.451361973999951,BA,7,16.45,16.45,-14.5,-42.75,latm14p50_lonm42p75
EOLCVBA032521-0-01,Delfina III,-40.933793812999966,-10.004919090999977,BA,14,28.0,28.0,-10.0,-41.0,latm10p00_lonm41p00
EOLCVBA032522-8-01,Delfina IV,-40.98092913299996,-10.065802562999975,BA,4,8.0,8.0,-10.0,-41.0,latm10p00_lonm41p00
EOLCVBA032523-6-01,Delfina VI,-40.95196877899997,-10.029237918999968,BA,15,30.0,30.0,-10.0,-41.0,latm10p00_lonm41p00
EOLCVBA032524-4-01,Delfina VII,-40.91073990199993,-9.986321832999977,BA,15,30.0,30.0,-10.0,-41.0,latm10p00_lonm41p00
EOLCVBA032526-0-01,Ventos da Bahia I,-41.52585741499996,-11.98767533299997,BA,13,28.6,28.6,-12.0,-41.5,latm12p00_lonm41p50
EOLCVBA032527-9-01,Ventos da Bahia III,-41.52213626799994,-11.974740089999957,BA,14,30.800000000000004,30.8,-12.0,-41.5,latm12p00_lonm41p50
EOLCVBA032531-7-01,Ventos da Bahia IX,-41.491425136999965,-11.986171464999927,BA,13,28.6,28.6,-12.0,-41.5,latm12p00_lonm41p50
EOLCVBA032533-3-01,"Ventos da Bahia XI",-41.51354892799998,-12.009969484999942,BA,8,45.6,45.6,-12.0,-41.5,latm12p00_lonm41p50
EOLCVBA032535-0-01,Ventos da Bahia XIII,-41.49666158599996,-12.131296773999964,BA,9,49.5,49.5,-12.25,-41.5,latm12p25_lonm41p50
EOLCVBA032536-8-01,Ventos da Bahia XIV,-41.506776387999935,-12.110180096999954,BA,6,33.0,33.0,-12.0,-41.5,latm12p00_lonm41p50
EOLCVBA032567-8-01,Tucano II,-38.781705218999946,-11.19013778699997,BA,4,24.8,24.8,-11.25,-38.75,latm11p25_lonm38p75
EOLCVBA032568-6-01,Tucano III,-38.80453795499994,-11.32945525499997,BA,7,43.4,43.400000000000006,-11.25,-38.75,latm11p25_lonm38p75
EOLCVBA032569-4-01,Tucano IV,-38.81289148399998,-11.420051757999945,BA,7,43.4,43.400000000000006,-11.5,-38.75,latm11p50_lonm38p75
EOLCVBA032570-8-01,Tucano V,-38.78830498099995,-11.345203974999947,BA,4,22.8,22.8,-11.25,-38.75,latm11p25_lonm38p75
EOLCVBA032578-3-01,Tucano VI,-38.79201032599997,-11.22795736699993,BA,8,49.6,49.6,-11.25,-38.75,latm11p25_lonm38p75
EOLCVBA032579-1-01,Tucano VII,-38.81124797699994,-11.256467231999975,BA,9,55.800000000000004,55.8,-11.25,-38.75,latm11p25_lonm38p75
EOLCVBA032580-5-01,Tucano VIII,-38.79906981399995,-11.28593296899993,BA,8,49.6,49.6,-11.25,-38.75,latm11p25_lonm38p75
EOLCVBA032583-0-01,Tucano IX,-38.76557471299998,-11.179110196999943,BA,8,45.6,45.6,-11.25,-38.75,latm11p25_lonm38p75
EOLCVBA032584-8-01,Tucano X,-38.80133352799993,-11.298496303999968,BA,7,43.4,43.400000000000006,-11.25,-38.75,latm11p25_lonm38p75
EOLCVBA032640-2-01,Ventos de São Januário 02,-40.51497989699993,-10.348931397999934,BA,5,21.0,21.0,-10.25,-40.5,latm10p25_lonm40p50
EOLCVBA032641-0-01,Ventos de São Januário 04,-40.45885143199996,-10.387002571999972,BA,7,29.399998669999995,29.4,-10.5,-40.5,latm10p50_lonm40p50
EOLCVBA032642-9-01,Ventos de São Januário 15,-41.26807906699997,-11.078762745999938,BA,16,72.0,72.0,-11.0,-41.25,latm11p00_lonm41p25
EOLCVBA032644-5-01,Ventos de São Januário 05,-40.43405343699993,-10.28982543799998,BA,10,41.9999981,42.0,-10.25,-40.5,latm10p25_lonm40p50
EOLCVBA032759-0-01,Boa Vista da Lagoinha,-41.38928706599995,-11.761353163999956,BA,15,30.0,30.0,-11.75,-41.5,latm11p75_lonm41p50
EOLCVBA032804-9-01,Aura Caetité 03,-42.60011830099995,-13.706918906999933,BA,8,72.0,36.0,-13.75,-42.5,latm13p75_lonm42p50
EOLCVBA032805-7-01,Aura Caetité 04,-42.550867178999965,-13.625203401999954,BA,5,22.5,22.5,-13.75,-42.5,latm13p75_lonm42p50
EOLCVBA032819-7-01,LDA 01,-42.55300376499997,-14.616310283999953,BA,6,25.200000000000003,25.200000000000003,-14.5,-42.5,latm14p50_lonm42p50
EOLCVBA032884-7-01,Ventos do Santo Abraão,-41.35213098199995,-11.624949030999971,BA,14,28.0,28.0,-11.5,-41.25,latm11p50_lonm41p25
EOLCVBA033508-8-01,Ventos de São Januário 01,-40.43672213299993,-10.322671243999936,BA,8,33.6,33.6,-10.25,-40.5,latm10p25_lonm40p50
EOLCVBA033521-5-01,Ventos de São Januário 03,-40.44036493799996,-10.310530080999968,BA,8,33.59999848,33.6,-10.25,-40.5,latm10p25_lonm40p50
EOLCVBA033523-1-01,Ventos de São Januário 06,-40.46644301799995,-10.410982371999978,BA,9,37.79999829,37.8,-10.5,-40.5,latm10p50_lonm40p50
EOLCVBA033524-0-01,Ventos de São Januário 07,-40.51799589899997,-10.311431539999944,BA,7,29.400000000000002,29.400000000000002,-10.25,-40.5,latm10p25_lonm40p50
EOLCVBA033527-4-01,Ventos de São Januário 08,-40.47985851399994,-10.389365681999948,BA,16,67.2,67.2,-10.5,-40.5,latm10p50_lonm40p50
EOLCVBA033528-2-01,Ventos de São Januário 09,-40.490282788999934,-10.35544801499998,BA,17,71.4,71.4,-10.25,-40.5,latm10p25_lonm40p50
EOLCVBA033529-0-01,Ventos de São Januário 10,-40.43061876599995,-10.265075237999952,BA,10,41.9999981,42.0,-10.25,-40.5,latm10p25_lonm40p50
EOLCVBA033530-4-01,Ventos de São Januário 11,-40.42447693499997,-10.24309451299996,BA,10,41.9999981,42.0,-10.25,-40.5,latm10p25_lonm40p50
EOLCVBA033531-2-01,Ventos de São Januário 12,-40.51766206899998,-10.329407428999955,BA,7,29.400000000000002,29.400000000000002,-10.25,-40.5,latm10p25_lonm40p50
EOLCVBA033532-0-01,Ventos de São Januário 13,-40.43775389599995,-10.344755543999952,BA,10,41.9999981,42.0,-10.25,-40.5,latm10p25_lonm40p50
EOLCVBA033533-9-01,Ventos de São Januário 14,-40.44223336799996,-10.367827972999976,BA,10,41.9999981,42.0,-10.25,-40.5,latm10p25_lonm40p50
EOLCVBA033547-9-01,Ventos de São Januário 16,-41.28088350499996,-11.099361574999932,BA,16,72.0,72.0,-11.0,-41.25,latm11p00_lonm41p25
EOLCVBA033548-7-01,Ventos de São Januário 17,-41.287331896999945,-11.130735093999933,BA,16,72.0,72.0,-11.25,-41.25,latm11p25_lonm41p25
EOLCVBA033549-5-01,Ventos de São Januário 18,-41.30334018299993,-11.12647376299998,BA,16,72.0,72.0,-11.25,-41.25,latm11p25_lonm41p25
EOLCVBA033626-2-01,Laranjeiras III,-42.63211129999996,-11.035394727999972,BA,10,25.0,25.0,-11.0,-42.75,latm11p00_lonm42p75
EOLCVBA033627-0-01,Laranjeiras IX,-42.61800202899997,-11.081228429999952,BA,10,25.0,25.0,-11.0,-42.5,latm11p00_lonm42p50
EOLCVBA033628-9-01,Campo Largo III,-41.54008673599998,-10.502902757999948,BA,11,29.700000000000003,29.7,-10.5,-41.5,latm10p50_lonm41p50
EOLCVBA033629-7-01,Campo Largo IV,-41.51154837299998,-10.489783497999952,BA,11,29.700000000000003,29.7,-10.5,-41.5,latm10p50_lonm41p50
EOLCVBA033630-0-01,Campo Largo V,-41.42850733599994,-10.422970131999932,BA,11,29.700000000000003,29.7,-10.5,-41.5,latm10p50_lonm41p50
EOLCVBA033631-9-01,Campo Largo VI,-41.39572975399994,-10.42114795899994,BA,11,29.700000000000003,29.7,-10.5,-41.5,latm10p50_lonm41p50
EOLCVBA033632-7-01,Campo Largo VII,-41.49361777799993,-10.522943144999942,BA,11,29.700000000000003,29.7,-10.5,-41.5,latm10p50_lonm41p50
EOLCVBA033633-5-01,Campo Largo XXI,-41.44806822399994,-10.449551130999964,BA,11,29.700000000000003,29.7,-10.5,-41.5,latm10p50_lonm41p50
EOLCVBA033634-3-01,Umburanas 17,-41.57045133699995,-10.672348824999972,BA,9,22.5,22.5,-10.75,-41.5,latm10p75_lonm41p50
EOLCVBA033635-1-01,Umburanas 19,-41.49465855099993,-10.597610216999954,BA,10,25.0,25.0,-10.5,-41.5,latm10p50_lonm41p50
EOLCVBA033636-0-01,Umburanas 21,-41.595076622999954,-10.701004723999972,BA,9,22.5,22.5,-10.75,-41.5,latm10p75_lonm41p50
EOLCVBA033637-8-01,Umburanas 23,-41.602794710999945,-10.624527555999975,BA,6,15.0,15.0,-10.5,-41.5,latm10p50_lonm41p50
EOLCVBA033639-4-01,Umburanas 25,-41.533369240999946,-10.64676366599997,BA,7,17.5,17.5,-10.75,-41.5,latm10p75_lonm41p50
EOLCVBA033648-3-01,Ventos da Santa Dulce,-41.339425792999975,-11.598538859999962,BA,14,28.0,28.0,-11.5,-41.25,latm11p50_lonm41p25
EOLCVBA033649-1-01,Ventos da Santa Esperança,-41.315741912999954,-11.60750442099993,BA,14,28.0,28.0,-11.5,-41.25,latm11p50_lonm41p25
EOLCVBA033650-5-01,Ventos do São Mário,-41.228528653999945,-11.587414082999942,BA,15,30.0,30.0,-11.5,-41.25,latm11p50_lonm41p25
EOLCVBA033652-1-01,Ventos do São Paulo,-41.30342444399997,-11.578675905999944,BA,14,28.0,28.0,-11.5,-41.25,latm11p50_lonm41p25
EOLCVBA034430-3-01,Alecrim,-40.92126651099994,-9.579029382999977,BA,0,0.0,0.0,-9.5,-41.0,latm9p50_lonm41p00
EOLCVBA034507-5-01,Ventos de Santa Esperança 15,-41.30172756899998,-11.558338296999978,BA,11,46.2,46.2,-11.5,-41.25,latm11p50_lonm41p25
EOLCVBA034508-3-01,Ventos de Santa Esperança 16,-41.32024104599998,-11.530592267999964,BA,10,42.0,42.0,-11.5,-41.25,latm11p50_lonm41p25
EOLCVBA034509-1-01,Ventos de Santa Esperança 17,-41.29458235699997,-11.507977719999928,BA,10,42.0,42.0,-11.5,-41.25,latm11p50_lonm41p25
EOLCVBA034511-3-01,Ventos de Santa Esperança 21,-41.291093460999946,-11.499194127999942,BA,11,46.2,46.2,-11.5,-41.25,latm11p50_lonm41p25
EOLCVBA034512-1-01,Ventos de Santa Esperança 22,-41.28006686899994,-11.516939080999975,BA,11,46.2,46.2,-11.5,-41.25,latm11p50_lonm41p25
EOLCVBA034513-0-01,Ventos de Santa Esperança 25,-41.33004266699993,-11.559024763999956,BA,6,25.200000000000003,25.2,-11.5,-41.25,latm11p50_lonm41p25
EOLCVBA034514-8-01,Ventos de Santa Esperança 26,-41.33171371099996,-11.526126620999946,BA,11,46.2,46.2,-11.5,-41.25,latm11p50_lonm41p25
EOLCVBA034515-6-01,Ventos de Santa Esperança 28,-41.14757441499995,-11.37095611799998,BA,12,50.400000000000006,50.400000000000006,-11.25,-41.25,latm11p25_lonm41p25
EOLCVBA034613-6-01,Campo Largo I,-41.49346740999994,-10.46544666099993,BA,11,29.700000000000003,29.7,-10.5,-41.5,latm10p50_lonm41p50
EOLCVBA034614-4-01,Campo Largo VIII,-41.39316049599995,-10.459998801999973,BA,8,33.6,33.6,-10.5,-41.5,latm10p50_lonm41p50
EOLCVBA034622-5-01,Campo Largo XIII,-41.493504203999976,-10.40246351099995,BA,10,42.0,42.0,-10.5,-41.5,latm10p50_lonm41p50
EOLCVBA034623-3-01,Campo Largo XII,-41.44864515999996,-10.405412099999978,BA,13,54.6,54.6,-10.5,-41.5,latm10p50_lonm41p50
EOLCVBA034625-0-01,Campo Largo XI,-41.44636052199997,-10.402736655999943,BA,4,16.8,16.8,-10.5,-41.5,latm10p50_lonm41p50
EOLCVBA034630-6-01,Campo Largo X,-41.48676690999997,-10.506686496999976,BA,8,33.6,33.6,-10.5,-41.5,latm10p50_lonm41p50
EOLCVBA034631-4-01,Campo Largo IX,-41.39403856799999,-10.46258579499994,BA,6,25.200000000000003,25.2,-10.5,-41.5,latm10p50_lonm41p50
EOLCVBA034633-0-01,Campo Largo II,-41.454514048999954,-10.511031169999969,BA,11,29.700000000000003,29.7,-10.5,-41.5,latm10p50_lonm41p50
EOLCVBA034634-9-01,Campo Largo XIV,-41.500831613999935,-10.446783340999955,BA,5,21.0,21.0,-10.5,-41.5,latm10p50_lonm41p50
EOLCVBA034636-5-01,Campo Largo XV,-41.434454337999966,-10.489091223999935,BA,11,29.700000000000003,29.7,-10.5,-41.5,latm10p50_lonm41p50
EOLCVBA034637-3-01,Campo Largo XVI,-41.46759994299998,-10.440797930999963,BA,11,29.700000000000003,29.7,-10.5,-41.5,latm10p50_lonm41p50
EOLCVBA034638-1-01,Campo Largo XVII,-41.51405274599995,-10.46295350899993,BA,7,29.400000000000002,29.4,-10.5,-41.5,latm10p50_lonm41p50
EOLCVBA034643-8-01,Campo Largo XVIII,-41.47863890699995,-10.42029019499995,BA,11,29.700000000000003,29.7,-10.5,-41.5,latm10p50_lonm41p50
EOLCVBA034645-4-01,Campo Largo XIX,-41.57230736099996,-10.440902020999944,BA,8,33.6,33.6,-10.5,-41.5,latm10p50_lonm41p50
EOLCVBA034647-0-01,Campo Largo XX,-41.57687853199997,-10.480450634999954,BA,9,37.800000000000004,37.8,-10.5,-41.5,latm10p50_lonm41p50
EOLCVBA034648-9-01,Campo Largo XXII,-41.61168566799995,-10.50942355899997,BA,8,33.6,33.6,-10.5,-41.5,latm10p50_lonm41p50
EOLCVBA034652-7-01,Ventos de Santa Esperança 05,-41.20669448199993,-11.425096594999957,BA,12,50.400000000000006,50.400000000000006,-11.5,-41.25,latm11p50_lonm41p25
EOLCVBA034654-3-01,Ventos de Santa Esperança 06,-41.16713389899997,-11.399317899999971,BA,12,50.400000000000006,50.400000000000006,-11.5,-41.25,latm11p50_lonm41p25
EOLCVBA034655-1-01,Ventos de São Vitor 03,-42.55331652099994,-10.925448828999947,BA,5,31.0,32.0,-11.0,-42.5,latm11p00_lonm42p50
EOLCVBA034656-0-01,Ventos de São Vitor 04,-42.56103357899997,-10.94114345099996,BA,5,31.0,32.0,-11.0,-42.5,latm11p00_lonm42p50
EOLCVBA034657-8-01,Ventos de São Vitor 10,-42.52945630199997,-10.948055242999942,BA,7,43.4,44.8,-11.0,-42.5,latm11p00_lonm42p50
EOLCVBA034658-6-01,Ventos de São Vitor 11,-42.53707597599998,-10.93004437299993,BA,5,31.0,32.0,-11.0,-42.5,latm11p00_lonm42p50
EOLCVBA034659-4-01,Ventos de São Vitor 12,-42.51652226599998,-10.990148787999942,BA,5,31.0,32.0,-11.0,-42.5,latm11p00_lonm42p50
EOLCVBA034660-8-01,Ventos de São Vitor 14,-42.50064184499996,-10.991699327999982,BA,6,37.2,38.4,-11.0,-42.5,latm11p00_lonm42p50
EOLCVBA034661-6-01,Ventos de Santa Esperança 08,-41.338953351999976,-11.586930559999928,BA,6,25.200000000000003,25.2,-11.5,-41.25,latm11p50_lonm41p25
EOLCVBA034692-6-01,Ventos de Santa Esperança 13,-41.35679635599996,-11.58342407799995,BA,8,33.6,33.6,-11.5,-41.25,latm11p50_lonm41p25
EOLCVBA034717-5-01,Ventos de Santa Emília,-41.22712795399997,-11.006360250999933,BA,13,27.299998699999996,27.299999999999997,-11.0,-41.25,latm11p00_lonm41p25
EOLCVBA034736-1-01,Ventos de Santa Aparecida,-41.22142743899997,-10.91301564899993,BA,13,27.299998699999996,27.299999999999997,-11.0,-41.25,latm11p00_lonm41p25
EOLCVBA034738-8-01,Ventos da Santa Beatriz,-41.22889662399996,-10.939694734999932,BA,13,27.299998699999996,27.299999999999997,-11.0,-41.25,latm11p00_lonm41p25
EOLCVBA034739-6-01,Ventos do São Gabriel,-41.233434331999945,-10.958197749999954,BA,13,27.299998699999996,27.3,-11.0,-41.25,latm11p00_lonm41p25
EOLCVBA034742-6-01,Ventos de Santa Aurora,-41.219949535999945,-10.976118547999931,BA,13,27.299998699999996,27.3,-11.0,-41.25,latm11p00_lonm41p25
EOLCVBA034777-9-01,Pedra do Reino IV,-40.914227720999975,-9.502864942999963,BA,10,20.0,20.0,-9.5,-41.0,latm9p50_lonm41p00
EOLCVBA034778-7-01,Serra das Almas I,-42.56722219599993,-14.770982181999956,BA,9,40.5,40.5,-14.75,-42.5,latm14p75_lonm42p50
EOLCVBA034779-5-01,Serra das Almas II,-42.57213986999994,-14.797983253999972,BA,8,45.5999976,45.5999976,-14.75,-42.5,latm14p75_lonm42p50
EOLCVBA034780-9-01,Serra das Almas III,-42.56268359699993,-14.819881754999926,BA,8,45.5999976,45.5999976,-14.75,-42.5,latm14p75_lonm42p50
EOLCVBA034781-7-01,Serra das Almas VI,-42.584904725999934,-14.830930142999932,BA,8,45.5999976,45.5999976,-14.75,-42.5,latm14p75_lonm42p50
EOLCVBA034809-0-01,Ventos de São Vitor 01,-42.538647099999935,-10.898041564999971,BA,5,31.0,32.0,-11.0,-42.5,latm11p00_lonm42p50
EOLCVBA034811-2-01,Ventos de São Vitor 02,-42.54620722599998,-10.911539191999964,BA,5,31.0,32.0,-11.0,-42.5,latm11p00_lonm42p50
EOLCVBA034829-5-01,Ventos de São Vitor 05,-42.56218063299997,-10.956297603999928,BA,5,31.0,32.0,-11.0,-42.5,latm11p00_lonm42p50
EOLCVBA034830-9-01,Ventos de São Vitor 06,-42.561779969999975,-10.97171046699998,BA,5,31.0,32.0,-11.0,-42.5,latm11p00_lonm42p50
EOLCVBA034838-4-01,Ventos de São Vitor 07,-42.56089232199997,-10.98737241899994,BA,7,43.4,44.8,-11.0,-42.5,latm11p00_lonm42p50
EOLCVBA034848-1-01,Ventos de São Vitor 08,-42.53962076299996,-10.986125732999938,BA,5,31.0,32.0,-11.0,-42.5,latm11p00_lonm42p50
EOLCVBA034849-0-01,Ventos de São Vitor 09,-42.53691859799994,-10.971194099999934,BA,5,31.0,32.0,-11.0,-42.5,latm11p00_lonm42p50
EOLCVBA034850-3-01,Ventos de São Vitor 13,-42.51015523499996,-10.97618119599997,BA,5,31.0,32.0,-11.0,-42.5,latm11p00_lonm42p50
EOLCVBA034883-0-01,Ventos da Bahia XVIII,-41.495447645999946,-12.015486927999971,BA,13,28.6,28.6,-12.0,-41.5,latm12p00_lonm41p50
EOLCVBA034889-9-01,Ventos da Bahia XXVII,-41.48626536999996,-12.06263010899994,BA,9,49.5,49.5,-12.0,-41.5,latm12p00_lonm41p50
EOLCVBA035172-5-01,Aura Tanque Novo 03,-42.57715615699993,-13.649828556999978,BA,3,13.5,13.5,-13.75,-42.5,latm13p75_lonm42p50
EOLCVBA035222-5-01,Serra do Fogo,-41.02310035299996,-9.805541621999964,BA,9,31.185,31.185,-9.75,-41.0,latm9p75_lonm41p00
EOLCVBA035229-2-01,Serra do Vento,-41.03976761699994,-9.817192774999969,BA,9,31.185,31.185,-9.75,-41.0,latm9p75_lonm41p00
EOLCVBA035233-0-01,Umburana de Cheiro,-41.04333620299997,-9.835828202999949,BA,9,31.185,31.185,-9.75,-41.0,latm9p75_lonm41p00
EOLCVBA035234-9-01,Ventos da Bahia XXIII,-41.49362596199995,-12.084231337999938,BA,9,49.5,49.5,-12.0,-41.5,latm12p00_lonm41p50
EOLCVBA035236-5-01,Ventos da Serra Azul 01,-41.115337685999975,-9.67974526699993,BA,9,18.900000000000002,18.900000000000002,-9.75,-41.0,latm9p75_lonm41p00
EOLCVBA035238-1-01,Ventos da Serra Azul 06,-41.01692515199994,-9.57594103599996,BA,9,18.900000000000002,18.900000000000002,-9.5,-41.0,latm9p50_lonm41p00
EOLCVBA035239-0-01,Ventos da Serra Azul 07,-41.01597769799997,-9.569718343999966,BA,9,18.900000000000002,18.900000000000002,-9.5,-41.0,latm9p50_lonm41p00
EOLCVBA035246-2-01,Ventos de Santa Esperança 01,-41.19084714399997,-11.59026992899993,BA,7,43.4,43.4,-11.5,-41.25,latm11p50_lonm41p25
EOLCVBA035247-0-01,Ventos de Santa Esperança 03,-41.20806665099997,-11.573781054999928,BA,8,49.6,49.6,-11.5,-41.25,latm11p50_lonm41p25
EOLCVBA035266-7-01,Zeus II,-40.88155455499998,-9.969845341999928,BA,14,29.400000000000002,29.4,-10.0,-41.0,latm10p00_lonm41p00
EOLCVBA035849-5-01,Ventos da Serra Azul 02,-41.071857929999965,-9.582966118999934,BA,9,18.900000000000002,18.900000000000002,-9.5,-41.0,latm9p50_lonm41p00
EOLCVBA036988-8-01,Tucano XI,-38.74763146099997,-11.158050627999955,BA,6,34.2,34.2,-11.25,-38.75,latm11p25_lonm38p75
EOLCVBA036989-6-01,Tucano XVI,-38.80407727899996,-11.35996855999997,BA,2,12.4,12.4,-11.25,-38.75,latm11p25_lonm38p75
EOLCVBA036993-4-01,Baraúnas XX,-41.01289439199997,-9.789150675999965,BA,9,31.185,31.185,-9.75,-41.0,latm9p75_lonm41p00
EOLCVBA036994-2-01,Tucano XIII,-38.76003199499996,-11.124897018999944,BA,7,39.9,39.9,-11.0,-38.75,latm11p00_lonm38p75
EOLCVBA037001-0-01,Ararinha Azul,-42.64976084099993,-14.41267553199998,BA,9,21.150000000000002,21.15,-14.5,-42.75,latm14p50_lonm42p75
EOLCVBA037004-5-01,Caetité D,-42.49976532699998,-14.114559095999937,BA,12,50.400000000000006,50.4,-14.0,-42.5,latm14p00_lonm42p50
EOLCVBA037005-3-01,Caetité E,-42.51232761499995,-14.074359910999933,BA,9,37.800000000000004,37.8,-14.0,-42.5,latm14p00_lonm42p50
EOLCVBA037006-1-01,Caetité F,-42.52628322399994,-14.075352671999951,BA,6,25.200000000000003,25.2,-14.0,-42.5,latm14p00_lonm42p50
EOLCVBA037019-3-01,Corrupião 2,-42.641124402999935,-14.415362057999973,BA,8,18.8,18.8,-14.5,-42.75,latm14p50_lonm42p75
EOLCVBA037069-0-01,Pedra do Reino V,-40.89579893499996,-9.549449675999938,BA,4,16.0,16.0,-9.5,-41.0,latm9p50_lonm41p00
EOLCVBA037083-5-01,Serra da Babilônia A,-41.32421957699995,-11.120357603999937,BA,4,21.2,21.2,-11.0,-41.25,latm11p00_lonm41p25
EOLCVBA037084-3-01,Serra das Almas IV,-42.60132272599998,-14.792290005999972,BA,8,45.5999976,45.5999976,-14.75,-42.5,latm14p75_lonm42p50
EOLCVBA037085-1-01,Serra das Almas IX,-42.579113663999976,-14.76613832299995,BA,3,18.6,18.6,-14.75,-42.5,latm14p75_lonm42p50
EOLCVBA037086-0-01,Serra das Almas V,-42.59621514799994,-14.815075814999943,BA,8,45.5999976,45.5999976,-14.75,-42.5,latm14p75_lonm42p50
EOLCVBA037087-8-01,Serra das Almas VII,-42.61009445099995,-14.872914481999942,BA,6,37.2,37.2,-14.75,-42.5,latm14p75_lonm42p50
EOLCVBA037088-6-01,Serra das Almas VIII,-42.61421951899996,-14.884675137999976,BA,7,43.4,43.4,-15.0,-42.5,latm15p00_lonm42p50
EOLCVBA037089-4-01,Serra das Almas X,-42.63211093299998,-14.84470192599997,BA,11,27.5,27.5,-14.75,-42.75,latm14p75_lonm42p75
EOLCVBA037093-2-01,Teiú 3,-42.64864636599998,-14.408796416999962,BA,10,23.5,23.5,-14.5,-42.75,latm14p50_lonm42p75
EOLCVBA037101-7-01,Ventos de São Januário 19,-41.30848805299996,-11.139890482999933,BA,16,72.0,72.0,-11.25,-41.25,latm11p25_lonm41p25
EOLCVBA037102-5-01,Ventos de São Januário 20,-40.46165761599997,-10.44202225999993,BA,12,50.400000000000006,50.4,-10.5,-40.5,latm10p50_lonm40p50
EOLCVBA037103-3-01,Ventos de São Januário 21,-40.506891390999954,-10.428616081999962,BA,12,50.400000000000006,50.400000000000006,-10.5,-40.5,latm10p50_lonm40p50
EOLCVBA037104-1-01,Ventos de São Januário 22,-40.52396425899997,-10.473617863999948,BA,12,50.400000000000006,50.400000000000006,-10.5,-40.5,latm10p50_lonm40p50
EOLCVBA037209-9-01,Casa Nova A,-41.01681339399994,-9.260208546999934,BA,18,27.0,27.0,-9.25,-41.0,latm9p25_lonm41p00
EOLCVBA037210-2-01,Casa Nova B,-41.037818293999976,-9.286123430999965,BA,18,27.0,27.0,-9.25,-41.0,latm9p25_lonm41p00
EOLCVBA037212-9-01,Casa Nova D,-41.00925055699997,-9.26157083499993,BA,15,22.5,22.5,-9.25,-41.0,latm9p25_lonm41p00
EOLCVBA037213-7-01,Casa Nova E,-41.04016968499997,-9.316582065999969,BA,18,27.0,27.0,-9.25,-41.0,latm9p25_lonm41p00
EOLCVBA037214-5-01,Casa Nova F,-41.00266794799995,-9.268929842999968,BA,16,24.0,24.0,-9.25,-41.0,latm9p25_lonm41p00
EOLCVBA037215-3-01,Casa Nova G,-41.023696524999934,-9.302167562999957,BA,18,27.0,27.0,-9.25,-41.0,latm9p25_lonm41p00
EOLCVBA037417-2-01,Fazenda Belmonte,-41.61861111099995,-10.37972222199994,BA,0,0.0,0.0,-10.5,-41.5,latm10p50_lonm41p50
EOLCVBA037547-0-01,Fazenda Melancia,-41.52614207799997,-10.317743252999946,BA,0,0.0,0.0,-10.25,-41.5,latm10p25_lonm41p50
EOLCVBA037653-1-01,Fazenda Floresta,-41.61867626999998,-10.379903990999937,BA,0,0.0,0.0,-10.5,-41.5,latm10p50_lonm41p50
EOLCVBA038031-8-01,Baraúnas XV,-40.97532637599994,-9.750103255999932,BA,14,48.51,48.51,-9.75,-41.0,latm9p75_lonm41p00
EOLCVBA038032-6-01,Baraúnas IV,-41.11013770899996,-9.674182178999956,BA,12,41.58,41.58,-9.75,-41.0,latm9p75_lonm41p00
EOLCVBA038071-7-01,Ventos da Bahia XXX,-41.522301209999966,-12.04905531199995,BA,6,34.2,34.2,-12.0,-41.5,latm12p00_lonm41p50
EOLCVBA038076-8-01,Ventos de Santa Esperança 07,-41.226161727999965,-11.534380111999951,BA,8,49.6,49.6,-11.5,-41.25,latm11p50_lonm41p25
EOLCVBA038077-6-01,Ventos de Santa Eugênia 01,-42.14715142399996,-11.388814528999944,BA,9,51.300000000000004,51.3,-11.5,-42.25,latm11p50_lonm42p25
EOLCVBA038078-4-01,Ventos de Santa Eugênia 02,-42.177212837999946,-11.374533683999973,BA,2,11.4,11.4,-11.25,-42.25,latm11p25_lonm42p25
EOLCVBA038079-2-01,Ventos de Santa Eugênia 03,-42.159434157999954,-11.40948463199993,BA,7,39.9,39.900000000000006,-11.5,-42.25,latm11p50_lonm42p25
EOLCVBA038081-4-01,Ventos de Santa Eugênia 05,-42.16921948599997,-11.454006022999977,BA,6,34.2,34.2,-11.5,-42.25,latm11p50_lonm42p25
EOLCVBA038082-2-01,Ventos de Santa Eugênia 06,-42.134037872999954,-11.48827849099996,BA,6,34.2,34.2,-11.5,-42.25,latm11p50_lonm42p25
EOLCVBA038083-0-01,Ventos de Santa Eugênia 07,-42.17558096899995,-11.381257070999936,BA,3,17.1,17.1,-11.5,-42.25,latm11p50_lonm42p25
EOLCVBA038084-9-01,Ventos de Santa Eugênia 08,-42.16582733599995,-11.469077107999963,BA,5,28.5,28.5,-11.5,-42.25,latm11p50_lonm42p25
EOLCVBA038085-7-01,Ventos de Santa Eugênia 09,-42.11596768799996,-11.540410794999955,BA,7,39.9,39.900000000000006,-11.5,-42.0,latm11p50_lonm42p00
EOLCVBA038086-5-01,Ventos de Santa Eugênia 10,-42.14534354899996,-11.500620549999953,BA,8,45.6,45.6,-11.5,-42.25,latm11p50_lonm42p25
EOLCVBA038087-3-01,Ventos de Santa Eugênia 11,-42.15958093399996,-11.443460824999931,BA,5,28.5,28.5,-11.5,-42.25,latm11p50_lonm42p25
EOLCVBA038088-1-01,Ventos de Santa Eugênia 12,-42.15787199599998,-11.427509266999948,BA,7,39.9,39.900000000000006,-11.5,-42.25,latm11p50_lonm42p25
EOLCVBA038089-0-01,Ventos de Santa Eugênia 13,-42.14410408699996,-11.52087909499994,BA,8,45.6,45.6,-11.5,-42.25,latm11p50_lonm42p25
EOLCVBA038090-3-01,Ventos de Santa Eugênia 14,-42.11847006399995,-11.526786654999968,BA,4,22.8,22.8,-11.5,-42.0,latm11p50_lonm42p00
EOLCVBA038094-6-01,Ventos de Santa Inês 04,-42.52501901099998,-11.75447857399996,BA,10,42.0,42.0,-11.75,-42.5,latm11p75_lonm42p50
EOLCVBA038095-4-01,Ventos de Santa Inês 05,-42.51223894499998,-11.773532057999944,BA,10,42.0,42.0,-11.75,-42.5,latm11p75_lonm42p50
EOLCVBA038096-2-01,Ventos de Santa Inês 06,-42.525458319999984,-11.765858401999935,BA,10,42.0,42.0,-11.75,-42.5,latm11p75_lonm42p50
EOLCVBA038097-0-01,Ventos de Santa Inês 07,-42.53276248099996,-11.779746495999971,BA,10,42.0,42.0,-11.75,-42.5,latm11p75_lonm42p50
EOLCVBA038098-9-01,Ventos de Santa Inês 08,-42.51739497999995,-11.789624439999956,BA,10,42.0,42.0,-11.75,-42.5,latm11p75_lonm42p50
EOLCVBA038099-7-01,Ventos de Santa Inês 09,-42.51494266299994,-11.82157121199998,BA,10,42.0,42.0,-11.75,-42.5,latm11p75_lonm42p50
EOLCVBA038100-4-01,Ventos de Santa Inês 10,-42.54334196899998,-11.81211404399994,BA,10,42.0,42.0,-11.75,-42.5,latm11p75_lonm42p50
EOLCVBA038101-2-01,Ventos de Santa Inês 11,-42.54307320399994,-11.828873192999936,BA,10,42.0,42.0,-11.75,-42.5,latm11p75_lonm42p50
EOLCVBA038102-0-01,Ventos de Santa Inês 12,-42.52957815999997,-11.84646599699994,BA,10,0.041999999999999996,0.041999999999999996,-11.75,-42.5,latm11p75_lonm42p50
EOLCVBA038226-4-01,Fazenda Alegre,-41.434701864999965,-10.330095356999948,BA,0,0.0,0.0,-10.25,-41.5,latm10p25_lonm41p50
EOLCVBA040608-2-01,Serra da Babilônia B,-41.32641930699998,-11.126576109999974,BA,6,31.799999999999997,31.8,-11.25,-41.25,latm11p25_lonm41p25
EOLCVBA040609-0-01,Serra da Babilônia C,-41.32862823199997,-11.132785471999966,BA,5,26.5,26.5,-11.25,-41.25,latm11p25_lonm41p25
EOLCVBA040610-4-01,Serra da Babilônia D,-41.33155279199997,-11.142658239999946,BA,6,31.799999999999997,31.799999999999997,-11.25,-41.25,latm11p25_lonm41p25
EOLCVBA040611-2-01,Serra da Babilônia E,-41.33303390999998,-11.149370207999937,BA,5,26.5,26.5,-11.25,-41.25,latm11p25_lonm41p25
EOLCVBA040612-0-01,Serra da Babilônia F,-41.33606986099994,-11.159386585999926,BA,4,21.2,21.2,-11.25,-41.25,latm11p25_lonm41p25
EOLCVBA040623-6-01,Ventos da Serra Azul 08,-40.98497359899994,-9.62719020299994,BA,9,18.900000000000002,18.900000000000002,-9.75,-41.0,latm9p75_lonm41p00
EOLCVBA040624-4-01,Ventos da Serra Azul 09,-40.98452413399997,-9.625095596999929,BA,9,18.900000000000002,18.900000000000002,-9.75,-41.0,latm9p75_lonm41p00
EOLCVBA040625-2-01,Ventos de São Januário 23,-35.96082249699998,-5.890822972999956,RN,14,58.800000000000004,58.800000000000004,-6.0,-36.0,latm6p00_lonm36p00
EOLCVBA040696-1-01,Tucano XVII,-38.81955535199995,-11.44989110399996,BA,3,17.1,17.1,-11.5,-38.75,latm11p50_lonm38p75
EOLCVBA040740-2-01,Ventos Da Serra Verde 01,-40.726684569999975,-9.750610351999969,BA,0,0.0,0.0,-9.75,-40.75,latm9p75_lonm40p75
EOLCVBA040741-0-01,Ventos Da Serra Verde 02,-40.733093261999954,-9.760803222999924,BA,0,0.0,0.0,-9.75,-40.75,latm9p75_lonm40p75
EOLCVBA040742-9-01,Ventos Da Serra Verde 03,-40.742675780999946,-9.779479979999962,BA,0,0.0,0.0,-9.75,-40.75,latm9p75_lonm40p75
EOLCVBA040743-7-01,Ventos Da Serra Verde 04,-40.75640869099993,-9.807983397999976,BA,0,0.0,0.0,-9.75,-40.75,latm9p75_lonm40p75
EOLCVBA040744-5-01,Ventos Da Serra Verde 05,-40.75842285199997,-9.810424804999968,BA,0,0.0,0.0,-9.75,-40.75,latm9p75_lonm40p75
EOLCVBA040745-3-01,Ventos Da Serra Verde 06,-40.71771240199996,-9.817382812999938,BA,0,0.0,0.0,-9.75,-40.75,latm9p75_lonm40p75
EOLCVBA040746-1-01,Ventos Da Serra Verde 07,-40.71557617199994,-9.815185546999942,BA,0,0.0,0.0,-9.75,-40.75,latm9p75_lonm40p75
EOLCVBA040747-0-01,Ventos da Serra Verde 08,-40.772626903999935,-9.83252848199993,BA,6,25.200000000000003,25.200000000000003,-9.75,-40.75,latm9p75_lonm40p75
EOLCVBA040748-8-01,Ventos da Serra Verde 09,-40.732864449999965,-9.83614291699996,BA,6,25.200000000000003,25.200000000000003,-9.75,-40.75,latm9p75_lonm40p75
EOLCVBA040749-6-01,Ventos da Serra Verde 10,-40.69502919399997,-9.85687566599995,BA,5,21.0,21.0,-9.75,-40.75,latm9p75_lonm40p75
EOLCVBA040750-0-01,Ventos da Serra Verde 11,-40.68766972999998,-9.843875527999955,BA,6,25.200000000000003,25.200000000000003,-9.75,-40.75,latm9p75_lonm40p75
EOLCVBA040751-8-01,Ventos da Serra Verde 12,-40.80351819499998,-9.86246068099996,BA,6,25.200000000000003,25.200000000000003,-9.75,-40.75,latm9p75_lonm40p75
EOLCVBA040777-1-01,Brejinhos A,-42.53302445999998,-14.179860194999948,BA,9,37.800000000000004,37.8,-14.25,-42.5,latm14p25_lonm42p50
EOLCVBA040778-0-01,Brejinhos B,-42.53267661599995,-14.20685148499996,BA,10,42.0,42.0,-14.25,-42.5,latm14p25_lonm42p50
EOLCVBA043192-3-01,Serra das Almas XI,-42.58662905099993,-14.862161878999927,BA,5,31.0,31.0,-14.75,-42.5,latm14p75_lonm42p50
EOLCVBA043194-0-01,Serra das Almas XIII,-42.62672199899998,-14.85677974899994,BA,4,24.8,24.8,-14.75,-42.75,latm14p75_lonm42p75
EOLCVBA043195-8-01,Serra das Almas XIV,-42.64896689699998,-14.830274935999968,BA,10,25.0,25.0,-14.75,-42.75,latm14p75_lonm42p75
EOLCVBA044350-6-01,LDA 08,-42.59810961799997,-14.554233229999966,BA,7,43.4,43.4,-14.5,-42.5,latm14p50_lonm42p50
EOLCVBA044351-4-01,LDA 09,-42.59784496699996,-14.567538455999966,BA,7,43.4,43.4,-14.5,-42.5,latm14p50_lonm42p50
EOLCVBA044352-2-01,LDA 10,-42.59818637199993,-14.581401006999954,BA,7,43.4,43.4,-14.5,-42.5,latm14p50_lonm42p50
EOLCVBA044353-0-01,LDA 11,-42.580748951999965,-14.568410139999967,BA,7,43.4,43.4,-14.5,-42.5,latm14p50_lonm42p50
EOLCVBA044354-9-01,LDA 12,-42.58417941399995,-14.588131783999929,BA,8,49.6,49.6,-14.5,-42.5,latm14p50_lonm42p50
EOLCVBA044355-7-01,LDA 18,-42.57812129399997,-14.60341853899996,BA,6,37.2,37.2,-14.5,-42.5,latm14p50_lonm42p50
EOLCVBA044356-5-01,LDA 19,-42.575795331999984,-14.614172442999973,BA,7,43.4,43.4,-14.5,-42.5,latm14p50_lonm42p50
EOLCVBA044357-3-01,LDA 20,-42.57347833099993,-14.626615809999976,BA,6,37.2,37.2,-14.75,-42.5,latm14p75_lonm42p50
EOLCVBA044360-3-01,Oitis 21,-41.70058954499996,-9.03160147699998,BA,8,44.0,44.0,-9.0,-41.75,latm9p00_lonm41p75
EOLCVBA044361-1-01,Oitis 22,-41.714803753999945,-9.073836227999948,BA,9,49.5,49.5,-9.0,-41.75,latm9p00_lonm41p75
EOLCVBA044556-8-01,São Gabriel I,-41.77255864799997,-11.11868284899998,BA,9,47.699999999999996,47.699999999999996,-11.0,-41.75,latm11p00_lonm41p75
EOLCVBA044878-8-01,Serra da Mangabeira,-42.13742953499997,-11.43252238399998,BA,14,79.8,79.8,-11.5,-42.25,latm11p50_lonm42p25
EOLCVBA044940-7-01,Aroeira 01,-41.442222252999954,-10.786070797999969,BA,11,47.3,47.3,-10.75,-41.5,latm10p75_lonm41p50
EOLCVBA044947-4-01,Aroeira 02,-41.43627080899995,-10.805148522999955,BA,10,43.0,43.0,-10.75,-41.5,latm10p75_lonm41p50
EOLCVBA044948-2-01,Aroeira 03,-41.45113852999998,-10.827251357999955,BA,10,43.0,43.0,-10.75,-41.5,latm10p75_lonm41p50
EOLCVBA044949-0-01,Aroeira 04,-41.48688915699995,-10.81859762299996,BA,10,43.0,43.0,-10.75,-41.5,latm10p75_lonm41p50
EOLCVBA044950-4-01,Aroeira 05,-41.493495949999954,-10.78519203199994,BA,10,43.0,43.0,-10.75,-41.5,latm10p75_lonm41p50
EOLCVBA044951-2-01,Aroeira 06,-41.53010861599995,-10.766796001999978,BA,9,38.699999999999996,38.7,-10.75,-41.5,latm10p75_lonm41p50
EOLCVBA044952-0-01,Aroeira 07,-41.49842883999997,-10.759435535999955,BA,11,47.3,47.3,-10.75,-41.5,latm10p75_lonm41p50
EOLCVBA044953-9-01,Aroeira 08,-41.47878915899997,-10.75481294399998,BA,10,43.0,43.0,-10.75,-41.5,latm10p75_lonm41p50
EOLCVBA044959-8-01,Aura Caetité 01,-42.57601607699996,-13.658328404999963,BA,6,27.0,27.0,-13.75,-42.5,latm13p75_lonm42p50
EOLCVBA044960-1-01,Aura Caetité 02,-42.593857912999965,-13.683710126999928,BA,8,36.0,36.0,-13.75,-42.5,latm13p75_lonm42p50
EOLCVBA044961-0-01,Aura Tanque Novo 01,-42.54798356799995,-13.640561332999935,BA,6,27.0,27.0,-13.75,-42.5,latm13p75_lonm42p50
EOLCVBA044962-8-01,Aura Tanque Novo 02,-42.57321782199995,-13.677157058999969,BA,4,18.0,18.0,-13.75,-42.5,latm13p75_lonm42p50
EOLCVBA044986-5-01,São Gabriel II,-41.77611973799998,-11.094791055999965,BA,9,47.699999999999996,47.699999999999996,-11.0,-41.75,latm11p00_lonm41p75
EOLCVBA044987-3-01,São Gabriel III,-41.77140311699998,-11.068906634999962,BA,9,47.699999999999996,47.699999999999996,-11.0,-41.75,latm11p00_lonm41p75
EOLCVBA046757-0-01,Canudos I,-38.77506982399996,-10.18922908299993,BA,14,49.0,49.7,-10.25,-38.75,latm10p25_lonm38p75
EOLCVBA046758-8-01,Canudos II,-38.77132040899994,-10.146645382999964,BA,14,49.0,49.7,-10.25,-38.75,latm10p25_lonm38p75
EOLCVBA046850-9-01,Graúna 01,-40.57633699999997,-10.746325999999954,BA,0,0.0,0.0,-10.75,-40.5,latm10p75_lonm40p50
EOLCVBA046851-7-01,Graúna 02,-40.58026599999994,-10.761729999999943,BA,0,0.0,0.0,-10.75,-40.5,latm10p75_lonm40p50
EOLCVBA046852-5-01,Graúna 03,-40.57341899999994,-10.78659099999993,BA,0,0.0,0.0,-10.75,-40.5,latm10p75_lonm40p50
EOLCVBA046853-3-01,Graúna 04,-40.57812299999995,-10.801339999999982,BA,0,0.0,0.0,-10.75,-40.5,latm10p75_lonm40p50
EOLCVBA046854-1-01,Graúna 05,-40.56610699999993,-10.829680999999937,BA,0,0.0,0.0,-10.75,-40.5,latm10p75_lonm40p50
EOLCVBA046855-0-01,Graúna 06,-40.58657699999998,-10.875259999999969,BA,0,0.0,0.0,-11.0,-40.5,latm11p00_lonm40p50
EOLCVBA046856-8-01,Graúna 07,-40.58577599999995,-10.893146999999942,BA,0,0.0,0.0,-11.0,-40.5,latm11p00_lonm40p50
EOLCVBA046857-6-01,Graúna 08,-40.59284699999995,-10.906941999999958,BA,0,0.0,0.0,-11.0,-40.5,latm11p00_lonm40p50
EOLCVBA046858-4-01,Graúna 09,-40.60397699999993,-10.925281999999982,BA,0,0.0,0.0,-11.0,-40.5,latm11p00_lonm40p50
EOLCVBA046859-2-01,Graúna 10,-40.60994499999998,-10.944489999999972,BA,0,0.0,0.0,-11.0,-40.5,latm11p00_lonm40p50
EOLCVBA046860-6-01,Graúna 11,-40.60912799999994,-10.962647999999945,BA,0,0.0,0.0,-11.0,-40.5,latm11p00_lonm40p50
EOLCVBA046861-4-01,Graúna 12,-40.61086199999994,-10.978748999999937,BA,0,0.0,0.0,-11.0,-40.5,latm11p00_lonm40p50
EOLCVBA046862-2-01,Graúna 13,-40.61968799999994,-10.999892999999927,BA,0,0.0,0.0,-11.0,-40.5,latm11p00_lonm40p50
EOLCVBA046863-0-01,Graúna 14,-40.63441799999998,-11.011187999999947,BA,0,0.0,0.0,-11.0,-40.75,latm11p00_lonm40p75
EOLCVBA046864-9-01,Graúna 15,-40.64883299999997,-11.036178999999947,BA,0,0.0,0.0,-11.0,-40.75,latm11p00_lonm40p75
EOLCVBA046865-7-01,Graúna 16,-40.65502899999996,-11.055988999999954,BA,0,0.0,0.0,-11.0,-40.75,latm11p00_lonm40p75
EOLCVBA046866-5-01,Graúna 17,-40.66110999999995,-11.074542999999949,BA,0,0.0,0.0,-11.0,-40.75,latm11p00_lonm40p75
EOLCVBA046867-3-01,Graúna 18,-40.639479999999935,-10.948391999999956,BA,0,0.0,0.0,-11.0,-40.75,latm11p00_lonm40p75
EOLCVBA046868-1-01,Graúna 19,-40.63748499999997,-10.964955999999972,BA,0,0.0,0.0,-11.0,-40.75,latm11p00_lonm40p75
EOLCVBA046869-0-01,Graúna 20,-40.65880999999996,-11.012202999999944,BA,0,0.0,0.0,-11.0,-40.75,latm11p00_lonm40p75
EOLCVBA047080-5-01,Castanheira 21,-41.67344938999997,-10.46049015899996,BA,6,25.200000000000003,25.200000000000003,-10.5,-41.75,latm10p50_lonm41p75
EOLCVBA047081-3-01,Castanheira 01,-41.58977995999993,-10.417846330999964,BA,4,16.8,16.8,-10.5,-41.5,latm10p50_lonm41p50
EOLCVBA047083-0-01,Castanheira 03,-41.623869904999935,-10.404611702999944,BA,7,29.400000000000002,29.400000000000002,-10.5,-41.5,latm10p50_lonm41p50
EOLCVBA047084-8-01,Castanheira 04,-41.62427755999994,-10.438030370999968,BA,4,16.8,16.8,-10.5,-41.5,latm10p50_lonm41p50
EOLCVBA047085-6-01,Castanheira 05,-41.63150503999998,-10.458408855999949,BA,7,29.400000000000002,29.400000000000002,-10.5,-41.75,latm10p50_lonm41p75
EOLCVBA047086-4-01,Castanheira 06,-41.64068110699998,-10.478047940999945,BA,7,29.400000000000002,29.400000000000002,-10.5,-41.75,latm10p50_lonm41p75
EOLCVBA047087-2-01,Castanheira 07,-41.65062388999996,-10.500715896999964,BA,7,29.400000000000002,29.400000000000002,-10.5,-41.75,latm10p50_lonm41p75
EOLCVBA047088-0-01,Castanheira 08,-41.66298669399998,-10.526425738999931,BA,7,29.400000000000002,29.400000000000002,-10.5,-41.75,latm10p50_lonm41p75
EOLCVBA047089-9-01,Castanheira 09,-41.66049849999996,-10.506695863999935,BA,7,29.400000000000002,29.400000000000002,-10.5,-41.75,latm10p50_lonm41p75
EOLCVBA047090-2-01,Castanheira 10,-41.66047514199994,-10.503967449999948,BA,7,29.400000000000002,29.400000000000002,-10.5,-41.75,latm10p50_lonm41p75
EOLCVBA047091-0-01,Castanheira 11,-41.66198856999995,-10.485586345999934,BA,7,29.400000000000002,29.400000000000002,-10.5,-41.75,latm10p50_lonm41p75
EOLCVBA047092-9-01,Castanheira 12,-41.65984103599993,-10.462862848999976,BA,6,25.200000000000003,25.200000000000003,-10.5,-41.75,latm10p50_lonm41p75
EOLCVBA047093-7-01,Castanheira 13,-41.65741617699996,-10.446086695999952,BA,6,25.200000000000003,25.200000000000003,-10.5,-41.75,latm10p50_lonm41p75
EOLCVBA047094-5-01,Castanheira 18,-41.68320843799995,-10.413778456999978,BA,7,29.400000000000002,29.400000000000002,-10.5,-41.75,latm10p50_lonm41p75
EOLCVBA047095-3-01,Castanheira 19,-41.677861080999946,-10.437377623999964,BA,6,25.200000000000003,25.200000000000003,-10.5,-41.75,latm10p50_lonm41p75
EOLCVBA047096-1-01,Castanheira 20,-41.67673946499997,-10.44070289299998,BA,6,25.200000000000003,25.200000000000003,-10.5,-41.75,latm10p50_lonm41p75
EOLCVBA047156-9-01,LDA 13,-42.545146037999984,-14.573604030999944,BA,6,25.200000000000003,25.200000000000003,-14.5,-42.5,latm14p50_lonm42p50
EOLCVBA047157-7-01,LDA 14,-42.54516690599996,-14.587625425999931,BA,6,25.200000000000003,25.200000000000003,-14.5,-42.5,latm14p50_lonm42p50
EOLCVBA047158-5-01,LDA 21,-42.54394403699996,-14.655062120999958,BA,6,25.200000000000003,25.200000000000003,-14.75,-42.5,latm14p75_lonm42p50
EOLCVBA047159-3-01,LDA 22,-42.548187678999966,-14.674801531999949,BA,7,29.400000000000002,29.400000000000002,-14.75,-42.5,latm14p75_lonm42p50
EOLCVBA047174-7-01,Ventos de Santa Inês 13,-42.50272234699997,-11.768181013999936,BA,10,42.0,42.0,-11.75,-42.5,latm11p75_lonm42p50
EOLCVBA047175-5-01,Ventos de Santa Inês 14,-42.63969557099995,-11.85302594799998,BA,11,46.2,46.2,-11.75,-42.75,latm11p75_lonm42p75
EOLCVBA047176-3-01,Ventos de Santa Inês 15,-42.60979944999997,-11.871769195999946,BA,10,42.0,42.0,-11.75,-42.5,latm11p75_lonm42p50
EOLCVBA047177-1-01,Ventos de Santa Inês 16,-42.61301503599998,-11.892308622999964,BA,7,29.400000000000002,29.400000000000002,-12.0,-42.5,latm12p00_lonm42p50
EOLCVBA047178-0-01,Ventos de Santa Marcella 01,-42.26570017699999,-11.64580691599997,BA,12,50.400000000000006,50.400000000000006,-11.75,-42.25,latm11p75_lonm42p25
EOLCVBA047179-8-01,Ventos de Santa Marcella 02,-42.22240985499997,-11.672213554999928,BA,12,50.400000000000006,50.400000000000006,-11.75,-42.25,latm11p75_lonm42p25
EOLCVBA047180-1-01,Ventos de Santa Marcella 03,-42.22887151199996,-11.698004300999967,BA,12,50.400000000000006,50.400000000000006,-11.75,-42.25,latm11p75_lonm42p25
EOLCVBA047181-0-01,Ventos de Santa Marcella 04,-42.275855143999934,-11.746913934999952,BA,12,50.400000000000006,50.400000000000006,-11.75,-42.25,latm11p75_lonm42p25
EOLCVBA047182-8-01,Ventos de Santa Marcella 05,-42.28414869899996,-11.769713904999946,BA,12,50.400000000000006,50.400000000000006,-11.75,-42.25,latm11p75_lonm42p25
EOLCVBA047183-6-01,Ventos de Santa Marcella 06,-42.28967724599994,-11.716302102999975,BA,12,50.400000000000006,50.400000000000006,-11.75,-42.25,latm11p75_lonm42p25
EOLCVBA047205-0-01,Ventos de Santo Antônio 01,-35.75118992299997,-6.403661645999932,RN,10,45.0,45.0,-6.5,-35.75,latm6p50_lonm35p75
EOLCVBA047206-9-01,Ventos de Santo Antônio 02,-40.43607968499998,-10.572558306999952,BA,12,50.400000000000006,50.400000000000006,-10.5,-40.5,latm10p50_lonm40p50
EOLCVBA047207-7-01,Ventos de Santo Antônio 03,-40.44739933099999,-10.601222511999936,BA,12,50.400000000000006,50.400000000000006,-10.5,-40.5,latm10p50_lonm40p50
EOLCVBA047208-5-01,Ventos de Santo Antônio 04,-41.27985094899998,-11.062931065999976,BA,11,68.2,67.5,-11.0,-41.25,latm11p00_lonm41p25
EOLCVBA047209-3-01,Ventos de São Cirilo 01,-41.18025296699994,-11.572382046999962,BA,11,46.2,46.2,-11.5,-41.25,latm11p50_lonm41p25
EOLCVBA047210-7-01,Ventos de São Cirilo 02,-41.14598864099997,-11.642834386999937,BA,5,21.0,21.0,-11.75,-41.25,latm11p75_lonm41p25
EOLCVBA047211-5-01,Canudos IX,-38.78771444299997,-10.175517164999974,BA,8,48.0,48.0,-10.25,-38.75,latm10p25_lonm38p75
EOLCVBA047212-3-01,Canudos V,-38.77751744899996,-10.214301838999972,BA,8,48.0,48.0,-10.25,-38.75,latm10p25_lonm38p75
EOLCVBA047213-1-01,Canudos VI,-38.78583398699993,-10.120299669999952,BA,8,48.0,48.0,-10.0,-38.75,latm10p00_lonm38p75
EOLCVBA047214-0-01,Canudos VIII,-38.78811642199997,-10.147353076999934,BA,8,48.0,48.0,-10.25,-38.75,latm10p25_lonm38p75
EOLCVBA047216-6-01,Canudos XI,-38.79529090699998,-10.205531360999942,BA,8,48.0,48.0,-10.25,-38.75,latm10p25_lonm38p75
EOLCVBA047217-4-01,Canudos XII,-38.80888597299997,-10.174562453999954,BA,8,48.0,48.0,-10.25,-38.75,latm10p25_lonm38p75
EOLCVBA048527-6-01,Mulato 02,-40.74916399999995,-9.789345999999966,BA,0,0.0,0.0,-9.75,-40.75,latm9p75_lonm40p75
EOLCVBA048528-4-01,Mulato 03,-40.75883399999998,-9.804673999999975,BA,0,0.0,0.0,-9.75,-40.75,latm9p75_lonm40p75
EOLCVBA048529-2-01,Mulato 04,-40.767457999999976,-9.82044099999996,BA,0,0.0,0.0,-9.75,-40.75,latm9p75_lonm40p75
EOLCVBA048530-6-01,Mulato 05,-40.77571999999998,-9.836516999999958,BA,0,0.0,0.0,-9.75,-40.75,latm9p75_lonm40p75
EOLCVBA048531-4-01,Mulato 06,-40.78659099999993,-9.850960999999929,BA,0,0.0,0.0,-9.75,-40.75,latm9p75_lonm40p75
EOLCVBA048532-2-01,Mulato 12,-40.853309999999965,-9.881825999999933,BA,0,0.0,0.0,-10.0,-40.75,latm10p00_lonm40p75
EOLCVBA048533-0-01,Mulato 13,-40.86875999999995,-9.89101599999998,BA,0,0.0,0.0,-10.0,-40.75,latm10p00_lonm40p75
EOLCVBA048534-9-01,Mulato 07,-40.801901999999984,-9.86023599999993,BA,0,0.0,0.0,-9.75,-40.75,latm9p75_lonm40p75
EOLCVBA048535-7-01,Mulato 08,-40.81392699999998,-9.873749999999973,BA,0,0.0,0.0,-9.75,-40.75,latm9p75_lonm40p75
EOLCVBA048536-5-01,Mulato 09,-40.82281899999998,-9.83442199999996,BA,0,0.0,0.0,-9.75,-40.75,latm9p75_lonm40p75
EOLCVBA048537-3-01,Mulato 10,-40.82857299999995,-9.846531999999968,BA,0,0.0,0.0,-9.75,-40.75,latm9p75_lonm40p75
EOLCVBA048538-1-01,Mulato 11,-40.84222799999998,-9.867702999999947,BA,0,0.0,0.0,-9.75,-40.75,latm9p75_lonm40p75
EOLCVBA048898-4-01,Serra da Gameleira I,-41.32472322299998,-10.354823542999952,BA,7,43.4,43.4,-10.25,-41.25,latm10p25_lonm41p25
EOLCVBA048899-2-01,Serra da Gameleira II,-41.33106608799994,-10.331530302999964,BA,7,43.4,43.4,-10.25,-41.25,latm10p25_lonm41p25
EOLCVBA048900-0-01,Serra da Gameleira III,-41.30542151199995,-10.34349483699998,BA,5,31.0,31.0,-10.25,-41.25,latm10p25_lonm41p25
EOLCVBA048901-8-01,Serra da Gameleira IV,-41.36545374499997,-10.395665982999958,BA,6,37.2,37.2,-10.5,-41.25,latm10p50_lonm41p25
EOLCVBA048902-6-01,Serra da Gameleira VII,-41.39858982799996,-10.412173991999964,BA,7,0.0434,0.0434,-10.5,-41.5,latm10p50_lonm41p50
EOLCVBA048903-4-01,Serra da Gameleira XI,-41.37666398899995,-10.362274845999934,BA,7,0.0434,0.0434,-10.25,-41.5,latm10p25_lonm41p50
EOLCVBA049028-8-01,Serra da Gameleira V,-41.37185256199996,-10.41036950199998,BA,5,0.031,0.031,-10.5,-41.25,latm10p50_lonm41p25
EOLCVBA049029-6-01,Serra da Gameleira VI,-41.39625433799995,-10.336875929999962,BA,5,0.031,0.031,-10.25,-41.5,latm10p25_lonm41p50
EOLCVBA049030-0-01,Serra da Gameleira X,-41.33562753599995,-10.317270936999932,BA,7,0.0434,0.0434,-10.25,-41.25,latm10p25_lonm41p25
EOLCVBA049142-0-01,Pedra Pintada I,-41.21338826899995,-10.77992924399996,BA,11,49.5,49.5,-10.75,-41.25,latm10p75_lonm41p25
EOLCVBA049143-8-01,Pedra Pintada II,-41.20693884599996,-10.741721402999929,BA,11,49.5,49.5,-10.75,-41.25,latm10p75_lonm41p25
EOLCVBA049144-6-01,Pedra Pintada III,-41.20747110599996,-10.705543183999964,BA,10,45.0,45.0,-10.75,-41.25,latm10p75_lonm41p25
EOLCVBA049145-4-01,Pedra Pintada IV,-41.18507319899993,-10.668627027999946,BA,11,49.5,49.5,-10.75,-41.25,latm10p75_lonm41p25
EOLCVBA049285-0-01,Serra da Gameleira VIII,-41.39401692999997,-10.372499797999978,BA,7,0.0434,0.0434,-10.25,-41.5,latm10p25_lonm41p50
EOLCVBA049371-6-01,Serra do Assuruá I,-42.60718562999995,-11.370329993999974,BA,8,48.0,45.0,-11.25,-42.5,latm11p25_lonm42p50
EOLCVBA049372-4-01,Serra do Assuruá II,-42.62116527099994,-11.409454031999928,BA,4,24.0,22.5,-11.5,-42.5,latm11p50_lonm42p50
EOLCVBA049373-2-01,Serra do Assuruá III,-42.606723286999966,-11.416827790999946,BA,7,42.0,40.5,-11.5,-42.5,latm11p50_lonm42p50
EOLCVBA049374-0-01,Serra do Assuruá IV,-42.59187916199994,-11.418594853999934,BA,6,36.0,36.0,-11.5,-42.5,latm11p50_lonm42p50
EOLCVBA049375-9-01,Serra do Assuruá V,-42.588437115999966,-11.499369168999976,BA,6,36.0,36.0,-11.5,-42.5,latm11p50_lonm42p50
EOLCVBA049376-7-01,Serra do Assuruá VI,-42.57613797399995,-11.527604580999936,BA,6,36.0,36.0,-11.5,-42.5,latm11p50_lonm42p50
EOLCVBA049377-5-01,Serra do Assuruá VII,-42.59480230799994,-11.549193787999968,BA,5,30.0,27.0,-11.5,-42.5,latm11p50_lonm42p50
EOLCVBA049378-3-01,Serra do Assuruá VIII,-42.55490330499998,-11.53657114999993,BA,4,24.0,22.5,-11.5,-42.5,latm11p50_lonm42p50
EOLCVBA049379-1-01,Serra do Assuruá 9,-42.59879875399997,-11.507018203999962,BA,7,42.0,40.5,-11.5,-42.5,latm11p50_lonm42p50
EOLCVBA049380-5-01,Serra do Assuruá X,-42.57906321199994,-11.512357769999936,BA,7,42.0,40.5,-11.5,-42.5,latm11p50_lonm42p50
EOLCVBA049381-3-01,Serra do Assuruá XI,-42.54811515199998,-11.522652655999934,BA,7,42.0,40.5,-11.5,-42.5,latm11p50_lonm42p50
EOLCVBA049382-1-01,Serra do Assuruá XII,-42.58706274799994,-11.568015249999974,BA,5,30.0,27.0,-11.5,-42.5,latm11p50_lonm42p50
EOLCVBA049383-0-01,Serra do Assuruá XIII,-42.58840938599997,-11.587318840999956,BA,6,36.0,36.0,-11.5,-42.5,latm11p50_lonm42p50
EOLCVBA049387-2-01,Serra do Assuruá XIV,-42.589287415999934,-11.59500696699996,BA,5,30.0,27.0,-11.5,-42.5,latm11p50_lonm42p50
EOLCVBA049388-0-01,Serra do Assuruá XV,-42.61702491899996,-11.472983072999966,BA,6,36.0,36.0,-11.5,-42.5,latm11p50_lonm42p50
EOLCVBA049389-9-01,Serra do Assuruá XVI,-42.57286183799994,-11.46293235099995,BA,7,42.0,40.5,-11.5,-42.5,latm11p50_lonm42p50
EOLCVBA049390-2-01,Serra do Assuruá XVII,-42.55860940499997,-11.465931035999972,BA,7,42.0,40.5,-11.5,-42.5,latm11p50_lonm42p50
EOLCVBA049391-0-01,Serra do Assuruá XVIII,-42.536067850999984,-11.466636276999964,BA,7,42.0,40.5,-11.5,-42.5,latm11p50_lonm42p50
EOLCVBA049392-9-01,Serra do Assuruá XIX,-42.56789211599994,-11.485924202999968,BA,7,42.0,40.5,-11.5,-42.5,latm11p50_lonm42p50
EOLCVBA049393-7-01,Serra do Assuruá XX,-42.62359044699997,-11.52906287199994,BA,7,42.0,40.5,-11.5,-42.5,latm11p50_lonm42p50
EOLCVBA049394-5-01,Serra do Assuruá XXI,-42.54625826799997,-11.49587231199996,BA,7,42.0,40.5,-11.5,-42.5,latm11p50_lonm42p50
EOLCVBA049395-3-01,Serra do Assuruá XXII,-42.56076855099997,-11.566132332999928,BA,5,30.0,27.0,-11.5,-42.5,latm11p50_lonm42p50
EOLCVBA049396-1-01,Serra do Assuruá XXIII,-42.52747852899995,-11.53970024199998,BA,6,36.0,36.0,-11.5,-42.5,latm11p50_lonm42p50
EOLCVBA049397-0-01,Serra do Assuruá XXIV,-42.55601392199998,-11.603908064999928,BA,5,30.0,27.0,-11.5,-42.5,latm11p50_lonm42p50
EOLCVBA049398-8-01,Ventos de Santa Luzia 01,-42.057722473999945,-12.61919589799993,BA,10,42.0,45.0,-12.5,-42.0,latm12p50_lonm42p00
EOLCVBA049399-6-01,Ventos de Santa Luzia 02,-42.05403039899994,-12.639630904999931,BA,10,42.0,45.0,-12.75,-42.0,latm12p75_lonm42p00
EOLCVBA049416-0-01,Ventos de Santa Luzia 03,-42.05282891499997,-12.660165577999976,BA,10,42.0,45.0,-12.75,-42.0,latm12p75_lonm42p00
EOLCVBA049417-8-01,Ventos de Santa Luzia 04,-42.04968463399996,-12.68160890699994,BA,10,42.0,40.5,-12.75,-42.0,latm12p75_lonm42p00
EOLCVBA049418-6-01,Ventos de Santa Luzia 05,-42.046680408999975,-12.701996878999978,BA,10,42.0,40.5,-12.75,-42.0,latm12p75_lonm42p00
EOLCVBA049419-4-01,Ventos de Santa Luzia 06,-42.043233364999935,-12.722415875999957,BA,10,42.0,40.5,-12.75,-42.0,latm12p75_lonm42p00
EOLCVBA049420-8-01,Ventos de Santa Luzia 07,-42.03321201099993,-12.746328589999962,BA,10,42.0,40.5,-12.75,-42.0,latm12p75_lonm42p00
EOLCVBA049421-6-01,Ventos de Santa Luzia 08,-42.03074456599995,-12.77090365199996,BA,10,42.0,45.0,-12.75,-42.0,latm12p75_lonm42p00
EOLCVBA049422-4-01,Ventos de Santa Luzia 09,-42.067418902999975,-12.847698303999948,BA,10,42.0,40.5,-12.75,-42.0,latm12p75_lonm42p00
EOLCVBA049423-2-01,Ventos de Santa Luzia 10,-42.06443000699994,-12.868041189999929,BA,10,42.0,40.5,-12.75,-42.0,latm12p75_lonm42p00
EOLCVBA049595-6-01,Ventos de Santa Celina 01,-40.449267608999946,-10.77737803499997,BA,12,54.0,54.0,-10.75,-40.5,latm10p75_lonm40p50
EOLCVBA049596-4-01,Ventos de Santa Celina 02,-40.45465767999997,-10.791547839999964,BA,12,54.0,54.0,-10.75,-40.5,latm10p75_lonm40p50
EOLCVBA049597-2-01,Ventos de Santa Celina 03,-40.46044860999996,-10.805281529999943,BA,12,54.0,54.0,-10.75,-40.5,latm10p75_lonm40p50
EOLCVBA049598-0-01,Ventos de Santa Celina 04,-40.46102238999998,-10.823687039999982,BA,12,54.0,54.0,-10.75,-40.5,latm10p75_lonm40p50
EOLCVBA049599-9-01,Ventos de Santa Celina 05,-40.47433188999997,-10.850376939999933,BA,12,54.0,54.0,-10.75,-40.5,latm10p75_lonm40p50
EOLCVBA049600-6-01,Ventos de Santa Celina 06,-40.47648358999993,-10.869461809999962,BA,11,49.5,49.5,-10.75,-40.5,latm10p75_lonm40p50
EOLCVBA049601-4-01,Ventos de Santa Celina 07,-40.476880139999935,-10.884983769999964,BA,11,49.5,49.5,-11.0,-40.5,latm11p00_lonm40p50
EOLCVBA049672-3-01,Ventos da Serra Negra 1,-41.40701650899996,-10.16045726599998,BA,6,25.200000000000003,25.200000000000003,-10.25,-41.5,latm10p25_lonm41p50
EOLCVBA049673-1-01,Ventos da Serra Negra 2,-41.41083626899996,-10.184485472999938,BA,6,25.200000000000003,25.200000000000003,-10.25,-41.5,latm10p25_lonm41p50
EOLCVBA049674-0-01,Ventos da Serra Negra 3,-41.42568318199994,-10.197262147999936,BA,11,46.2,46.2,-10.25,-41.5,latm10p25_lonm41p50
EOLCVBA049675-8-01,Ventos da Serra Negra 4,-41.408719022999946,-10.175852734999978,BA,10,42.0,42.0,-10.25,-41.5,latm10p25_lonm41p50
EOLCVBA049676-6-01,Ventos da Serra Negra 5,-41.45383688499993,-10.19163882099997,BA,4,16.8,16.8,-10.25,-41.5,latm10p25_lonm41p50
EOLCVBA049677-4-01,Ventos da Serra Negra 6,-41.44991049199996,-10.222112803999948,BA,10,42.0,42.0,-10.25,-41.5,latm10p25_lonm41p50
EOLCVBA049678-2-01,Ventos Da Serra Negra 7,-41.45709228499993,-10.203308104999962,BA,0,42.0,42.0,-10.25,-41.5,latm10p25_lonm41p50
EOLCVBA049679-0-01,Ventos da Serra Negra 8,-41.486370954999984,-10.17705198799996,BA,11,46.2,46.2,-10.25,-41.5,latm10p25_lonm41p50
EOLCVBA049680-4-01,Ventos da Serra Negra 9,-41.44499226499994,-10.14657581199998,BA,10,42.0,42.0,-10.25,-41.5,latm10p25_lonm41p50
EOLCVBA049681-2-01,Ventos da Serra Negra 10,-41.45937692799998,-10.155107302999966,BA,10,42.0,42.0,-10.25,-41.5,latm10p25_lonm41p50
EOLCVBA049682-0-01,Ventos da Serra Negra 11,-41.489437521999946,-10.170224237999946,BA,10,42.0,42.0,-10.25,-41.5,latm10p25_lonm41p50
EOLCVBA049808-4-01,Ventos de Santa Patrícia 10,-41.35397699299995,-11.040303639999934,BA,11,68.2,68.2,-11.0,-41.25,latm11p00_lonm41p25
EOLCVBA049809-2-01,Ventos de Santa Patrícia 11,-41.37839317999993,-10.991431933999934,BA,10,62.0,62.0,-11.0,-41.5,latm11p00_lonm41p50
EOLCVBA049915-3-01,Ventos de Santa Diana 02,-40.68959850199997,-11.075568846999944,BA,10,42.0,42.0,-11.0,-40.75,latm11p00_lonm40p75
EOLCVBA049916-1-01,Ventos de Santa Diana 03,-40.67062722799994,-11.101683579999928,BA,10,42.0,42.0,-11.0,-40.75,latm11p00_lonm40p75
EOLCVBA049917-0-01,Ventos de Santa Diana 04,-40.68494946799996,-11.11875324099998,BA,10,42.0,42.0,-11.0,-40.75,latm11p00_lonm40p75
EOLCVBA049918-8-01,Ventos de Santa Diana 05,-40.69698257699997,-11.137010139999973,BA,10,42.0,42.0,-11.25,-40.75,latm11p25_lonm40p75
EOLCVBA049919-6-01,Ventos de Santa Diana 06,-40.68629135199996,-11.16419117299995,BA,9,37.800000000000004,37.800000000000004,-11.25,-40.75,latm11p25_lonm40p75
EOLCVBA049920-0-01,Ventos de Santa Diana 07,-40.79053767099998,-11.204147793999937,BA,10,42.0,42.0,-11.25,-40.75,latm11p25_lonm40p75
EOLCVBA049921-8-01,Ventos de Santa Diana 08,-40.79659760099997,-11.229115308999951,BA,10,42.0,42.0,-11.25,-40.75,latm11p25_lonm40p75
EOLCVBA049922-6-01,Ventos de Santa Diana 09,-40.82810373399997,-11.259278561999963,BA,10,42.0,42.0,-11.25,-40.75,latm11p25_lonm40p75
EOLCVBA049923-4-01,Ventos de Santa Diana 10,-40.81187332899998,-11.280720549999955,BA,11,46.2,46.2,-11.25,-40.75,latm11p25_lonm40p75
EOLCVBA049924-2-01,Ventos de Santa Diana 11,-40.83499579899996,-11.301984002999973,BA,11,46.2,46.2,-11.25,-40.75,latm11p25_lonm40p75
EOLCVBA049946-3-01,Ventos de São Mateus 01,-41.52039737999996,-8.97175027999998,BA,8,42.0,42.0,-9.0,-41.5,latm9p00_lonm41p50
EOLCVBA049972-2-01,Ventos de Santo Adalberto 01,-40.75580038499993,-10.61207206399996,BA,0,0.0,0.0,-10.5,-40.75,latm10p50_lonm40p75
EOLCVBA049973-0-01,Ventos de Santo Adalberto 02,-40.73908159399997,-10.66402471699996,BA,0,0.0,0.0,-10.75,-40.75,latm10p75_lonm40p75
EOLCVBA049974-9-01,Ventos de Santo Adalberto 03,-40.69395066199996,-10.663872375999972,BA,0,0.0,0.0,-10.75,-40.75,latm10p75_lonm40p75
EOLCVBA049975-7-01,Ventos de Santo Adalberto 04,-40.718004554999936,-10.688866937999933,BA,0,0.0,0.0,-10.75,-40.75,latm10p75_lonm40p75
EOLCVBA049976-5-01,Ventos de Santo Adalberto 05,-40.718395199999975,-10.693138459999943,BA,0,0.0,0.0,-10.75,-40.75,latm10p75_lonm40p75
EOLCVBA049977-3-01,Ventos de Santo Adalberto 06,-40.70358998999996,-10.713262269999973,BA,0,0.0,0.0,-10.75,-40.75,latm10p75_lonm40p75
EOLCVBA049978-1-01,Ventos de Santo Adalberto 07,-40.729194124999935,-10.724998206999942,BA,0,0.0,0.0,-10.75,-40.75,latm10p75_lonm40p75
EOLCVBA049979-0-01,Ventos de Santo Adalberto 08,-40.75513772999994,-10.760852969999974,BA,0,0.0,0.0,-10.75,-40.75,latm10p75_lonm40p75
EOLCVBA049980-3-01,Ventos de Santo Adalberto 09,-40.73016551999996,-10.77459885999997,BA,0,0.0,0.0,-10.75,-40.75,latm10p75_lonm40p75
EOLCVBA049981-1-01,Ventos de Santo Adalberto 10,-40.71668179999995,-10.810446429999956,BA,0,0.0,0.0,-10.75,-40.75,latm10p75_lonm40p75
EOLCVBA049984-6-01,Ventos de São Paulo 01,-41.67200490799996,-10.966360597999936,BA,14,58.800000000000004,58.800000000000004,-11.0,-41.75,latm11p00_lonm41p75
EOLCVBA049985-4-01,Ventos de São Paulo 02,-41.69452473699994,-10.989498794999976,BA,14,58.800000000000004,58.800000000000004,-11.0,-41.75,latm11p00_lonm41p75
EOLCVBA049986-2-01,Ventos de São Paulo 03,-41.69845839399994,-11.024825489999955,BA,14,58.800000000000004,58.800000000000004,-11.0,-41.75,latm11p00_lonm41p75
EOLCVBA049987-0-01,Ventos de São Paulo 04,-41.73013974699995,-11.008297847999929,BA,14,58.800000000000004,58.800000000000004,-11.0,-41.75,latm11p00_lonm41p75
EOLCVBA049988-9-01,Ventos de São Paulo 05,-41.71538189599994,-10.981471217999967,BA,14,58.800000000000004,58.800000000000004,-11.0,-41.75,latm11p00_lonm41p75
EOLCVBA049989-7-01,Ventos de São Paulo 06,-41.75610165499995,-11.001549489999944,BA,14,58.800000000000004,58.800000000000004,-11.0,-41.75,latm11p00_lonm41p75
EOLCVBA050029-1-01,Ventos de São Carlos 01,-41.15730096699997,-10.209729786999958,BA,13,0.054599999999999996,0.054599999999999996,-10.25,-41.25,latm10p25_lonm41p25
EOLCVBA050030-5-01,Ventos de São Carlos 02,-41.16767684399997,-10.199185538999927,BA,11,0.0462,0.0462,-10.25,-41.25,latm10p25_lonm41p25
EOLCVBA050031-3-01,Ventos de São Carlos 03,-41.17673380499997,-10.190674459999968,BA,10,0.041999999999999996,0.041999999999999996,-10.25,-41.25,latm10p25_lonm41p25
EOLCVBA050032-1-01,Ventos de São Carlos 04,-41.178946749999966,-10.160489844999972,BA,12,0.0504,0.0504,-10.25,-41.25,latm10p25_lonm41p25
EOLCVBA050033-0-01,Ventos de São Carlos 05,-41.19615961299996,-10.173597833999963,BA,13,0.054599999999999996,0.054599999999999996,-10.25,-41.25,latm10p25_lonm41p25
EOLCVBA050034-8-01,Ventos de São Carlos 06,-41.193772475999936,-10.148641219999943,BA,12,0.0504,0.0504,-10.25,-41.25,latm10p25_lonm41p25
EOLCVBA050035-6-01,Ventos de São Carlos 07,-41.22020059499994,-10.144812026999944,BA,12,0.0504,0.0504,-10.25,-41.25,latm10p25_lonm41p25
EOLCVBA050036-4-01,Ventos de São Carlos 08,-41.22099040699993,-10.129695006999953,BA,12,0.0504,0.0504,-10.25,-41.25,latm10p25_lonm41p25
EOLCVBA050038-0-01,Ventos de São Cirilo 03,-41.160517555999945,-11.621080481999968,BA,6,25.200000000000003,25.200000000000003,-11.5,-41.25,latm11p50_lonm41p25
EOLCVBA050061-5-01,Ventos de Santa Dulce 01,-38.581290680999984,-8.97149524699995,BA,14,58.800000000000004,58.800000000000004,-9.0,-38.5,latm9p00_lonm38p50
EOLCVBA050065-8-01,Ventos de Santa Dulce 05,-38.79190941899998,-9.143945039999949,BA,14,58.800000000000004,58.800000000000004,-9.25,-38.75,latm9p25_lonm38p75
EOLCVBA050066-6-01,Ventos de Santa Dulce 06,-38.79073540899998,-9.143781555999963,BA,14,86.8,86.8,-9.25,-38.75,latm9p25_lonm38p75
EOLCVBA050067-4-01,Ventos de Santa Dulce 07,-38.779791031999935,-9.180280482999931,BA,14,86.8,86.8,-9.25,-38.75,latm9p25_lonm38p75
EOLCVBA050068-2-01,Ventos de Santa Dulce 08,-38.79388444299997,-9.207052768999972,BA,14,86.8,86.8,-9.25,-38.75,latm9p25_lonm38p75
EOLCVBA050069-0-01,Ventos de Santa Dulce 09,-38.80770620399994,-9.234973069999969,BA,14,86.8,86.8,-9.25,-38.75,latm9p25_lonm38p75
EOLCVBA050070-4-01,Ventos de Santa Dulce 10,-38.79264489399998,-9.39518564599996,BA,14,0.0868,0.0868,-9.5,-38.75,latm9p50_lonm38p75
EOLCVBA050071-2-01,Ventos de Santa Dulce 11,-38.79606609799998,-9.432108626999934,BA,14,0.0868,0.0868,-9.5,-38.75,latm9p50_lonm38p75
EOLCVBA050072-0-01,Ventos de Santa Dulce 12,-38.77947064199998,-9.473152969999944,BA,14,0.0868,0.0868,-9.5,-38.75,latm9p50_lonm38p75
EOLCVBA050463-7-01,Assuruá 4 I,-42.64105067799994,-11.025391653999977,BA,8,36.0,36.0,-11.0,-42.75,latm11p00_lonm42p75
EOLCVBA050464-5-01,Assuruá 4 II,-42.61452037799995,-11.03596114399994,BA,7,31.5,31.5,-11.0,-42.5,latm11p00_lonm42p50
EOLCVBA050465-3-01,Assuruá 4 III,-42.63062401499997,-11.060369005999974,BA,8,36.0,36.0,-11.0,-42.75,latm11p00_lonm42p75
EOLCVBA050466-1-01,Assuruá 4 IV,-42.62663031499994,-11.083934191999958,BA,8,36.0,36.0,-11.0,-42.75,latm11p00_lonm42p75
EOLCVBA050467-0-01,Assuruá 4 V,-42.62924124399996,-11.107349476999955,BA,8,36.0,36.0,-11.0,-42.75,latm11p00_lonm42p75
EOLCVBA050468-8-01,Assuruá 4 VI,-42.60300235499994,-11.066169437999974,BA,8,36.0,36.0,-11.0,-42.5,latm11p00_lonm42p50
EOLCVBA050844-6-01,Morro 1,-42.37421591799995,-12.250903524999956,BA,8,45.6,45.6,-12.25,-42.25,latm12p25_lonm42p25
EOLCVBA050845-4-01,Morro 2,-42.37804034199996,-12.224532089999968,BA,6,34.2,34.2,-12.25,-42.5,latm12p25_lonm42p50
EOLCVBA050912-4-01,Ventos de São Vitorino I,-42.23111741799994,-11.272661595999978,BA,8,45.6,45.6,-11.25,-42.25,latm11p25_lonm42p25
EOLCVBA050913-2-01,Ventos de São Vitorino II,-42.22432197599994,-11.29994566499994,BA,9,51.300000000000004,51.300000000000004,-11.25,-42.25,latm11p25_lonm42p25
EOLCVBA050914-0-01,Ventos de São Vitorino IV,-42.21634805399998,-11.328392606999955,BA,8,45.6,45.6,-11.25,-42.25,latm11p25_lonm42p25
EOLCVBA050915-9-01,Ventos de São Vitorino VII,-42.19902848099997,-11.349490190999973,BA,8,45.6,45.6,-11.25,-42.25,latm11p25_lonm42p25
EOLCVBA050987-6-01,Serra das Almas XV,-42.63128267299993,-14.694926102999943,BA,6,37.2,37.2,-14.75,-42.75,latm14p75_lonm42p75
EOLCVBA050988-4-01,Serra das Almas XVI,-42.62584667899995,-14.71269904099995,BA,6,37.2,37.2,-14.75,-42.75,latm14p75_lonm42p75
EOLCVBA050989-2-01,Serra das Almas XVII,-42.62919083499997,-14.72875762999996,BA,3,18.6,18.6,-14.75,-42.75,latm14p75_lonm42p75
EOLCVBA050990-6-01,Serra das Almas XVIII,-42.63781954199993,-14.73772914899996,BA,5,31.0,31.0,-14.75,-42.75,latm14p75_lonm42p75
EOLCVBA050991-4-01,Serra das Almas XIX,-42.63425158899997,-14.75354637399994,BA,5,31.0,31.0,-14.75,-42.75,latm14p75_lonm42p75
EOLCVBA050992-2-01,Serra das Almas XX,-42.60439700099994,-14.700721002999956,BA,4,24.8,24.8,-14.75,-42.5,latm14p75_lonm42p50
EOLCVBA050993-0-01,Serra das Almas XXI,-42.60353932399994,-14.704344154999944,BA,4,24.8,24.8,-14.75,-42.5,latm14p75_lonm42p50
EOLCVBA050994-9-01,Serra das Almas XXII,-42.60895912999996,-14.728269412999964,BA,4,24.8,24.8,-14.75,-42.5,latm14p75_lonm42p50
EOLCVBA050995-7-01,Serra das Almas XXIII,-42.61005072499995,-14.74563604499997,BA,3,18.6,18.6,-14.75,-42.5,latm14p75_lonm42p50
EOLCVBA050996-5-01,Serra das Almas XXIV,-42.611431041999936,-14.754413816999945,BA,5,31.0,31.0,-14.75,-42.5,latm14p75_lonm42p50
EOLCVBA050997-3-01,Serra das Almas XXV,-42.613063642999975,-14.769852654999966,BA,5,31.0,31.0,-14.75,-42.5,latm14p75_lonm42p50
EOLCVBA050998-1-01,Serra das Almas XXVII,-42.58710309999998,-14.70923290299993,BA,4,24.8,24.8,-14.75,-42.5,latm14p75_lonm42p50
EOLCVBA050999-0-01,Serra das Almas XXVIII,-42.57209194799998,-14.70355610699994,BA,5,31.0,31.0,-14.75,-42.5,latm14p75_lonm42p50
EOLCVBA051000-9-01,Serra das Almas XXIX,-42.587638022999954,-14.72305211099996,BA,6,37.2,37.2,-14.75,-42.5,latm14p75_lonm42p50
EOLCVBA051002-5-01,Serra das Almas XXXI,-42.587326520999966,-14.754705436999927,BA,5,31.0,31.0,-14.75,-42.5,latm14p75_lonm42p50
EOLCVBA051003-3-01,Serra das Almas XXXIII,-42.61535924499998,-14.784955040999932,BA,5,31.0,31.0,-14.75,-42.5,latm14p75_lonm42p50
EOLCVBA051004-1-01,Serra das Almas XXXII,-42.59099786499996,-14.762735525999972,BA,6,37.2,37.2,-14.75,-42.5,latm14p75_lonm42p50
EOLCVBA051005-0-01,Serra das Almas XXXIV,-42.628596383999934,-14.810939553999958,BA,4,24.8,24.8,-14.75,-42.75,latm14p75_lonm42p75
EOLCVBA051006-8-01,Serra das Almas XXXV,-42.63634846199994,-14.821418135999975,BA,5,31.0,31.0,-14.75,-42.75,latm14p75_lonm42p75
EOLCVBA051007-6-01,Serra das Almas XXXVI,-42.61957984299994,-14.827867596999964,BA,5,31.0,31.0,-14.75,-42.5,latm14p75_lonm42p50
EOLCVBA051008-4-01,Serra das Almas XXXVII,-42.63169225399997,-14.872027239999966,BA,4,24.8,24.8,-14.75,-42.75,latm14p75_lonm42p75
EOLCVBA051009-2-01,Serra das Almas XXXVIII,-42.63101540899999,-14.88466865099997,BA,4,24.8,24.8,-15.0,-42.75,latm15p00_lonm42p75
EOLCVBA051010-6-01,Serra das Almas XXXIX,-42.63634174099997,-14.902250745999936,BA,4,24.8,24.8,-15.0,-42.75,latm15p00_lonm42p75
EOLCVBA051011-4-01,Serra das Almas XL,-42.62400138199996,-14.91940604299998,BA,4,24.8,24.8,-15.0,-42.5,latm15p00_lonm42p50
EOLCVBA051012-2-01,Serra das Almas XLI,-42.61176538499996,-14.908419217999947,BA,3,18.6,18.6,-15.0,-42.5,latm15p00_lonm42p50
EOLCVBA051013-0-01,Serra das Almas XLII,-42.603973543999984,-14.857708930999934,BA,5,31.0,31.0,-14.75,-42.5,latm14p75_lonm42p50
EOLCVBA051014-9-01,Serra das Almas XLIV,-42.56415614499997,-14.76367726799998,BA,4,24.8,24.8,-14.75,-42.5,latm14p75_lonm42p50
EOLCVBA051567-1-01,Paripiranga I,-37.97307115899997,-10.621467518999964,BA,5,30.0,30.0,-10.5,-38.0,latm10p50_lonm38p00
EOLCVBA051572-8-01,Serra da Gameleira IX,-41.36745845599995,-10.38136386399998,BA,7,43.4,43.4,-10.5,-41.25,latm10p50_lonm41p25
EOLCVBA051585-0-01,Ventos de Santa Luzia 11,-35.78961616099997,-6.453773730999956,RN,11,49.5,49.5,-6.5,-35.75,latm6p50_lonm35p75
EOLCVBA051588-4-01,Ventos de Santa Luzia 14,-41.26310380199993,-11.051633713999934,BA,12,74.4,72.0,-11.0,-41.25,latm11p00_lonm41p25
EOLCVBA051589-2-01,Ventos de Santa Luzia 15,-41.237689957999976,-11.033738696999931,BA,12,74.4,72.0,-11.0,-41.25,latm11p00_lonm41p25
EOLCVBA051590-6-01,Ventos de Santa Luzia 16,-41.256455840999934,-11.006496160999973,BA,12,74.4,18.0,-11.0,-41.25,latm11p00_lonm41p25
EOLCVBA051591-4-01,Ventos de Santa Luzia 17,-41.25946905899997,-11.032149097999934,BA,12,74.4,74.4,-11.0,-41.25,latm11p00_lonm41p25
EOLCVBA051592-2-01,Ventos de Santo Antônio 05,-41.28982781299993,-11.044645577999972,BA,11,68.2,67.5,-11.0,-41.25,latm11p00_lonm41p25
EOLCVBA051593-0-01,Ventos de Santo Antônio 06,-41.29400553499994,-11.019490449999978,BA,11,68.2,67.5,-11.0,-41.25,latm11p00_lonm41p25
EOLCVBA051594-9-01,Ventos de Santo Antônio 07,-41.298461035999935,-11.02428257899993,BA,12,74.4,72.0,-11.0,-41.25,latm11p00_lonm41p25
EOLCVBA051595-7-01,Ventos de Santo Antônio 08,-41.30555543999998,-11.048366941999973,BA,12,74.4,63.0,-11.0,-41.25,latm11p00_lonm41p25
EOLCVBA051596-5-01,Ventos de Santo Antônio 09,-40.42340994999995,-10.551810899999964,BA,12,50.400000000000006,50.400000000000006,-10.5,-40.5,latm10p50_lonm40p50
EOLCVBA051597-3-01,Ventos de São Januário 24,-40.50948226599997,-10.377428640999938,BA,12,50.400000000000006,50.400000000000006,-10.5,-40.5,latm10p50_lonm40p50
EOLCVBA051784-4-01,Assuruá 5 I,-42.61010211299998,-10.982196588999956,BA,7,40.6,40.599999999999994,-11.0,-42.5,latm11p00_lonm42p50
EOLCVBA051785-2-01,Assuruá 5 II,-42.62420221999997,-10.997407449999969,BA,8,46.4,46.4,-11.0,-42.5,latm11p00_lonm42p50
EOLCVBA051786-0-01,Assuruá 5 III,-42.67649199099998,-11.01855190899994,BA,7,40.6,40.599999999999994,-11.0,-42.75,latm11p00_lonm42p75
EOLCVBA051787-9-01,Assuruá 5 IV,-42.60370851899995,-11.021880325999971,BA,8,46.4,46.4,-11.0,-42.5,latm11p00_lonm42p50
EOLCVBA051788-7-01,Assuruá 5 V,-42.63391168099997,-11.141335754999943,BA,6,34.8,34.8,-11.25,-42.75,latm11p25_lonm42p75
EOLCVBA051789-5-01,Assuruá 5 VI,-42.58903056099996,-11.023761026999978,BA,6,34.8,34.8,-11.0,-42.5,latm11p00_lonm42p50
EOLCVBA051967-7-01,Ventos de Santa Bibiana 01,-41.53084273299993,-10.321424375999982,BA,14,58.800000000000004,58.800000000000004,-10.25,-41.5,latm10p25_lonm41p50
EOLCVBA051968-5-01,Ventos de Santa Bibiana 02,-41.54535147799993,-10.311180921999949,BA,14,58.800000000000004,58.800000000000004,-10.25,-41.5,latm10p25_lonm41p50
EOLCVBA051969-3-01,Ventos de Santa Bibiana 03,-41.55900997599997,-10.292937939999945,BA,14,58.800000000000004,58.800000000000004,-10.25,-41.5,latm10p25_lonm41p50
EOLCVBA051970-7-01,Ventos de Santa Bibiana 04,-41.56998581299996,-10.325497413999926,BA,14,58.800000000000004,58.800000000000004,-10.25,-41.5,latm10p25_lonm41p50
EOLCVBA051971-5-01,Ventos de Santa Bibiana 05,-41.58737704199996,-10.323144647999982,BA,14,58.800000000000004,58.800000000000004,-10.25,-41.5,latm10p25_lonm41p50
EOLCVBA051972-3-01,Ventos de Santa Bibiana 06,-41.601957923999976,-10.291962937999926,BA,14,58.800000000000004,58.800000000000004,-10.25,-41.5,latm10p25_lonm41p50
EOLCVBA052017-9-01,Ventos de Santo Adalberto 11,-40.60130574999994,-10.82413005999996,BA,0,0.0,0.0,-10.75,-40.5,latm10p75_lonm40p50
EOLCVBA052018-7-01,Ventos de Santo Adalberto 12,-40.603015709999966,-10.85844905999994,BA,0,0.0,0.0,-10.75,-40.5,latm10p75_lonm40p50
EOLCVBA052019-5-01,Ventos de Santo Adalberto 13,-40.61107984999995,-10.87498764999998,BA,0,0.0,0.0,-10.75,-40.5,latm10p75_lonm40p50
EOLCVBA052020-9-01,Ventos de Santo Adalberto 14,-40.628981849999946,-10.888852009999937,BA,0,0.0,0.0,-11.0,-40.75,latm11p00_lonm40p75
EOLCVBA052021-7-01,Ventos de Santo Adalberto 15,-40.63355519999993,-10.922341289999965,BA,0,0.0,0.0,-11.0,-40.75,latm11p00_lonm40p75
EOLCVBA052256-2-01,"Pedra Pintada XVII",-41.22548921099997,-10.595408247999956,BA,8,48.0,48.0,-10.5,-41.25,latm10p50_lonm41p25
EOLCVBA053512-5-01,São Gabriel IV,-41.76459153599996,-11.052867697999943,BA,5,30.0,30.0,-11.0,-41.75,latm11p00_lonm41p75
EOLCVBA053513-3-01,São Gabriel V,-41.73435174199994,-11.101630137999962,BA,6,36.0,36.0,-11.0,-41.75,latm11p00_lonm41p75
EOLCVBA053514-1-01,São Gabriel VI,-41.72976819899998,-11.074948018999976,BA,6,36.0,36.0,-11.0,-41.75,latm11p00_lonm41p75
EOLCVBA053515-0-01,São Gabriel XI,-41.73601028699994,-11.116657233999945,BA,5,30.0,30.0,-11.0,-41.75,latm11p00_lonm41p75
EOLCVBA053516-8-01,São Gabriel XII,-41.72017735099996,-11.051581161999934,BA,5,30.0,30.0,-11.0,-41.75,latm11p00_lonm41p75
EOLCVBA053517-6-01,São Gabriel XIII,-41.66081781099996,-11.05035662299997,BA,7,42.0,42.0,-11.0,-41.75,latm11p00_lonm41p75
EOLCVBA053518-4-01,São Gabriel XIV,-41.65478494699994,-11.011044450999975,BA,7,42.0,42.0,-11.0,-41.75,latm11p00_lonm41p75
EOLCVBA053519-2-01,São Gabriel XV,-41.62975234899994,-10.981889278999972,BA,8,48.0,48.0,-11.0,-41.75,latm11p00_lonm41p75
EOLCVBA053675-0-01,Pedra Pintada XVI,-41.21970589199998,-10.569908035999958,BA,8,48.0,48.0,-10.5,-41.25,latm10p50_lonm41p25
EOLCVBA053676-8-01,Pedra Pintada XVIII,-41.22277751499996,-10.624978529999964,BA,8,48.0,48.0,-10.5,-41.25,latm10p50_lonm41p25
EOLCVBA053986-4-01,Ura-01,-42.65398080399996,-14.61083459899993,BA,8,48.0,48.0,-14.5,-42.75,latm14p50_lonm42p75
EOLCVBA053987-2-01,Ura-02,-42.656457012999965,-14.637169077999944,BA,7,42.0,42.0,-14.75,-42.75,latm14p75_lonm42p75
EOLCVBA053988-0-01,Ura-03,-42.63811863899997,-14.664241569999945,BA,8,48.0,48.0,-14.75,-42.75,latm14p75_lonm42p75
EOLCVBA053989-9-01,Ura-04,-42.63924896699996,-14.610649741999964,BA,6,36.0,36.0,-14.5,-42.75,latm14p50_lonm42p75
EOLCVBA053990-2-01,Ura-05,-42.63729190799995,-14.630542556999956,BA,6,36.0,36.0,-14.75,-42.75,latm14p75_lonm42p75
EOLCVBA053991-0-01,Ura-06,-42.62384552499998,-14.653046636999932,BA,6,36.0,36.0,-14.75,-42.5,latm14p75_lonm42p50
EOLCVBA053992-9-01,Ura-07,-42.639289711999936,-14.657152149999945,BA,3,18.0,18.0,-14.75,-42.75,latm14p75_lonm42p75
EOLCVBA054015-3-01,Alisios,-42.692256775999965,-13.879852373999938,BA,3,18.0,18.0,-14.0,-42.75,latm14p00_lonm42p75
EOLCVBA054098-6-01,Boreal,-42.65054325899996,-13.824962754999945,BA,5,30.0,30.0,-13.75,-42.75,latm13p75_lonm42p75
EOLCVBA054125-7-01,Cirrus,-42.89120241699993,-13.500697155999944,BA,7,42.0,42.0,-13.5,-43.0,latm13p50_lonm43p00
EOLCVBA054126-5-01,Corus,-42.88555412599993,-13.568290169999957,BA,5,30.0,30.0,-13.5,-43.0,latm13p50_lonm43p00
EOLCVBA054127-3-01,Costa do Vento,-42.705728730999965,-13.870780968999952,BA,7,42.0,42.0,-13.75,-42.75,latm13p75_lonm42p75
EOLCVBA054128-1-01,Cumulus,-42.90103407299995,-13.441822678999928,BA,6,36.0,36.0,-13.5,-43.0,latm13p50_lonm43p00
EOLCVBA054129-0-01,Eurus,-42.663401645999954,-14.039548829999944,BA,4,24.0,24.0,-14.0,-42.75,latm14p00_lonm42p75
EOLCVBA054130-3-01,Florence,-42.85167752399997,-13.592255077999935,BA,2,12.0,12.0,-13.5,-42.75,latm13p50_lonm42p75
EOLCVBA054131-1-01,Polar,-42.66748580899997,-13.81718233199996,BA,2,12.0,12.0,-13.75,-42.75,latm13p75_lonm42p75
EOLCVBA054132-0-01,Santa Ana,-42.66683010099996,-13.97408483199996,BA,2,12.0,12.0,-14.0,-42.75,latm14p00_lonm42p75
EOLCVBA054133-8-01,Santa Clara,-42.89578542399994,-13.534081765999929,BA,6,36.0,36.0,-13.5,-43.0,latm13p50_lonm43p00
EOLCVBA054134-6-01,Siroco,-42.65727759499998,-13.79411708999993,BA,7,42.0,42.0,-13.75,-42.75,latm13p75_lonm42p75
EOLCVBA054135-4-01,Stratus,-42.87541001799997,-13.470507424999935,BA,5,30.0,30.0,-13.5,-43.0,latm13p50_lonm43p00
EOLCVBA054136-2-01,Tornado,-42.70820283999996,-13.885351559999949,BA,5,30.0,30.0,-14.0,-42.75,latm14p00_lonm42p75
EOLCVBA054137-0-01,Ventania,-42.66712539899999,-13.802297513999974,BA,3,18.0,18.0,-13.75,-42.75,latm13p75_lonm42p75
EOLCVBA054138-9-01,Ventos da Montanha,-42.65814419399993,-13.99492695899994,BA,4,24.0,24.0,-14.0,-42.75,latm14p00_lonm42p75
EOLCVBA054139-7-01,Zefiro,-42.89692247099998,-13.550782433999927,BA,5,30.0,30.0,-13.5,-43.0,latm13p50_lonm43p00
EOLCVBA054140-0-01,Zonda,-42.67490609499998,-13.852970020999976,BA,5,30.0,30.0,-13.75,-42.75,latm13p75_lonm42p75
EOLCVBA054141-9-01,Monção,-42.66770384299997,-13.81106740299998,BA,3,18.0,18.0,-13.75,-42.75,latm13p75_lonm42p75
EOLCVBA054152-4-01,Oeste,-42.68348915799993,-14.028971916999978,BA,2,12.0,12.0,-14.0,-42.75,latm14p00_lonm42p75
EOLCVBA054153-2-01,Maestro,-42.68827342599997,-14.006826622999938,BA,5,30.0,30.0,-14.0,-42.75,latm14p00_lonm42p75
EOLCVBA054154-0-01,Mistral,-42.67376908999995,-13.859428610999942,BA,2,12.0,12.0,-13.75,-42.75,latm13p75_lonm42p75
EOLCVBA054155-9-01,Lips,-42.70281395799998,-13.816341002999934,BA,2,12.0,12.0,-13.75,-42.75,latm13p75_lonm42p75
EOLCVBA054156-7-01,Nimbos,-42.89910379999998,-13.470480779999946,BA,7,42.0,42.0,-13.5,-43.0,latm13p50_lonm43p00
EOLCVBA054336-5-01,Ventos de Santa Diana 01,-40.67660798799994,-11.054098107999948,BA,11,46.2,46.2,-11.0,-40.75,latm11p00_lonm40p75
EOLCVBA054949-5-01,Ventos da Bahia XXXI,-41.52749960399996,-12.06800616299995,BA,6,34.2,34.2,-12.0,-41.5,latm12p00_lonm41p50
EOLCVBA054950-9-01,Ventos da Bahia XXXIII,-41.52410162799998,-12.08927727899993,BA,6,34.2,34.2,-12.0,-41.5,latm12p00_lonm41p50
EOLCVBA054951-7-01,Ventos da Bahia XXXIV,-41.50414777799995,-12.035767393999947,BA,5,28.5,28.5,-12.0,-41.5,latm12p00_lonm41p50
EOLCVBA055069-8-01,Ventos da Bahia XV,-41.48655154399995,-11.887090688999931,BA,7,39.9,39.9,-12.0,-41.5,latm12p00_lonm41p50
EOLCVBA055071-0-01,Ventos da Bahia XX,-41.49331355299995,-11.937686075999975,BA,2,11.4,11.4,-12.0,-41.5,latm12p00_lonm41p50
EOLCVBA055441-3-01,Serra do Gentio do Ouro II,-42.55797599599998,-11.61708200199996,BA,5,31.0,31.0,-11.5,-42.5,latm11p50_lonm42p50
EOLCVBA055442-1-01,Serra do Gentio do Ouro III,-42.53407130199997,-11.577924021999934,BA,4,24.8,24.8,-11.5,-42.5,latm11p50_lonm42p50
EOLCVBA055447-2-01,Serra do Gentio do Ouro VIII,-42.60678899499993,-11.441916996999964,BA,4,24.8,24.8,-11.5,-42.5,latm11p50_lonm42p50
EOLCVBA055448-0-01,Serra do Gentio do Ouro IX,-42.60085999999996,-11.45070399599996,BA,5,31.0,31.0,-11.5,-42.5,latm11p50_lonm42p50
EOLCVBA055449-9-01,Serra do Gentio do Ouro X,-42.607558997999945,-11.462485002999928,BA,6,37.2,37.2,-11.5,-42.5,latm11p50_lonm42p50
EOLCVBA055450-2-01,Serra do Gentio do Ouro XI,-42.587682994999966,-11.455725001999951,BA,5,31.0,31.0,-11.5,-42.5,latm11p50_lonm42p50
EOLCVBA055451-0-01,Serra do Gentio do Ouro XII,-42.57369199399994,-11.45784999999995,BA,5,31.0,31.0,-11.5,-42.5,latm11p50_lonm42p50
EOLCVBA055452-9-01,Serra do Gentio do Ouro XIII,-42.55597999999998,-11.462635001999956,BA,7,43.4,43.4,-11.5,-42.5,latm11p50_lonm42p50
EOLCVBA055454-5-01,Serra do Gentio do Ouro XVI,-42.55443488399993,-11.42508909099996,BA,3,18.6,18.6,-11.5,-42.5,latm11p50_lonm42p50
EOLCVBA055455-3-01,Serra do Gentio do Ouro XXI,-42.59525599799997,-11.402521001999958,BA,6,37.2,37.2,-11.5,-42.5,latm11p50_lonm42p50
EOLCVBA055456-1-01,Serra do Gentio do Ouro XXII,-42.58270000099998,-11.38624499399998,BA,7,43.4,43.4,-11.5,-42.5,latm11p50_lonm42p50
EOLCVBA055457-0-01,Serra do Gentio do Ouro XXIII,-42.57892345199997,-11.410454910999931,BA,4,24.8,24.8,-11.5,-42.5,latm11p50_lonm42p50
EOLCVBA056493-1-01,Canudos XLII,-38.83629649399995,-10.326360462999958,BA,7,42.0,42.0,-10.25,-38.75,latm10p25_lonm38p75
EOLCVBA057137-7-01,Paripiranga II,-37.93040217799995,-10.594902224999942,BA,7,42.0,42.0,-10.5,-38.0,latm10p50_lonm38p00
EOLCVBA057138-5-01,Paripiranga III,-37.94699658999997,-10.622800930999972,BA,8,48.0,48.0,-10.5,-38.0,latm10p50_lonm38p00
EOLCVBA057139-3-01,Paripiranga IV,-37.96400083799995,-10.589597869999976,BA,8,48.0,48.0,-10.5,-38.0,latm10p50_lonm38p00
EOLCVBA057140-7-01,Paripiranga V,-38.00532987399998,-10.61581094099995,BA,6,36.0,36.0,-10.5,-38.0,latm10p50_lonm38p00
EOLCVBA057141-5-01,Paripiranga VI,-38.04540294399993,-10.61609796199997,BA,8,48.0,48.0,-10.5,-38.0,latm10p50_lonm38p00
EOLCVBA057142-3-01,Ventos de São Vitorino VI,-42.21856993399996,-11.310864523999951,BA,0,0.0,0.0,-11.25,-42.25,latm11p25_lonm42p25
EOLCVBA057982-3-01,Ventos de São Carlos 10,-41.23991004299995,-10.133850592999975,BA,13,0.054599999999999996,0.054599999999999996,-10.25,-41.25,latm10p25_lonm41p25
EOLCVBA057983-1-01,Ventos de São Carlos 09,-41.22654014699998,-10.111725942999954,BA,12,0.0504,0.0504,-10.0,-41.25,latm10p00_lonm41p25
EOLCVBA057984-0-01,Ventos de São Carlos 12,-41.25007228599998,-10.11695253299996,BA,10,0.041999999999999996,0.041999999999999996,-10.0,-41.25,latm10p00_lonm41p25
EOLCVBA057985-8-01,Ventos de São Carlos 11,-41.25684291799996,-10.13691602399996,BA,10,0.041999999999999996,0.041999999999999996,-10.25,-41.25,latm10p25_lonm41p25
EOLCVBA058117-8-01,Assuruá 6 II,-42.53893108799997,-11.199653995999938,BA,7,36.54,36.54,-11.25,-42.5,latm11p25_lonm42p50
EOLCVBA058118-6-01,Assuruá 6 III,-42.551858908999975,-11.214299515999926,BA,6,31.32,31.32,-11.25,-42.5,latm11p25_lonm42p50
EOLCVBA058126-7-01,Ventos da Serra Dourada 3,-41.66772513199993,-10.370295341999965,BA,8,33.6,33.6,-10.25,-41.75,latm10p25_lonm41p75
EOLCVBA060194-2-01,Assuruá 6 I,-42.54100514999993,-11.180550610999944,BA,7,36.54,36.54,-11.25,-42.5,latm11p25_lonm42p50
EOLCVBA060195-0-01,Assuruá 6 IV,-42.55335038299995,-11.230649207999932,BA,6,31.32,31.32,-11.25,-42.5,latm11p25_lonm42p50
EOLCVBA060196-9-01,Assuruá 6 V,-42.56743228099998,-11.257430622999948,BA,6,31.32,31.32,-11.25,-42.5,latm11p25_lonm42p50
EOLCVBA060197-7-01,Assuruá 6 VI,-42.57780756899996,-11.272316892999982,BA,6,36.54,36.54,-11.25,-42.5,latm11p25_lonm42p50
EOLCVBA060198-5-01,Assuruá 6 VII,-42.60622279499995,-11.297885791999931,BA,6,31.32,31.32,-11.25,-42.5,latm11p25_lonm42p50
EOLCVBA060199-3-01,Assuruá 6 VIII,-42.582338714999935,-11.320445271999972,BA,7,36.54,36.54,-11.25,-42.5,latm11p25_lonm42p50
EOLCVBA060200-0-01,Assuruá 6 XII,-42.62824841799994,-11.198732139999947,BA,6,31.32,31.32,-11.25,-42.75,latm11p25_lonm42p75
EOLCVBA060201-9-01,Assuruá 6 XIII,-42.637142137999945,-11.215972420999949,BA,7,36.54,36.54,-11.25,-42.75,latm11p25_lonm42p75
EOLCVBA060202-7-01,Assuruá 6 XIV,-42.63822452299996,-11.246064237999974,BA,7,36.54,36.54,-11.25,-42.75,latm11p25_lonm42p75
EOLCVBA060308-2-01,Serra do Gentio do Ouro 24,-42.71996257899997,-11.382919207999976,BA,5,31.0,31.0,-11.5,-42.75,latm11p50_lonm42p75
EOLCVBA060309-0-01,Serra do Gentio do Ouro 25,-42.70193366199993,-11.41188709499994,BA,7,43.4,43.4,-11.5,-42.75,latm11p50_lonm42p75
EOLCVBA060315-5-01,Serra do Gentio do Ouro 31,-42.76548965099994,-11.474555128999953,BA,7,43.4,43.4,-11.5,-42.75,latm11p50_lonm42p75
EOLCVBA060316-3-01,Serra do Gentio do Ouro 32,-42.76430265399995,-11.497283962999973,BA,7,43.4,43.4,-11.5,-42.75,latm11p50_lonm42p75
EOLCVBA060317-1-01,Serra do Gentio do Ouro 33,-42.72765237299996,-11.47764286499995,BA,7,43.4,43.4,-11.5,-42.75,latm11p50_lonm42p75
EOLCVBA060319-8-01,Serra do Gentio do Ouro 41,-42.52948600899998,-11.71728079099995,BA,5,31.0,31.0,-11.75,-42.5,latm11p75_lonm42p50
EOLCVBA061641-9-01,Ventos da Serra Dourada 1,-41.65597341299997,-10.374883222999928,BA,8,33.6,33.6,-10.25,-41.75,latm10p25_lonm41p75
EOLCVBA062917-0-01,Ventos de Santa Esperança 04,-41.22320539999998,-11.457172146999936,BA,12,50.400000000000006,50.400000000000006,-11.5,-41.25,latm11p50_lonm41p25
EOLCVBA066061-2-01,Ventos de Santa Patrícia 12,-41.37316357399993,-10.968790499999956,BA,12,74.4,74.4,-11.0,-41.25,latm11p00_lonm41p25
EOLCVBA066062-0-01,Ventos de Santa Patrícia 13,-41.36606079499995,-10.949651535999976,BA,12,74.4,74.4,-11.0,-41.25,latm11p00_lonm41p25
EOLCVBA066063-9-01,Ventos de Santa Patrícia 14,-41.37853185399996,-10.95275357199995,BA,12,74.4,74.4,-11.0,-41.5,latm11p00_lonm41p50
EOLCVBA066951-2-01,Ventos da Serra Dourada 2,-41.64299259599994,-10.35376637199994,BA,8,33.6,33.6,-10.25,-41.75,latm10p25_lonm41p75
EOLCVBA066952-0-01,Ventos da Serra Dourada 4,-41.656640670999934,-10.349027932999944,BA,8,33.6,33.6,-10.25,-41.75,latm10p25_lonm41p75
EOLCVBA072229-4-01,Serra Do Estreito 2,-43.40802001999998,-10.817077636999954,BA,0,17.325,17.325,-10.75,-43.5,latm10p75_lonm43p50
EOLCVBA072230-8-01,Serra Do Estreito 3,-43.48577880899995,-10.498229979999962,BA,0,20.79,20.79,-10.5,-43.5,latm10p50_lonm43p50
EOLCVBA072231-6-01,Serra Do Estreito 4,-43.43011474599996,-10.496520995999958,BA,0,20.79,20.79,-10.5,-43.5,latm10p50_lonm43p50
EOLCVBA072232-4-01,Serra Do Estreito 5,-43.41638183599997,-10.571899413999972,BA,0,0.0,0.0,-10.5,-43.5,latm10p50_lonm43p50
EOLCVBA072233-2-01,Serra Do Estreito 6,-43.40582275399999,-10.435913085999973,BA,0,31.185,31.185,-10.5,-43.5,latm10p50_lonm43p50
EOLCVBA072234-0-01,Serra Do Estreito 7,-43.38769531299994,-10.292297362999932,BA,0,13.86,13.86,-10.25,-43.5,latm10p25_lonm43p50
EOLCVBA072235-9-01,Serra Do Estreito 8,-43.40222167999997,-10.169189452999944,BA,0,97.02,97.02,-10.25,-43.5,latm10p25_lonm43p50
EOLCVBA072236-7-01,Serra Do Estreito 9,-43.38751220699993,-10.629882812999938,BA,0,17.325,17.325,-10.75,-43.5,latm10p75_lonm43p50
EOLCVBA072237-5-01,Serra Do Estreito 1,-43.38677978499993,-10.956909179999968,BA,0,10.395,10.395,-11.0,-43.5,latm11p00_lonm43p50
EOLCVBA072258-8-01,Jitirana,-42.65991772899997,-14.334043876999942,BA,10,45.0,45.0,-14.25,-42.75,latm14p25_lonm42p75
EOLCVBA072487-4-01,Castanheira 14,-41.66077144599996,-10.428467271999978,BA,6,25.200000000000003,25.200000000000003,-10.5,-41.75,latm10p50_lonm41p75
EOLCVBA072488-2-01,Castanheira 15,-41.64204682599996,-10.395472126999948,BA,5,21.0,21.0,-10.5,-41.75,latm10p50_lonm41p75
EOLCVBA072489-0-01,Castanheira 16,-41.642553256999975,-10.392748324999957,BA,5,21.0,21.0,-10.5,-41.75,latm10p50_lonm41p75
EOLCVBA072490-4-01,Castanheira 17,-41.66924101799998,-10.396222595999973,BA,8,33.6,33.6,-10.5,-41.75,latm10p50_lonm41p75
EOLCVBA072696-6-01,Veredas I,-42.205690441999934,-12.586695418999966,BA,5,21.0,21.0,-12.5,-42.25,latm12p50_lonm42p25
EOLCVBA072697-4-01,Veredas II,-42.19647139099993,-12.608215233999942,BA,5,21.0,21.0,-12.5,-42.25,latm12p50_lonm42p25
EOLCVBA072698-2-01,Veredas III,-42.18918808899997,-12.625816391999932,BA,4,16.8,16.8,-12.75,-42.25,latm12p75_lonm42p25
EOLCVBA072699-0-01,Veredas IV,-42.182594764999976,-12.651680602999932,BA,4,16.8,16.8,-12.75,-42.25,latm12p75_lonm42p25
EOLCVBA072700-8-01,Veredas V,-42.16362835799998,-12.66819901599996,BA,5,21.0,21.0,-12.75,-42.25,latm12p75_lonm42p25
EOLCVBA072814-4-01,Serra das Almas XLV,-42.52115594399993,-14.901936126999942,BA,6,39.599999999999994,39.599999999999994,-15.0,-42.5,latm15p00_lonm42p50
EOLCVBA072815-2-01,Serra das Almas XLVI,-42.52266748199997,-14.88267407799998,BA,6,39.599999999999994,39.599999999999994,-15.0,-42.5,latm15p00_lonm42p50
EOLCVBA072816-0-01,Serra das Almas XLVII,-42.52452446499996,-14.863207899999964,BA,6,39.599999999999994,39.599999999999994,-14.75,-42.5,latm14p75_lonm42p50
EOLCVBA072848-9-01,Serra do Gentio do Ouro XVII,-42.54580669399997,-11.402715955999952,BA,3,18.6,18.6,-11.5,-42.5,latm11p50_lonm42p50
EOLCVBA072849-7-01,Serra do Gentio do Ouro XVIII,-42.53683908199997,-11.39329761299996,BA,3,18.6,18.6,-11.5,-42.5,latm11p50_lonm42p50
EOLCVBA072850-0-01,Serra do Gentio do Ouro XIX,-42.52275986499996,-11.385173401999964,BA,3,18.6,18.6,-11.5,-42.5,latm11p50_lonm42p50
EOLCVBA072851-9-01,Serra do Gentio do Ouro 60,-42.54001611699994,-11.41786608299998,BA,3,18.6,18.6,-11.5,-42.5,latm11p50_lonm42p50
EOLCVBA072852-7-01,Serra do Gentio do Ouro 61,-42.63219008799996,-11.371101499999952,BA,6,37.2,37.2,-11.25,-42.75,latm11p25_lonm42p75
EOLCVBA072853-5-01,Serra do Gentio do Ouro 62,-42.61643854999994,-11.352304910999976,BA,6,37.2,37.2,-11.25,-42.5,latm11p25_lonm42p50
EOLCVBA072854-3-01,Serra do Gentio do Ouro 63,-42.544942151999976,-11.38927210199995,BA,6,37.2,37.2,-11.5,-42.5,latm11p50_lonm42p50
EOLCVBA072855-1-01,Serra do Gentio do Ouro 64,-42.518394694999984,-11.375296486999956,BA,3,18.6,18.6,-11.5,-42.5,latm11p50_lonm42p50
EOLCVBA072856-0-01,Serra do Gentio do Ouro 65,-42.54289914299994,-11.369077508999965,BA,5,31.0,31.0,-11.25,-42.5,latm11p25_lonm42p50
EOLCVBA072857-8-01,Serra do Gentio do Ouro 67,-42.54256482099999,-11.342888193999954,BA,4,24.8,24.8,-11.25,-42.5,latm11p25_lonm42p50
EOLCVBA072858-6-01,Serra do Gentio do Ouro 68,-42.52845814099993,-11.357336354999973,BA,5,31.0,31.0,-11.25,-42.5,latm11p25_lonm42p50
EOLCVBA072859-4-01,Serra do Gentio do Ouro 69,-42.52069052899998,-11.340644983999937,BA,5,31.0,31.0,-11.25,-42.5,latm11p25_lonm42p50
EOLCVBA072860-8-01,Serra do Gentio do Ouro 70,-42.532185039999945,-11.407273360999966,BA,2,12.4,12.4,-11.5,-42.5,latm11p50_lonm42p50
EOLCVBA072892-6-01,Serra do Gentio do Ouro 34,-42.66777291899996,-11.591485172999969,BA,6,37.2,37.2,-11.5,-42.75,latm11p50_lonm42p75
EOLCVBA072893-4-01,Serra do Gentio do Ouro 35,-42.656246092999936,-11.625089554999931,BA,6,37.2,37.2,-11.75,-42.75,latm11p75_lonm42p75
EOLCVBA072894-2-01,Serra do Gentio do Ouro 40,-42.519299116999946,-11.706015432999948,BA,7,43.4,43.4,-11.75,-42.5,latm11p75_lonm42p50
EOLCVBA072895-0-01,Serra do Gentio do Ouro 54,-42.51581485699995,-11.59258654699994,BA,7,43.4,43.4,-11.5,-42.5,latm11p50_lonm42p50
EOLCVBA073669-4-01,Mulato 01,-40.71407399999998,-9.814422999999977,BA,0,0.0,0.0,-9.75,-40.75,latm9p75_lonm40p75
EOLCVBA073740-2-01,Central Geradora Serra Grande I,-38.47410002999993,-9.122251019999965,BA,0,0.0,0.0,-9.0,-38.5,latm9p00_lonm38p50
EOLCVBA073741-0-01,Central Geradora Serra Grande II,-38.45829778999996,-9.106300199999964,BA,0,0.0,0.0,-9.0,-38.5,latm9p00_lonm38p50
EOLCVBA073742-9-01,Central Geradora Serra Grande III,-38.44225062999993,-9.09090914999996,BA,0,0.0,0.0,-9.0,-38.5,latm9p00_lonm38p50
EOLCVBA073743-7-01,Central Geradora Serra Grande IV,-38.41783800999997,-9.08382525999997,BA,0,0.0,0.0,-9.0,-38.5,latm9p00_lonm38p50
EOLCVBA073744-5-01,Central Geradora Serra Grande V,-38.401582589999975,-9.07490815999995,BA,0,0.0,0.0,-9.0,-38.5,latm9p00_lonm38p50
EOLCVBA073745-3-01,Central Geradora Serra Grande VI,-38.45518021999993,-9.21736347999996,BA,0,0.0,0.0,-9.25,-38.5,latm9p25_lonm38p50
EOLCVBA073746-1-01,Central Geradora Serra Grande VII,-38.43845268999996,-9.203300599999976,BA,0,0.0,0.0,-9.25,-38.5,latm9p25_lonm38p50
EOLCVBA073747-0-01,Central Geradora Serra Grande VIII,-38.42164516999998,-9.188866049999945,BA,0,0.0,0.0,-9.25,-38.5,latm9p25_lonm38p50
EOLCVBA073748-8-01,Central Geradora Serra Grande IX,-38.399693009999964,-9.198091809999935,BA,0,0.0,0.0,-9.25,-38.5,latm9p25_lonm38p50
EOLCVBA073749-6-01,Central Geradora Serra Grande X,-38.35729419999996,-9.187599559999969,BA,0,0.0,0.0,-9.25,-38.25,latm9p25_lonm38p25
EOLCVBA073750-0-01,Central Geradora Serra Grande XI,-38.346857719999946,-9.180580439999972,BA,0,0.0,0.0,-9.25,-38.25,latm9p25_lonm38p25
EOLCVBA073751-8-01,Central Geradora Serra Grande XII,-38.33985228999995,-9.173974319999957,BA,0,0.0,0.0,-9.25,-38.25,latm9p25_lonm38p25
EOLCVBA073752-6-01,Central Geradora Serra Grande XIII,-38.36405832999998,-9.166501739999944,BA,0,0.0,0.0,-9.25,-38.25,latm9p25_lonm38p25
EOLCVBA073753-4-01,Central Geradora Serra Grande XIV,-38.36525005999994,-9.135698309999952,BA,0,0.0,0.0,-9.25,-38.25,latm9p25_lonm38p25
EOLCVBA073754-2-01,Central Geradora Serra Grande XV,-38.35207195999993,-9.11585858999996,BA,0,0.0,0.0,-9.0,-38.25,latm9p00_lonm38p25
EOLCVBA073755-0-01,Central Geradora Serra Grande XVI,-38.334137329999976,-9.10976642999998,BA,0,0.0,0.0,-9.0,-38.25,latm9p00_lonm38p25
EOLCVBA073756-9-01,Central Geradora Serra Grande XVII,-38.43613183999997,-9.226035009999976,BA,0,0.0,0.0,-9.25,-38.5,latm9p25_lonm38p50
EOLCVBA073875-1-01,Manacá 02,-40.32327212999997,-10.07608743999998,BA,0,0.0,0.0,-10.0,-40.25,latm10p00_lonm40p25
EOLCVBA073876-0-01,Manacá 03,-40.33695289999997,-10.09905379999998,BA,0,0.0,0.0,-10.0,-40.25,latm10p00_lonm40p25
EOLCVBA073877-8-01,Manacá 04,-40.34921495999998,-10.09205946999998,BA,0,0.0,0.0,-10.0,-40.25,latm10p00_lonm40p25
EOLCVBA073878-6-01,Manacá 05,-40.35879183999998,-10.104154689999971,BA,0,0.0,0.0,-10.0,-40.25,latm10p00_lonm40p25
EOLCVBA073879-4-01,Manacá 06,-40.31587727999994,-9.934577609999964,BA,0,0.0,0.0,-10.0,-40.25,latm10p00_lonm40p25
EOLCVBA073880-8-01,Manacá 07,-40.322848679999936,-9.95129652999998,BA,0,0.0,0.0,-10.0,-40.25,latm10p00_lonm40p25
EOLCVBA073881-6-01,Manacá 08,-40.32046979999996,-9.971678289999945,BA,0,0.0,0.0,-10.0,-40.25,latm10p00_lonm40p25
EOLCVBA073882-4-01,Manacá 09,-40.32549259999996,-9.99616298999996,BA,0,0.0,0.0,-10.0,-40.25,latm10p00_lonm40p25
EOLCVBA073883-2-01,Manacá 12,-40.35872581999996,-10.04480241999994,BA,0,0.0,0.0,-10.0,-40.25,latm10p00_lonm40p25
EOLCVBA073884-0-01,Manacá 13,-40.37732226999998,-10.05634471999997,BA,0,0.0,0.0,-10.0,-40.5,latm10p00_lonm40p50
EOLCVBA073885-9-01,Manacá 14,-40.39346085999995,-10.073149559999932,BA,0,0.0,0.0,-10.0,-40.5,latm10p00_lonm40p50
EOLCVBA073886-7-01,Manacá 15,-40.39605464999994,-10.094938859999957,BA,0,0.0,0.0,-10.0,-40.5,latm10p00_lonm40p50
EOLCVBA073887-5-01,Manacá 21,-40.412291169999946,-10.143858819999934,BA,0,0.0,0.0,-10.25,-40.5,latm10p25_lonm40p50
EOLCVBA073888-3-01,Manacá 23,-40.436067099999946,-10.179913229999954,BA,0,0.0,0.0,-10.25,-40.5,latm10p25_lonm40p50
EOLCVBA073889-1-01,Manacá 24,-40.41352779999994,-10.06974594999997,BA,0,0.0,0.0,-10.0,-40.5,latm10p00_lonm40p50
EOLCVBA073890-5-01,Manacá 25,-40.42532496999996,-10.080165809999926,BA,0,0.0,0.0,-10.0,-40.5,latm10p00_lonm40p50
EOLCVBA073891-3-01,Manacá 26,-40.420969199999945,-10.114688439999952,BA,0,0.0,0.0,-10.0,-40.5,latm10p00_lonm40p50
EOLCVBA073892-1-01,Manacá 27,-40.42955565999995,-10.135257639999963,BA,0,0.0,0.0,-10.25,-40.5,latm10p25_lonm40p50
EOLCVBA073893-0-01,Manacá 28,-40.44104672999998,-10.145912919999944,BA,0,0.0,0.0,-10.25,-40.5,latm10p25_lonm40p50
EOLCVBA073894-8-01,Manacá 29,-40.44537141999996,-10.16196113999996,BA,0,0.0,0.0,-10.25,-40.5,latm10p25_lonm40p50
EOLCVBA073895-6-01,Manacá 30,-40.45170601999996,-10.18036019999994,BA,0,0.0,0.0,-10.25,-40.5,latm10p25_lonm40p50
EOLCVBA073896-4-01,Manacá 31,-40.45780663999994,-10.19127353999994,BA,0,0.0,0.0,-10.25,-40.5,latm10p25_lonm40p50
EOLCVBA073897-2-01,Manacá 32,-40.42352939999995,-10.061863709999956,BA,0,0.0,0.0,-10.0,-40.5,latm10p00_lonm40p50
EOLCVBA073898-0-01,Manacá 33,-40.44337634999994,-10.074933569999928,BA,0,0.0,0.0,-10.0,-40.5,latm10p00_lonm40p50
EOLCVBA073899-9-01,Manacá 36,-40.45800770999995,-10.145051379999927,BA,0,0.0,0.0,-10.25,-40.5,latm10p25_lonm40p50
EOLCVBA073900-6-01,Manacá 37,-40.46363247999994,-10.167856649999976,BA,0,0.0,0.0,-10.25,-40.5,latm10p25_lonm40p50
EOLCVBA073901-4-01,Manacá 38,-40.47303513999998,-10.188872379999964,BA,0,0.0,0.0,-10.25,-40.5,latm10p25_lonm40p50
EOLCVBA073902-2-01,Manacá 41,-40.41429257999994,-9.987352399999963,BA,0,0.0,0.0,-10.0,-40.5,latm10p00_lonm40p50
EOLCVBA073903-0-01,Manacá 42,-40.42188743999998,-9.99708537999993,BA,0,0.0,0.0,-10.0,-40.5,latm10p00_lonm40p50
EOLCVBA073904-9-01,Manacá 43,-40.425391289999936,-10.009891849999974,BA,0,0.0,0.0,-10.0,-40.5,latm10p00_lonm40p50
EOLCVBA073905-7-01,Manacá 44,-40.40245950999997,-10.033516649999967,BA,0,0.0,0.0,-10.0,-40.5,latm10p00_lonm40p50
EOLCVBA073906-5-01,Manacá 45,-40.41115402999998,-10.04415832999996,BA,0,0.0,0.0,-10.0,-40.5,latm10p00_lonm40p50
EOLCVBA073907-3-01,Manacá 46,-40.43313541999999,-10.03262602999996,BA,0,0.0,0.0,-10.0,-40.5,latm10p00_lonm40p50
EOLCVBA073908-1-01,Manacá 48,-40.46183014999997,-10.06196794999994,BA,0,0.0,0.0,-10.0,-40.5,latm10p00_lonm40p50
EOLCVBA073910-3-01,Manacá 50,-40.47488766999993,-10.09851982999993,BA,0,0.0,0.0,-10.0,-40.5,latm10p00_lonm40p50
EOLCVBA073911-1-01,Manacá 51,-40.48113063999995,-10.120851869999967,BA,0,0.0,0.0,-10.0,-40.5,latm10p00_lonm40p50
EOLCVBA073912-0-01,Manacá 52,-40.493449329999976,-10.138599089999955,BA,0,0.0,0.0,-10.25,-40.5,latm10p25_lonm40p50
EOLCVBA073913-8-01,Manacá 53,-40.50069505999994,-10.160175399999956,BA,0,0.0,0.0,-10.25,-40.5,latm10p25_lonm40p50
EOLCVBA073914-6-01,Manacá 54,-40.50565029999996,-10.179619099999968,BA,0,0.0,0.0,-10.25,-40.5,latm10p25_lonm40p50
EOLCVBA073915-4-01,Manacá 55,-40.515972089999934,-10.191144529999974,BA,0,0.0,0.0,-10.25,-40.5,latm10p25_lonm40p50
EOLCVBA073916-2-01,Manacá 56,-40.52473880999997,-10.167207179999934,BA,0,0.0,0.0,-10.25,-40.5,latm10p25_lonm40p50
EOLCVBA073917-0-01,Manacá 57,-40.44911036999997,-10.018523719999962,BA,0,0.0,0.0,-10.0,-40.5,latm10p00_lonm40p50
EOLCVBA073918-9-01,Manacá 58,-40.46112371999993,-10.032648609999969,BA,0,0.0,0.0,-10.0,-40.5,latm10p00_lonm40p50
EOLCVBA073919-7-01,Manacá 59,-40.47919250999996,-10.046058759999935,BA,0,0.0,0.0,-10.0,-40.5,latm10p00_lonm40p50
EOLCVBA073920-0-01,Manacá 61,-40.49222258999998,-10.090313399999957,BA,0,0.0,0.0,-10.0,-40.5,latm10p00_lonm40p50
EOLCVBA073921-9-01,Manacá 62,-40.50234908999994,-10.10971588999996,BA,0,0.0,0.0,-10.0,-40.5,latm10p00_lonm40p50
EOLCVBA073922-7-01,Manacá 63,-40.51133122999994,-10.129982089999942,BA,0,0.0,0.0,-10.25,-40.5,latm10p25_lonm40p50
EOLCVBA073923-5-01,Manacá 64,-40.51836003999995,-10.149886199999967,BA,0,0.0,0.0,-10.25,-40.5,latm10p25_lonm40p50
EOLCVBA073924-3-01,Manacá 65,-40.43848302999993,-10.00196902999994,BA,0,0.0,0.0,-10.0,-40.5,latm10p00_lonm40p50
EOLCVBA073925-1-01,Manacá 67,-40.460669279999934,-9.990190369999937,BA,0,0.0,0.0,-10.0,-40.5,latm10p00_lonm40p50
EOLCVBA073926-0-01,Manacá 68,-40.46738175999997,-10.00829865999998,BA,0,0.0,0.0,-10.0,-40.5,latm10p00_lonm40p50
EOLCVBA073927-8-01,Manacá 69,-40.484577239999965,-10.018511789999934,BA,0,0.0,0.0,-10.0,-40.5,latm10p00_lonm40p50
EOLCVBA073928-6-01,Manacá 70,-40.47298731999996,-9.96880662999996,BA,0,0.0,0.0,-10.0,-40.5,latm10p00_lonm40p50
EOLCVBA073929-4-01,Manacá 71,-40.48361862999997,-9.984166629999947,BA,0,0.0,0.0,-10.0,-40.5,latm10p00_lonm40p50
EOLCVBA073930-8-01,Manacá 72,-40.49415008999995,-9.999400009999931,BA,0,0.0,0.0,-10.0,-40.5,latm10p00_lonm40p50
EOLCVBA073931-6-01,Manacá 73,-40.50459622999995,-10.011730919999934,BA,0,0.0,0.0,-10.0,-40.5,latm10p00_lonm40p50
EOLCVBA073932-4-01,Manacá 74,-40.49661917999998,-10.032607919999975,BA,0,0.0,0.0,-10.0,-40.5,latm10p00_lonm40p50
EOLCVBA073933-2-01,Manacá 75,-40.50751672999996,-10.047567629999946,BA,0,0.0,0.0,-10.0,-40.5,latm10p00_lonm40p50
EOLCVBA073934-0-01,Manacá 76,-40.517151669999976,-10.06348196999994,BA,0,0.0,0.0,-10.0,-40.5,latm10p00_lonm40p50
EOLCVBA073935-9-01,Manacá 77,-40.52566934999993,-10.080232869999977,BA,0,0.0,0.0,-10.0,-40.5,latm10p00_lonm40p50
EOLCVBA073936-7-01,Manacá 78,-40.53638818999997,-10.09532760999997,BA,0,0.0,0.0,-10.0,-40.5,latm10p00_lonm40p50
EOLCVBA073937-5-01,Manacá 79,-40.51154836999996,-10.025804259999973,BA,0,0.0,0.0,-10.0,-40.5,latm10p00_lonm40p50
EOLCVBA073938-3-01,Manacá 80,-40.523155309999936,-10.040226699999948,BA,0,0.0,0.0,-10.0,-40.5,latm10p00_lonm40p50
EOLCVBA073939-1-01,Manacá 83,-40.29024431999994,-10.097304849999944,BA,0,0.0,0.0,-10.0,-40.25,latm10p00_lonm40p25
EOLCVBA073940-5-01,Manacá 84,-40.299339919999966,-10.105895509999923,BA,0,0.0,0.0,-10.0,-40.25,latm10p00_lonm40p25
EOLCVBA073941-3-01,Manacá 86,-40.36036681999997,-10.135795539999949,BA,0,0.0,0.0,-10.25,-40.25,latm10p25_lonm40p25
EOLCVBA073942-1-01,Manacá 87,-40.37578647999993,-10.16074158999993,BA,0,0.0,0.0,-10.25,-40.5,latm10p25_lonm40p50
EOLCVBA073943-0-01,Manacá 88,-40.39042605999998,-10.179893999999932,BA,0,0.0,0.0,-10.25,-40.5,latm10p25_lonm40p50
EOLCVBA073944-8-01,Manacá 89,-40.405259359999945,-10.19285095999993,BA,0,0.0,0.0,-10.25,-40.5,latm10p25_lonm40p50
EOLCVBA073945-6-01,Manacá 91,-40.31834290999996,-10.136030159999962,BA,0,0.0,0.0,-10.25,-40.25,latm10p25_lonm40p25
EOLCVBA073946-4-01,Manacá 92,-40.30442932999995,-10.143690259999971,BA,0,0.0,0.0,-10.25,-40.25,latm10p25_lonm40p25
EOLCVBA073947-2-01,Manacá 93,-40.31630108999997,-10.179016089999948,BA,0,0.0,0.0,-10.25,-40.25,latm10p25_lonm40p25
EOLCVBA073948-0-01,Manacá 96,-40.21445991999997,-10.00192168999996,BA,0,0.0,0.0,-10.0,-40.25,latm10p00_lonm40p25
EOLCVBA073949-9-01,Manacá 97,-40.21653662999995,-10.032876099999951,BA,0,0.0,0.0,-10.0,-40.25,latm10p00_lonm40p25
EOLCVBA073950-2-01,Manacá 98,-40.200618179999935,-10.063091389999954,BA,0,0.0,0.0,-10.0,-40.25,latm10p00_lonm40p25
EOLCVBA073951-0-01,Manacá 99,-40.20794944999994,-10.076547269999937,BA,0,0.0,0.0,-10.0,-40.25,latm10p00_lonm40p25
EOLCVBA073952-9-01,Manacá 100,-40.20298927999994,-10.092290529999955,BA,0,0.0,0.0,-10.0,-40.25,latm10p00_lonm40p25
EOLCVBA073953-7-01,Manacá 101,-40.21287171999995,-10.116615119999947,BA,0,0.0,0.0,-10.0,-40.25,latm10p00_lonm40p25
EOLCVBA073954-5-01,Manacá 102,-40.21379039999994,-10.13523041999997,BA,0,0.0,0.0,-10.25,-40.25,latm10p25_lonm40p25
EOLCVBA073955-3-01,Manacá 103,-40.213680859999954,-10.154609079999943,BA,0,0.0,0.0,-10.25,-40.25,latm10p25_lonm40p25
EOLCVBA073959-6-01,Manacá 107,-40.191173309999954,-10.015371009999969,BA,0,0.0,0.0,-10.0,-40.25,latm10p00_lonm40p25
EOLCVBA073960-0-01,Manacá 108,-40.17255460999996,-10.041145809999932,BA,0,0.0,0.0,-10.0,-40.25,latm10p00_lonm40p25
EOLCVBA073961-8-01,Manacá 109,-40.17145446999996,-10.057417629999977,BA,0,0.0,0.0,-10.0,-40.25,latm10p00_lonm40p25
EOLCVBA073962-6-01,Manacá 111,-40.167419569999936,-10.10756491999996,BA,0,0.0,0.0,-10.0,-40.25,latm10p00_lonm40p25
EOLCVBA073963-4-01,Manacá 112,-40.14400578999994,-10.177792009999962,BA,0,0.0,0.0,-10.25,-40.25,latm10p25_lonm40p25
EOLCVBA073964-2-01,Manacá 113,-40.14425979999993,-10.205498169999942,BA,0,0.0,0.0,-10.25,-40.25,latm10p25_lonm40p25
EOLCVBA073965-0-01,Manacá 114,-40.32115057999994,-10.190814709999929,BA,0,0.0,0.0,-10.25,-40.25,latm10p25_lonm40p25
EOLCVBA073966-9-01,Manacá 116,-40.272655559999976,-10.16549860999993,BA,0,0.0,0.0,-10.25,-40.25,latm10p25_lonm40p25
EOLCVBA073967-7-01,Manacá 118,-40.27690693999995,-10.224637109999946,BA,0,0.0,0.0,-10.25,-40.25,latm10p25_lonm40p25
EOLCVBA073968-5-01,Manacá 119,-40.24483901999997,-10.18032661999996,BA,0,0.0,0.0,-10.25,-40.25,latm10p25_lonm40p25
EOLCVBA073969-3-01,Manacá 120,-40.24659766999997,-10.205394629999944,BA,0,0.0,0.0,-10.25,-40.25,latm10p25_lonm40p25
EOLCVBA074287-2-01,Granja I,-41.40762299999994,-10.52876299999997,BA,0,0.0,0.0,-10.5,-41.5,latm10p50_lonm41p50
EOLCVBA074288-0-01,Granja II,-41.38879299999997,-10.495837999999935,BA,0,0.0,0.0,-10.5,-41.5,latm10p50_lonm41p50
EOLCVBA074289-9-01,Granja III,-41.391133999999965,-10.545319999999949,BA,0,0.0,0.0,-10.5,-41.5,latm10p50_lonm41p50
EOLCVBA074290-2-01,Granja IV,-41.36695199999997,-10.516979999999933,BA,0,0.0,0.0,-10.5,-41.25,latm10p50_lonm41p25
EOLCVBA074291-0-01,Granja V,-41.33331399999997,-10.56643299999996,BA,0,0.0,0.0,-10.5,-41.25,latm10p50_lonm41p25
EOLCVBA074292-9-01,Granja VI,-41.34198399999997,-10.527143999999964,BA,0,0.0,0.0,-10.5,-41.25,latm10p50_lonm41p25
EOLCVBA074293-7-01,Granja VII,-41.30965199999997,-10.507491999999957,BA,0,0.0,0.0,-10.5,-41.25,latm10p50_lonm41p25
EOLCVBA074294-5-01,Granja VIII,-41.32723199999998,-10.48559899999998,BA,0,0.0,0.0,-10.5,-41.25,latm10p50_lonm41p25
EOLCVBA074295-3-01,Granja IX,-41.325309999999945,-10.44772699999993,BA,0,0.0,0.0,-10.5,-41.25,latm10p50_lonm41p25
EOLCVBA074296-1-01,Granja X,-41.332055999999966,-10.419604999999931,BA,0,0.0,0.0,-10.5,-41.25,latm10p50_lonm41p25
EOLCVBA074328-3-01,Gentio I-1,-42.73278199999993,-11.416099999999972,BA,0,0.0,0.0,-11.5,-42.75,latm11p50_lonm42p75
EOLCVBA074329-1-01,Gentio I-2,-42.698657999999966,-11.378491999999936,BA,0,0.0,0.0,-11.5,-42.75,latm11p50_lonm42p75
EOLCVBA074330-5-01,Gentio I-3,-42.74619999999993,-11.374327999999934,BA,0,0.0,0.0,-11.25,-42.75,latm11p25_lonm42p75
EOLCVBA074331-3-01,Gentio I-4,-42.72478999999999,-11.340228999999963,BA,0,0.0,0.0,-11.25,-42.75,latm11p25_lonm42p75
EOLCVBA074332-1-01,Gentio I-5,-42.76760799999994,-11.335994999999969,BA,0,0.0,0.0,-11.25,-42.75,latm11p25_lonm42p75
EOLCVBA074333-0-01,Gentio I-6,-42.69482899999997,-11.302077999999938,BA,0,0.0,0.0,-11.25,-42.75,latm11p25_lonm42p75
EOLCVBA074334-8-01,Gentio I-7,-42.74217199999998,-11.299968999999976,BA,0,0.0,0.0,-11.25,-42.75,latm11p25_lonm42p75
EOLCVBA074335-6-01,Gentio I-8,-42.77684799999997,-11.304951999999956,BA,0,0.0,0.0,-11.25,-42.75,latm11p25_lonm42p75
EOLCVBA074336-4-01,Gentio I-9,-42.71299699999997,-11.268494999999971,BA,0,0.0,0.0,-11.25,-42.75,latm11p25_lonm42p75
EOLCVBA074337-2-01,Gentio I-10,-42.76611699999995,-11.268272999999963,BA,0,0.0,0.0,-11.25,-42.75,latm11p25_lonm42p75
EOLCVBA074516-2,NH 1,-42.27832031299994,-12.770385741999974,BA,0,0.0,0.0,-12.75,-42.25,latm12p75_lonm42p25
EOLCVBA074517-0,NH 2,-42.23419189499998,-12.802612304999968,BA,0,0.0,0.0,-12.75,-42.25,latm12p75_lonm42p25
EOLCVBA074518-9,NH 3,-42.25378417999997,-12.832214354999962,BA,0,0.0,0.0,-12.75,-42.25,latm12p75_lonm42p25
EOLCVBA074519-7,NH 4,-42.21612548799993,-12.869079589999956,BA,0,0.0,0.0,-12.75,-42.25,latm12p75_lonm42p25
EOLCVBA074520-0,NH 5,-42.22241210899995,-12.91430664099994,BA,0,0.0,0.0,-13.0,-42.25,latm13p00_lonm42p25
EOLCVBA074521-9,NH 6,-42.20050048799993,-12.943908690999931,BA,0,0.0,0.0,-13.0,-42.25,latm13p00_lonm42p25
EOLCVBA074574-0-01,Verde Ventos 1,-44.10388183599997,-10.822998046999942,BA,0,0.0,0.0,-10.75,-44.0,latm10p75_lonm44p00
EOLCVBA074575-8-01,Verde Ventos 2,-44.081420897999976,-10.865112304999968,BA,0,0.0,0.0,-10.75,-44.0,latm10p75_lonm44p00
EOLCVBA074576-6-01,Verde Ventos 3,-44.06079101599994,-10.901794433999951,BA,0,0.0,0.0,-11.0,-44.0,latm11p00_lonm44p00
EOLCVBA074577-4-01,Verde Ventos 4,-44.04107665999993,-10.937622069999977,BA,0,0.0,0.0,-11.0,-44.0,latm11p00_lonm44p00
EOLCVBA074578-2-01,Verde Ventos 5,-44.02368164099994,-10.972106933999951,BA,0,0.0,0.0,-11.0,-44.0,latm11p00_lonm44p00
EOLCVBA074579-0-01,Verde Ventos 6,-44.00677490199996,-10.99719238299997,BA,0,0.0,0.0,-11.0,-44.0,latm11p00_lonm44p00
EOLCVBA074580-4-01,Verde Ventos 7,-43.98779296899994,-11.015075683999951,BA,0,0.0,0.0,-11.0,-44.0,latm11p00_lonm44p00
EOLCVBA074581-2-01,Verde Ventos 8,-43.949707030999946,-11.069580077999944,BA,0,0.0,0.0,-11.0,-44.0,latm11p00_lonm44p00
EOLCVBA074582-0-01,Verde Ventos 9,-43.93438720699993,-11.094909667999955,BA,0,0.0,0.0,-11.0,-44.0,latm11p00_lonm44p00
EOLCVBA074583-9-01,Verde Ventos 10,-43.91717529299996,-11.130310058999951,BA,0,0.0,0.0,-11.25,-44.0,latm11p25_lonm44p00
EOLCVBA074584-7-01,Gentio II-1,-42.789184569999975,-11.374389647999976,BA,0,0.0,0.0,-11.25,-42.75,latm11p25_lonm42p75
EOLCVBA074585-5-01,Gentio II-2,-42.79901122999996,-11.411376952999944,BA,0,0.0,0.0,-11.5,-42.75,latm11p50_lonm42p75
EOLCVBA074586-3-01,Gentio II-3,-42.76037597699997,-11.397827147999976,BA,0,0.0,0.0,-11.5,-42.75,latm11p50_lonm42p75
EOLCVBA074587-1-01,Gentio II-4,-42.744628905999946,-11.447998046999942,BA,0,0.0,0.0,-11.5,-42.75,latm11p50_lonm42p75
EOLCVBA074588-0-01,Gentio II-5,-42.78448486299993,-11.449584960999973,BA,0,0.0,0.0,-11.5,-42.75,latm11p50_lonm42p75
EOLCVBA074589-8-01,Morro II-1,-41.20660400399999,-11.257019042999955,BA,0,0.0,0.0,-11.25,-41.25,latm11p25_lonm41p25
EOLCVBA074590-1-01,Morro II-2,-41.20288085899995,-11.228881835999973,BA,0,0.0,0.0,-11.25,-41.25,latm11p25_lonm41p25
EOLCVBA074591-0-01,Morro II-3,-41.20111083999996,-11.203002929999968,BA,0,0.0,0.0,-11.25,-41.25,latm11p25_lonm41p25
EOLCVBA074592-8-01,Morro II-4,-41.19390869099993,-11.17797851599994,BA,0,0.0,0.0,-11.25,-41.25,latm11p25_lonm41p25
EOLCVBA074593-6-01,Morro II-5,-41.18591308599997,-11.15509033199993,BA,0,0.0,0.0,-11.25,-41.25,latm11p25_lonm41p25
EOLCVBA074901-0-01,Ventos de São Pascoal 1,-38.78070068399995,-9.511596679999968,BA,0,0.0,0.0,-9.5,-38.75,latm9p50_lonm38p75
EOLCVBA074902-8-01,Ventos de São Pascoal 15,-38.82897949199997,-9.708312987999932,BA,0,0.0,0.0,-9.75,-38.75,latm9p75_lonm38p75
EOLCVBA074903-6-01,Ventos de São Pascoal 14,-38.82067871099997,-9.695922851999969,BA,0,0.0,0.0,-9.75,-38.75,latm9p75_lonm38p75
EOLCVBA074904-4-01,Ventos de São Pascoal 13,-38.81311035199997,-9.68310546899994,BA,0,0.0,0.0,-9.75,-38.75,latm9p75_lonm38p75
EOLCVBA074905-2-01,Ventos de São Pascoal 12,-38.82189941399997,-9.667297362999932,BA,0,0.0,0.0,-9.75,-38.75,latm9p75_lonm38p75
EOLCVBA074906-0-01,Ventos de São Pascoal 11,-38.81518554699994,-9.65380859399994,BA,0,0.0,0.0,-9.75,-38.75,latm9p75_lonm38p75
EOLCVBA074907-9-01,Ventos de São Pascoal 10,-38.80841064499998,-9.640197753999928,BA,0,0.0,0.0,-9.75,-38.75,latm9p75_lonm38p75
EOLCVBA074908-7-01,Ventos de São Pascoal 9,-38.804809569999975,-9.62579345699993,BA,0,0.0,0.0,-9.75,-38.75,latm9p75_lonm38p75
EOLCVBA074909-5-01,Ventos de São Pascoal 7,-38.79229736299993,-9.598876952999944,BA,0,0.0,0.0,-9.5,-38.75,latm9p50_lonm38p75
EOLCVBA074910-9-01,Ventos de São Pascoal 6,-38.78820800799997,-9.584594726999969,BA,0,0.0,0.0,-9.5,-38.75,latm9p50_lonm38p75
EOLCVBA074911-7-01,Ventos de São Pascoal 5,-38.78540039099994,-9.57000732399996,BA,0,0.0,0.0,-9.5,-38.75,latm9p50_lonm38p75
EOLCVBA074912-5-01,Ventos de São Pascoal 4,-38.78289794899996,-9.555419921999942,BA,0,0.0,0.0,-9.5,-38.75,latm9p50_lonm38p75
EOLCVBA074913-3-01,Ventos de São Pascoal 3,-38.78009033199993,-9.54071044899996,BA,0,0.0,0.0,-9.5,-38.75,latm9p50_lonm38p75
EOLCVBA074914-1-01,Ventos de São Pascoal 2,-38.78198242199994,-9.52630615199996,BA,0,0.0,0.0,-9.5,-38.75,latm9p50_lonm38p75
EOLCVBA074915-0-01,Ventos de São Pascoal 8,-38.799499511999954,-9.611999511999954,BA,0,0.0,0.0,-9.5,-38.75,latm9p50_lonm38p75
EOLCVBA074916-8,Ventos de São Matheus 01,-41.51989746099997,-8.984008788999972,BA,0,0.0,0.0,-9.0,-41.5,latm9p00_lonm41p50
EOLCVBA074917-6,Ventos de São Matheus 02,-41.53381347699997,-9.019104003999928,BA,0,0.0,0.0,-9.0,-41.5,latm9p00_lonm41p50
EOLCVBA074918-4,Ventos de São Matheus 03,-41.53997802699996,-9.039428710999973,BA,0,0.0,0.0,-9.0,-41.5,latm9p00_lonm41p50
EOLCVBA074920-6,Ventos de São Matheus 05,-41.42169189499998,-9.08618164099994,BA,0,0.0,0.0,-9.0,-41.5,latm9p00_lonm41p50
EOLCVBA074922-2,Ventos de São Matheus 07,-41.44061279299996,-9.169128417999955,BA,0,0.0,0.0,-9.25,-41.5,latm9p25_lonm41p50
EOLCVBA074923-0,Ventos de São Matheus 08,-41.45471191399997,-9.215393065999931,BA,0,0.0,0.0,-9.25,-41.5,latm9p25_lonm41p50
EOLCVBA074924-9,Ventos de São Matheus 09,-41.46099853499993,-9.246093749999943,BA,0,0.0,0.0,-9.25,-41.5,latm9p25_lonm41p50
EOLCVBA074925-7,Ventos de São Matheus 10,-41.50140380899995,-9.281188964999956,BA,0,0.0,0.0,-9.25,-41.5,latm9p25_lonm41p50
EOLCVBA074926-5,Ventos de São Matheus 11,-41.48901367199994,-9.31329345699993,BA,0,0.0,0.0,-9.25,-41.5,latm9p25_lonm41p50
EOLCVBA074927-3,Ventos de São Matheus 12,-41.50360107399996,-9.359374999999943,BA,0,0.0,0.0,-9.25,-41.5,latm9p25_lonm41p50
EOLCVBA074928-1,Ventos de São Matheus 13,-41.51678466799996,-9.387390136999954,BA,0,0.0,0.0,-9.5,-41.5,latm9p50_lonm41p50
EOLCVBA074929-0,Ventos de São Matheus 14,-41.525878905999946,-9.364685058999951,BA,0,0.0,0.0,-9.25,-41.5,latm9p25_lonm41p50
EOLCVBA074930-3,Ventos de Santa Dulce 01,-38.58111572299998,-8.971984862999932,BA,0,0.0,0.0,-9.0,-38.5,latm9p00_lonm38p50
EOLCVBA074931-1,Ventos de Santa Dulce 02,-38.62921142599998,-9.001525878999928,BA,0,0.0,0.0,-9.0,-38.75,latm9p00_lonm38p75
EOLCVBA074932-0,Ventos de Santa Dulce 03,-38.641113280999946,-9.030578612999932,BA,0,0.0,0.0,-9.0,-38.75,latm9p00_lonm38p75
EOLCVBA074933-8,Ventos de Santa Dulce 04,-38.66979980499997,-9.05438232399996,BA,0,0.0,0.0,-9.0,-38.75,latm9p00_lonm38p75
EOLCVBA074934-6,Ventos de Santa Dulce 05,-38.65588378899997,-9.087524413999972,BA,0,0.0,0.0,-9.0,-38.75,latm9p00_lonm38p75
EOLCVBA074957-5,Ventos De São Melquiades 01,-38.81811523399995,-10.360900878999928,BA,0,0.0,0.0,-10.25,-38.75,latm10p25_lonm38p75
EOLCVBA074958-3,Ventos De São Melquiades 02,-38.81750488299997,-10.375610351999969,BA,0,0.0,0.0,-10.5,-38.75,latm10p50_lonm38p75
EOLCVBA074959-1,Ventos De São Melquiades 03,-38.837280272999976,-10.383789062999938,BA,0,0.0,0.0,-10.5,-38.75,latm10p50_lonm38p75
EOLCVBA074960-5,Ventos De São Melquiades 04,-38.83367919899996,-10.40521240199996,BA,0,0.0,0.0,-10.5,-38.75,latm10p50_lonm38p75
EOLCVBA074961-3,Ventos De São Melquiades 05,-38.84008789099994,-10.42211914099994,BA,0,0.0,0.0,-10.5,-38.75,latm10p50_lonm38p75
EOLCVBA074962-1,Ventos De São Melquiades 06,-38.832702636999954,-10.442993163999972,BA,0,0.0,0.0,-10.5,-38.75,latm10p50_lonm38p75
EOLCVBA074963-0,Ventos De São Melquiades 07,-38.83648681599993,-10.464111327999944,BA,0,0.0,0.0,-10.5,-38.75,latm10p50_lonm38p75
EOLCVBA074964-8,Ventos De São Melquiades 08,-38.83709716799996,-10.481201171999942,BA,0,0.0,0.0,-10.5,-38.75,latm10p50_lonm38p75
EOLCVBA074965-6,Ventos De São Melquiades 09,-38.83679199199997,-10.50109863299997,BA,0,0.0,0.0,-10.5,-38.75,latm10p50_lonm38p75
EOLCVBA074966-4,Ventos De São Melquiades 10,-38.838378905999946,-10.517700194999977,BA,0,0.0,0.0,-10.5,-38.75,latm10p50_lonm38p75
EOLCVBA075003-4-01,Ventos De Santa Celina 08,-40.48439944999996,-10.89793069999996,BA,0,0.0,0.0,-11.0,-40.5,latm11p00_lonm40p50
EOLCVBA075004-2-01,Ventos De Santa Celina 09,-40.49041747999996,-10.911499022999976,BA,0,0.0,0.0,-11.0,-40.5,latm11p00_lonm40p50
EOLCVBA075005-0-01,Ventos De Santa Celina 10,-40.50030517599998,-10.923400878999928,BA,0,0.0,0.0,-11.0,-40.5,latm11p00_lonm40p50
EOLCVBA075006-9-01,Ventos De Santa Celina 11,-40.51031494099993,-10.935302733999947,BA,0,0.0,0.0,-11.0,-40.5,latm11p00_lonm40p50
EOLCVBA075007-7-01,Ventos De Santa Celina 12,-40.512390136999954,-10.95318603499993,BA,0,0.0,0.0,-11.0,-40.5,latm11p00_lonm40p50
EOLCVBA075301-7-01,Oitis 23,-41.69211299999995,-9.01869899999997,BA,0,0.0,0.0,-9.0,-41.75,latm9p00_lonm41p75
EOLCVBA075302-5-01,Oitis 24,-41.69743899999997,-9.026527999999928,BA,0,0.0,0.0,-9.0,-41.75,latm9p00_lonm41p75
EOLCVBA075303-3-01,Oitis 25,-41.70683299999996,-9.05463199999997,BA,0,0.0,0.0,-9.0,-41.75,latm9p00_lonm41p75
EOLCVBA075304-1-01,Oitis 26,-41.73559599999993,-9.099568999999974,BA,0,0.0,0.0,-9.0,-41.75,latm9p00_lonm41p75
EOLCVBA075305-0-01,Oitis 27,-41.711419999999976,-9.120372999999972,BA,0,0.0,0.0,-9.0,-41.75,latm9p00_lonm41p75
EOLCVBA075306-8-01,Oitis 28,-41.721776999999975,-9.133473999999978,BA,0,0.0,0.0,-9.25,-41.75,latm9p25_lonm41p75
EOLCVCE002801-0-01,Taíba,-38.933888888999945,-3.495277777999945,CE,10,5.0,5.0,-3.5,-39.0,latm3p50_lonm39p00
EOLCVCE028174-3-01,Beberibe,-38.07655968399996,-4.193630723999945,CE,32,25.6,25.6,-4.25,-38.0,latm4p25_lonm38p00
EOLCVCE028375-4-01,Mucuripe,-38.47109999999998,-3.7052999999999656,CE,0,0.0,0.0,-3.75,-38.5,latm3p75_lonm38p50
EOLCVCE028440-8-01,Praia do Morgado,-40.23487495299997,-2.815097861999959,CE,19,30.020000000000003,28.8002,-2.75,-40.25,latm2p75_lonm40p25
EOLCVCE028441-6-01,Volta do Rio,-39.96593730599994,-2.8513430349999567,CE,28,42.0,42.0,-2.75,-40.0,latm2p75_lonm40p00
EOLCVCE028630-3-01,Foz do Rio Choró,-38.150277777999975,-4.125555555999938,CE,12,25.200000000000003,25.200000000000003,-4.25,-38.25,latm4p25_lonm38p25
EOLCVCE028631-1-01,Praia Formosa,-41.03924764699997,-2.9050973319999684,CE,50,105.0,105.0,-3.0,-41.0,latm3p00_lonm41p00
EOLCVCE028649-4-01,Canoa Quebrada,-37.695277777999934,-4.535833332999971,CE,28,10.5,10.5,-4.5,-37.75,latm4p50_lonm37p75
EOLCVCE028652-4-01,Lagoa do Mato,-37.637663722999946,-4.589142855999967,CE,8,3.23,3.23,-4.5,-37.75,latm4p50_lonm37p75
EOLCVCE028699-0-01,Icaraizinho,-39.67407145699997,-3.017865135999955,CE,26,54.6,54.599999999999994,-3.0,-39.75,latm3p00_lonm39p75
EOLCVCE028706-7-01,Paracuru,-38.96196719299997,-3.4314743769999723,CE,10,25.200000000000003,25.200000000000003,-3.5,-39.0,latm3p50_lonm39p00
EOLCVCE028724-5-01,Praias de Parajuru,-37.883888888999934,-4.363055555999949,CE,19,28.804000000000002,28.804000000000002,-4.25,-38.0,latm4p25_lonm38p00
EOLCVCE028770-9-01,Enacel,-37.76072835699995,-4.509917387999963,CE,15,31.5,29.4,-4.5,-37.75,latm4p50_lonm37p75
EOLCVCE028788-1-01,Canoa Quebrada,-37.75771695499998,-4.467050374999928,CE,28,57.0,57.0,-4.5,-37.75,latm4p50_lonm37p75
EOLCVCE028857-8-01,Taíba Águia,-38.88874255299993,-3.544760080999936,CE,11,23.1,23.1,-3.5,-39.0,latm3p50_lonm39p00
EOLCVCE028858-6-01,Taíba Albatroz,-38.916391802999954,-3.510289082999975,CE,8,16.5,16.5,-3.5,-39.0,latm3p50_lonm39p00
EOLCVCE028887-0-01,Bons Ventos,-37.75955651399994,-4.447197466999967,CE,24,50.0,50.0,-4.5,-37.75,latm4p50_lonm37p75
EOLCVCE029958-8-01,Enerce Pindoretama,-38.29694444399996,-4.043055555999956,CE,0,0.0,0.0,-4.0,-38.25,latm4p00_lonm38p25
EOLCVCE030279-1-01,Buriti,-39.98390256399995,-2.8852600719999373,CE,20,30.0,30.0,-3.0,-40.0,latm3p00_lonm40p00
EOLCVCE030282-1-01,Coqueiros,-39.97209897099998,-2.885546632999933,CE,18,27.0,27.0,-3.0,-40.0,latm3p00_lonm40p00
EOLCVCE030289-9-01,Icaraí,-39.62090699099997,-3.027409112999976,CE,8,16.8,16.8,-3.0,-39.5,latm3p00_lonm39p50
EOLCVCE030294-5-01,Cajucoco,-39.95443754099995,-2.9158910119999746,CE,20,30.0,30.0,-3.0,-40.0,latm3p00_lonm40p00
EOLCVCE030295-3-01,Colônia,-38.87840271199997,-3.542160215999957,CE,9,18.900000000000002,18.9,-3.5,-39.0,latm3p50_lonm39p00
EOLCVCE030299-6-01,Dunas de Paracuru,-38.98536818099996,-3.436743708999927,CE,21,42.0,42.0,-3.5,-39.0,latm3p50_lonm39p00
EOLCVCE030309-7-01,Faísa V,-39.26209818199993,-3.3699447429999623,CE,14,29.400000000000002,29.4,-3.25,-39.25,latm3p25_lonm39p25
EOLCVCE030329-1-01,Faísa IV,-39.26705406199994,-3.3220648279999523,CE,12,25.200000000000003,25.2,-3.25,-39.25,latm3p25_lonm39p25
EOLCVCE030331-3-01,Faísa II,-39.23959592899996,-3.318764147999957,CE,13,27.3,27.299999999999997,-3.25,-39.25,latm3p25_lonm39p25
EOLCVCE030332-1-01,Faísa III,-39.26524944499994,-3.3478202189999706,CE,12,25.200000000000003,25.2,-3.25,-39.25,latm3p25_lonm39p25
EOLCVCE030336-4-01,Embuaca,-39.328841876999945,-3.214709364999976,CE,13,27.3,27.299999999999997,-3.25,-39.25,latm3p25_lonm39p25
EOLCVCE030352-6-01,Faísa I,-39.26714606799993,-3.321799763999934,CE,14,29.400000000000002,29.4,-3.25,-39.25,latm3p25_lonm39p25
EOLCVCE030356-9-01,Icaraí II,-39.59692931799998,-3.06602272899994,CE,18,37.800000000000004,37.8,-3.0,-39.5,latm3p00_lonm39p50
EOLCVCE030369-0-01,Quixaba,-37.68847222299996,-4.563388887999963,CE,17,25.5,25.5,-4.5,-37.75,latm4p50_lonm37p75
EOLCVCE030372-0-01,Icaraí I,-39.59486113599996,-3.081183482999961,CE,13,27.3,27.299999999999997,-3.0,-39.5,latm3p00_lonm39p50
EOLCVCE030373-9-01,Taíba Andorinha,-38.898459840999976,-3.5283097599999564,CE,7,14.700000000000001,14.7,-3.5,-39.0,latm3p50_lonm39p00
EOLCVCE030582-0-01,Ventos do Morro do Chapéu,-41.175095124999984,-3.87809694799995,CE,15,27.51,27.509999999999998,-4.0,-41.25,latm4p00_lonm41p25
EOLCVCE030584-7-01,Ventos de Tianguá Norte,-41.19694609399994,-3.894430283999952,CE,16,29.12,29.12,-4.0,-41.25,latm4p00_lonm41p25
EOLCVCE030585-5-01,Ventos de Tianguá,-41.15337075399998,-3.8795268799999576,CE,15,27.75,27.75,-4.0,-41.25,latm4p00_lonm41p25
EOLCVCE030595-2-01,Vento Formoso,-41.183383601999935,-3.853006634999929,CE,15,27.51,27.51,-3.75,-41.25,latm3p75_lonm41p25
EOLCVCE030596-0-01,Ventos do Parazinho,-41.18562645299994,-3.88877346299995,CE,16,29.12,29.12,-4.0,-41.25,latm4p00_lonm41p25
EOLCVCE030656-8-01,Mundaú,-39.37464300899995,-3.1935865569999464,CE,13,30.003999999999998,30.003999999999998,-3.25,-39.25,latm3p25_lonm39p25
EOLCVCE030662-2-01,Trairí,-39.28999999999997,-3.2216666669999654,CE,11,25.387999999999998,25.387999999999998,-3.25,-39.25,latm3p25_lonm39p25
EOLCVCE030663-0-01,Guajirú,-39.21588688299994,-3.2631519939999407,CE,13,30.003999999999998,30.003999999999998,-3.25,-39.25,latm3p25_lonm39p25
EOLCVCE030670-3-01,Fleixeiras I,-39.364714541999945,-3.201070467999955,CE,13,30.003999999999998,30.003999999999998,-3.25,-39.25,latm3p25_lonm39p25
EOLCVCE030691-6-01,Ilha Grande,-39.70258815499994,-3.0665561089999755,CE,11,29.700000000000003,29.7,-3.0,-39.75,latm3p00_lonm39p75
EOLCVCE030695-9-01,Ribeirão,-39.67855224999994,-3.098249052999961,CE,2,21.6,21.6,-3.0,-39.75,latm3p00_lonm39p75
EOLCVCE030697-5-01,Boca do Córrego,-39.66628265399993,-3.0984117979999724,CE,9,24.3,24.3,-3.0,-39.75,latm3p00_lonm39p75
EOLCVCE030841-2-01,Malhadinha I,-41.12303535899997,-3.946613494999952,CE,11,23.1,23.1,-4.0,-41.0,latm4p00_lonm41p00
EOLCVCE030895-1-01,Caiçara I,-36.914708864999966,-4.997720561999927,RN,9,27.0,27.0,-5.0,-37.0,latm5p00_lonm37p00
EOLCVCE030902-8-01,Junco I,-36.914616181999975,-5.025102465999964,RN,8,24.0,24.0,-5.0,-37.0,latm5p00_lonm37p00
EOLCVCE030907-9-01,Jandaia I,-37.87085676899994,-4.427428936999945,CE,8,24.0,24.0,-4.5,-37.75,latm4p50_lonm37p75
EOLCVCE030911-7-01,São Jorge,-39.250229564999984,-3.2470163559999605,CE,12,24.0,24.0,-3.25,-39.25,latm3p25_lonm39p25
EOLCVCE030912-5-01,São Cristóvão,-39.248342854999976,-3.2602962629999297,CE,13,26.0,24.0,-3.25,-39.25,latm3p25_lonm39p25
EOLCVCE030914-1-01,Junco II,-36.914573591999954,-5.0123500809999655,RN,8,24.0,24.0,-5.0,-37.0,latm5p00_lonm37p00
EOLCVCE030915-0-01,Caiçara II,-36.92874962399998,-4.987666541999943,RN,6,18.0,18.0,-5.0,-37.0,latm5p00_lonm37p00
EOLCVCE030916-8-01,Santo Antônio de Pádua,-39.224673103999976,-3.2732610239999644,CE,7,14.0,14.0,-3.25,-39.25,latm3p25_lonm39p25
EOLCVCE030918-4-01,Ubatuba,-37.612293242999954,-4.656561374999967,CE,6,12.600000000000001,12.6,-4.75,-37.5,latm4p75_lonm37p50
EOLCVCE030920-6-01,Goiabeira,-37.71394729599996,-4.592101573999969,CE,11,23.1,23.1,-4.5,-37.75,latm4p50_lonm37p75
EOLCVCE030921-4-01,São Januário,-37.809334846999946,-4.499835706999932,CE,7,21.0,21.0,-4.5,-37.75,latm4p50_lonm37p75
EOLCVCE030924-9-01,Santa Catarina,-37.68202590899995,-4.594472884999959,CE,9,18.900000000000002,18.9,-4.5,-37.75,latm4p50_lonm37p75
EOLCVCE030925-7-01,Ventos de Horizonte,-37.690357207999966,-4.622811316999957,CE,8,16.8,16.8,-4.5,-37.75,latm4p50_lonm37p75
EOLCVCE030926-5-01,Pitombeira,-37.64888381999998,-4.600608825999927,CE,13,27.3,27.299999999999997,-4.5,-37.75,latm4p50_lonm37p75
EOLCVCE030927-3-01,São Clemente,-37.83936946099993,-4.439310435999971,CE,7,21.0,21.0,-4.5,-37.75,latm4p50_lonm37p75
EOLCVCE030929-0-01,Jandaia,-37.816219375999935,-4.432987465999929,CE,9,27.0,27.0,-4.5,-37.75,latm4p50_lonm37p75
EOLCVCE030930-3-01,Nossa Senhora de Fátima,-37.86772949799996,-4.451212536999947,CE,10,30.0,30.0,-4.5,-37.75,latm4p50_lonm37p75
EOLCVCE031482-0-01,Itarema V,-39.879473849999954,-2.966489644999968,CE,7,21.0,21.0,-3.0,-40.0,latm3p00_lonm40p00
EOLCVCE031483-8-01,Itarema II,-39.86165057699998,-2.9211287509999693,CE,9,27.0,27.0,-3.0,-39.75,latm3p00_lonm39p75
EOLCVCE031484-6-01,Itarema III,-39.83686448999998,-2.94757126199994,CE,5,15.0,15.0,-3.0,-39.75,latm3p00_lonm39p75
EOLCVCE031485-4-01,Itarema I,-39.84065177699995,-2.922546881999949,CE,9,27.0,27.0,-3.0,-39.75,latm3p00_lonm39p75
EOLCVCE031579-6-01,Bons Ventos Cacimbas 5,-41.02818691199997,-3.92388987499993,CE,10,21.0,21.0,-4.0,-41.0,latm4p00_lonm41p00
EOLCVCE031611-3-01,Bons Ventos Cacimbas 7,-41.03818189499998,-3.86612299199993,CE,8,16.8,16.8,-3.75,-41.0,latm3p75_lonm41p00
EOLCVCE031621-0-01,Bons Ventos Cacimbas 4,-41.02664628399998,-3.93213177499996,CE,5,10.5,10.5,-4.0,-41.0,latm4p00_lonm41p00
EOLCVCE031627-0-01,Bons Ventos Cacimbas 3,-41.02025837799994,-3.867378053999971,CE,7,14.700000000000001,14.7,-3.75,-41.0,latm3p75_lonm41p00
EOLCVCE031644-0-01,Bons Ventos Cacimbas 2,-41.04010509499994,-3.888423160999935,CE,11,23.1,23.1,-4.0,-41.0,latm4p00_lonm41p00
EOLCVCE031698-9-01,Pedra Cheirosa II,-39.730654914999946,-3.00076654399993,CE,11,23.1,23.1,-3.0,-39.75,latm3p00_lonm39p75
EOLCVCE031736-5-01,Pedra Cheirosa,-39.73369636499996,-2.997515337999971,CE,12,25.200000000000003,25.2,-3.0,-39.75,latm3p00_lonm39p75
EOLCVCE031746-2-01,Ventos de Santo Augusto I,-40.67521794199996,-7.742957009999941,PI,8,18.4,18.4,-7.75,-40.75,latm7p75_lonm40p75
EOLCVCE031747-0-01,Ventos de Santo Augusto II,-40.67857470299998,-7.772552056999928,PI,12,27.599999999999998,27.599999999999998,-7.75,-40.75,latm7p75_lonm40p75
EOLCVCE031813-2-01,Itarema IV,-39.87566360599993,-2.929141447999939,CE,7,21.0,21.0,-3.0,-40.0,latm3p00_lonm40p00
EOLCVCE031814-0-01,Itarema IX,-39.901165988999935,-2.948142299999972,CE,10,30.0,30.0,-3.0,-40.0,latm3p00_lonm40p00
EOLCVCE031815-9-01,Itarema VI,-39.87574636599993,-2.928827166999952,CE,8,24.0,24.0,-3.0,-40.0,latm3p00_lonm40p00
EOLCVCE031816-7-01,Itarema VII,-39.87738591699997,-2.95398303099995,CE,7,21.0,21.0,-3.0,-40.0,latm3p00_lonm40p00
EOLCVCE031817-5-01,Itarema VIII,-39.892790899999966,-2.98120401999995,CE,7,21.0,21.0,-3.0,-40.0,latm3p00_lonm40p00
EOLCVCE031866-3-01,Santo Inácio IV,-37.30751910699996,-4.747572766999952,CE,11,23.1,23.1,-4.75,-37.25,latm4p75_lonm37p25
EOLCVCE031886-8-01,Ventos de Santo Onofre III,-40.72568003999993,-7.55500829999994,PI,15,30.0,30.0,-7.5,-40.75,latm7p50_lonm40p75
EOLCVCE032010-2-01,Estrela,-39.29431548099996,-3.247964657999944,CE,11,29.700000000000003,29.700000000000003,-3.25,-39.25,latm3p25_lonm39p25
EOLCVCE032011-0-01,Cacimbas 1,-39.28094594299995,-3.2532368719999454,CE,7,18.900000000000002,18.9,-3.25,-39.25,latm3p25_lonm39p25
EOLCVCE032012-9-01,Ouro Verde,-39.30611638999994,-3.279224443999965,CE,11,29.700000000000003,29.700000000000003,-3.25,-39.25,latm3p25_lonm39p25
EOLCVCE032013-7-01,Santa Mônica I,-39.28158583099997,-3.2596772149999538,CE,7,18.900000000000002,18.9,-3.25,-39.25,latm3p25_lonm39p25
EOLCVCE032398-5-01,Ventos de Icapuí,-37.36311442999994,-4.823930516999951,CE,7,21.0,21.0,-4.75,-37.25,latm4p75_lonm37p25
EOLCVCE032401-9-01,São Felício,-37.39610232499996,-4.845911748999981,CE,8,24.0,24.0,-4.75,-37.5,latm4p75_lonm37p50
EOLCVCE032480-9-01,San Francisco II,-39.158717870999965,-3.3706061339999565,CE,9,28.349999999999998,28.349999999999998,-3.25,-39.25,latm3p25_lonm39p25
EOLCVCE032481-7-01,Mutamba II,-37.42137478499996,-4.674781970999959,CE,4,22.0,22.0,-4.75,-37.5,latm4p75_lonm37p50
EOLCVCE032482-5-01,Mutamba III,-37.41185133499994,-4.68126254699996,CE,7,38.5,38.5,-4.75,-37.5,latm4p75_lonm37p50
EOLCVCE032483-3-01,Mutamba IV,-37.40126333599994,-4.696033117999946,CE,6,33.0,33.0,-4.75,-37.5,latm4p75_lonm37p50
EOLCVCE032484-1-01,Mutamba V,-37.38141589899993,-4.707824774999949,CE,4,22.0,22.0,-4.75,-37.5,latm4p75_lonm37p50
EOLCVCE032485-0-01,Kairós Wind 1,-37.41167587399997,-4.722906319999936,CE,8,36.0,36.0,-4.75,-37.5,latm4p75_lonm37p50
EOLCVCE032486-8-01,Mutamba VII,-37.36425040699993,-4.724966394999967,CE,1,5.5,5.5,-4.75,-37.25,latm4p75_lonm37p25
EOLCVCE032931-2-01,Santa Clara I,-40.92752743899996,-4.113179561999971,CE,7,31.5,31.5,-4.0,-41.0,latm4p00_lonm41p00
EOLCVCE032932-0-01,Santa Clara III,-40.956585245999975,-4.105721617999961,CE,7,31.5,31.5,-4.0,-41.0,latm4p00_lonm41p00
EOLCVCE032933-9-01,Santa Clara IV,-40.95514889699996,-4.12228031199993,CE,7,31.5,31.5,-4.0,-41.0,latm4p00_lonm41p00
EOLCVCE032934-7-01,Santa Clara V,-40.969493968999984,-4.126214061999974,CE,7,31.5,31.5,-4.25,-41.0,latm4p25_lonm41p00
EOLCVCE032935-5-01,Santa Clara VI,-40.97828976199997,-4.118235664999929,CE,7,31.5,31.5,-4.0,-41.0,latm4p00_lonm41p00
EOLCVCE032936-3-01,Santa Clara VII,-40.97905218799997,-4.109743825999942,CE,6,27.0,27.0,-4.0,-41.0,latm4p00_lonm41p00
EOLCVCE032937-1-01,Santa Clara VIII,-40.99034595399996,-4.114290614999959,CE,7,31.5,31.5,-4.0,-41.0,latm4p00_lonm41p00
EOLCVCE033756-0-01,Cataventos Acaraú I,-40.066143076999936,-2.8414423929999657,CE,14,28.0,28.0,-2.75,-40.0,latm2p75_lonm40p00
EOLCVCE034748-5-01,Ventos de Santa Rosália 01,-41.19715772999996,-3.7621343819999424,CE,10,42.0,42.0,-3.75,-41.25,latm3p75_lonm41p25
EOLCVCE034749-3-01,Ventos de Santa Rosália 02,-41.19437857199995,-3.784308218999968,CE,10,42.0,42.0,-3.75,-41.25,latm3p75_lonm41p25
EOLCVCE035197-0-01,Garrote,-37.32371764799996,-4.735910873999956,CE,11,23.1,23.1,-4.75,-37.25,latm4p75_lonm37p25
EOLCVCE035217-9-01,Santo Inácio III,-37.29142969299994,-4.765953073999981,CE,14,29.400000000000002,29.4,-4.75,-37.25,latm4p75_lonm37p25
EOLCVCE035219-5-01,São Raimundo,-37.29072471599994,-4.781287719999966,CE,11,23.1,23.1,-4.75,-37.25,latm4p75_lonm37p25
EOLCVCE038055-5-01,Serra da Ibiapaba I,-41.035488285999975,-4.112286712999946,CE,8,44.0,44.0,-4.0,-41.0,latm4p00_lonm41p00
EOLCVCE038056-3-01,Serra da Ibiapaba II,-41.02675061699995,-4.132172554999954,CE,8,44.0,44.0,-4.25,-41.0,latm4p25_lonm41p00
EOLCVCE038057-1-01,Serra da Ibiapaba III,-41.03036751299993,-4.148708648999957,CE,8,44.0,44.0,-4.25,-41.0,latm4p25_lonm41p00
EOLCVCE038058-0-01,Serra da Ibiapaba IV,-41.022653960999946,-4.164161839999963,CE,9,49.5,49.5,-4.25,-41.0,latm4p25_lonm41p00
EOLCVCE038059-8-01,Serra da Ibiapaba V,-41.02474685399994,-4.193712147999975,CE,9,49.5,49.5,-4.25,-41.0,latm4p25_lonm41p00
EOLCVCE038060-1-01,Serra da Ibiapaba VI,-41.04900856299997,-4.166796817999966,CE,7,38.5,38.5,-4.25,-41.0,latm4p25_lonm41p00
EOLCVCE038061-0-01,Serra da Ibiapaba VII,-41.06373498599993,-4.18550020899994,CE,8,44.0,44.0,-4.25,-41.0,latm4p25_lonm41p00
EOLCVCE038062-8-01,Serra da Ibiapaba VIII,-40.995518724999954,-4.180568993999941,CE,7,38.5,38.5,-4.25,-41.0,latm4p25_lonm41p00
EOLCVCE038063-6-01,Serra da Ibiapaba IX,-40.99065738199994,-4.195382133999942,CE,6,33.0,33.0,-4.25,-41.0,latm4p25_lonm41p00
EOLCVCE040794-1-01,Gravier,-37.33627219599998,-4.755265879999968,CE,17,71.4,71.4,-4.75,-37.25,latm4p75_lonm37p25
EOLCVCE040878-6-01,Serrote I,-39.32987693299998,-3.266677928999968,CE,6,25.200000000000003,25.2,-3.25,-39.25,latm3p25_lonm39p25
EOLCVCE040879-4-01,Serrote II,-39.33275541699993,-3.28824469999995,CE,6,25.200000000000003,25.200000000000003,-3.25,-39.25,latm3p25_lonm39p25
EOLCVCE040880-8-01,Serrote III,-39.35214991299995,-3.304395677999935,CE,5,21.0,21.0,-3.25,-39.25,latm3p25_lonm39p25
EOLCVCE040881-6-01,Serrote IV,-39.39025422399993,-3.307674411999926,CE,4,16.8,16.8,-3.25,-39.5,latm3p25_lonm39p50
EOLCVCE040882-4-01,Serrote V,-39.36953648999997,-3.31736247799995,CE,7,29.400000000000002,29.4,-3.25,-39.25,latm3p25_lonm39p25
EOLCVCE040883-2-01,Serrote VI,-39.37286985299994,-3.227508145999934,CE,7,29.400000000000002,29.4,-3.25,-39.25,latm3p25_lonm39p25
EOLCVCE040884-0-01,Serrote VII,-39.32438410299994,-3.315722803999961,CE,7,29.400000000000002,29.4,-3.25,-39.25,latm3p25_lonm39p25
EOLCVCE040885-9-01,Serrote VIII,-39.32940538599996,-3.338039737999964,CE,7,29.400000000000002,29.4,-3.25,-39.25,latm3p25_lonm39p25
EOLCVCE041920-6-01,Mutamba VIII,-37.353065895999976,-4.728249640999934,CE,2,11.0,11.0,-4.75,-37.25,latm4p75_lonm37p25
EOLCVCE041921-4-01,Kairós Wind 6,-37.35408548699996,-4.746853491999957,CE,9,40.5,40.5,-4.75,-37.25,latm4p75_lonm37p25
EOLCVCE041922-2-01,Kairós Wind 2,-37.38828139299994,-4.740224212999976,CE,8,36.0,36.0,-4.75,-37.5,latm4p75_lonm37p50
EOLCVCE049894-7-01,Ventos de Santa Rosália 04,-41.22187863399995,-3.7867962759999614,CE,10,42.0,42.0,-3.75,-41.25,latm3p75_lonm41p25
EOLCVCE049895-5-01,Ventos de Santa Rosália 05,-41.21671511999995,-3.80882233899996,CE,10,42.0,42.0,-3.75,-41.25,latm3p75_lonm41p25
EOLCVCE049896-3-01,Ventos de Santa Rosália 06,-41.20816867299993,-3.824230804999957,CE,10,42.0,42.0,-3.75,-41.25,latm3p75_lonm41p25
EOLCVCE049897-1-01,Ventos de Santa Rosália 07,-41.19399987299994,-3.851361036999947,CE,10,42.0,42.0,-3.75,-41.25,latm3p75_lonm41p25
EOLCVCE049898-0-01,Ventos de Santa Rosália 03,-41.19782815899998,-3.7996317549999503,CE,10,42.0,42.0,-3.75,-41.25,latm3p75_lonm41p25
EOLCVCE050296-0-01,Ventos de Acaraú 1,-40.02689523399994,-2.904244478999942,CE,8,49.6,49.6,-3.0,-40.0,latm3p00_lonm40p00
EOLCVCE050298-7-01,Ventos de Acaraú 3,-40.06740807699998,-2.864107335999961,CE,9,55.800000000000004,55.800000000000004,-2.75,-40.0,latm2p75_lonm40p00
EOLCVCE050299-5-01,Ventos de Acaraú 4,-40.05759287599994,-2.8765650919999644,CE,9,55.800000000000004,55.800000000000004,-3.0,-40.0,latm3p00_lonm40p00
EOLCVCE050300-2-01,Ventos de Acaraú 5,-39.970823397999936,-2.9251362969999377,CE,6,37.2,37.2,-3.0,-40.0,latm3p00_lonm40p00
EOLCVCE050301-0-01,Ventos de Acaraú 6,-40.00418375199996,-2.961462125999958,CE,9,55.800000000000004,55.800000000000004,-3.0,-40.0,latm3p00_lonm40p00
EOLCVCE050302-9-01,Ventos de Acaraú 7,-40.09386680599994,-2.8896202699999662,CE,5,31.0,31.0,-3.0,-40.0,latm3p00_lonm40p00
EOLCVCE050303-7-01,Ventos de Acaraú 8,-40.04097605099997,-2.9058519689999684,CE,5,31.0,31.0,-3.0,-40.0,latm3p00_lonm40p00
EOLCVCE050304-5-01,Ventos de Acaraú 9,-40.03942491999993,-2.918402022999942,CE,5,31.0,31.0,-3.0,-40.0,latm3p00_lonm40p00
EOLCVCE050305-3-01,Ventos de Acaraú 10,-39.994335503999935,-2.965731575999939,CE,8,49.6,49.6,-3.0,-40.0,latm3p00_lonm40p00
EOLCVCE050306-1-01,Ventos de Acaraú 11,-40.10007697399993,-2.848855065999942,CE,6,37.2,37.2,-2.75,-40.0,latm2p75_lonm40p00
EOLCVCE050307-0-01,Ventos de Acaraú 12,-39.99402826099998,-2.911928314999954,CE,8,49.6,49.6,-3.0,-40.0,latm3p00_lonm40p00
EOLCVCE050308-8-01,Ventos de Acaraú 13,-40.06225467799993,-2.932875389999936,CE,7,43.4,43.4,-3.0,-40.0,latm3p00_lonm40p00
EOLCVCE050309-6-01,Ventos de Acaraú 14,-40.109675824999954,-2.860812591999945,CE,8,49.6,49.6,-2.75,-40.0,latm2p75_lonm40p00
EOLCVCE051108-2-01,Serra da Ibiapaba XVIII,-41.10406996399996,-4.162962542999935,CE,3,18.6,18.6,-4.25,-41.0,latm4p25_lonm41p00
EOLCVCE051109-9-01,Serra da Ibiapaba XIX,-41.11273721899994,-4.1513671769999405,CE,3,18.6,18.6,-4.25,-41.0,latm4p25_lonm41p00
EOLCVCE051119-6-01,Serra da Ibiapaba XXIX,-41.08549766799996,-4.084980277999932,CE,6,37.2,37.2,-4.0,-41.0,latm4p00_lonm41p00
EOLCVCE051120-0-01,Serra da Ibiapaba XXX,-41.08357843899995,-4.070429436999973,CE,5,31.0,31.0,-4.0,-41.0,latm4p00_lonm41p00
EOLCVCE051121-8-01,Serra da Ibiapaba XXXI,-41.06779806299994,-4.089058464999937,CE,3,18.6,18.6,-4.0,-41.0,latm4p00_lonm41p00
EOLCVCE051122-6-01,Serra da Ibiapaba XXXIII,-41.06283470599993,-4.059886892999941,CE,6,37.2,37.2,-4.0,-41.0,latm4p00_lonm41p00
EOLCVCE051124-2-01,Serra da Ibiapaba XXXV,-41.04622151899997,-4.087649296999928,CE,5,31.0,31.0,-4.0,-41.0,latm4p00_lonm41p00
EOLCVCE051125-0-01,Serra da Ibiapaba XXXVI,-41.04718536499996,-4.0736060039999415,CE,5,31.0,31.0,-4.0,-41.0,latm4p00_lonm41p00
EOLCVCE051126-9-01,Serra da Ibiapaba XXXVII,-41.02963165299997,-4.038923312999941,CE,4,24.8,24.8,-4.0,-41.0,latm4p00_lonm41p00
EOLCVCE051127-7-01,Serra da Ibiapaba XXXVIII,-41.03211119099996,-4.05121311299996,CE,4,24.8,24.8,-4.0,-41.0,latm4p00_lonm41p00
EOLCVCE051128-5-01,Serra da Ibiapaba XXXIX,-41.01840881299995,-4.06609324599998,CE,7,43.4,43.4,-4.0,-41.0,latm4p00_lonm41p00
EOLCVCE051129-3-01,Serra da Ibiapaba XL,-40.99274819499993,-4.066148186999953,CE,6,37.2,37.2,-4.0,-41.0,latm4p00_lonm41p00
EOLCVCE051130-7-01,Serra da Ibiapaba XLI,-41.012898793999966,-4.087905606999925,CE,5,31.0,31.0,-4.0,-41.0,latm4p00_lonm41p00
EOLCVCE051131-5-01,Serra da Ibiapaba XLIII,-40.94790272599994,-4.082478753999965,CE,3,18.6,18.6,-4.0,-41.0,latm4p00_lonm41p00
EOLCVCE051531-0-01,Kairós Wind 3 (Antiga Mutamba I),-37.38774397399993,-4.699700639999946,CE,3,39.0,39.0,-4.75,-37.5,latm4p75_lonm37p50
EOLCVCE051554-0-01,Fênix A,-39.63639762299994,-3.049034434999953,CE,7,37.1,37.1,-3.0,-39.75,latm3p00_lonm39p75
EOLCVCE051555-8-01,Fênix B,-39.62314990999994,-3.108577344999958,CE,7,37.1,37.1,-3.0,-39.5,latm3p00_lonm39p50
EOLCVCE051556-6-01,Fênix C,-39.626608085999976,-3.142997227999956,CE,9,47.699999999999996,47.699999999999996,-3.25,-39.75,latm3p25_lonm39p75
EOLCVCE051557-4-01,Fênix D,-39.64999786899995,-3.14255768299995,CE,7,37.1,37.1,-3.25,-39.75,latm3p25_lonm39p75
EOLCVCE051558-2-01,Fênix E,-39.67196685999994,-3.130005378999954,CE,5,26.5,26.5,-3.25,-39.75,latm3p25_lonm39p75
EOLCVCE051559-0-01,Fênix G,-39.67253952599998,-3.1808730019999416,CE,8,42.4,42.4,-3.25,-39.75,latm3p25_lonm39p75
EOLCVCE051560-4-01,Fênix H,-39.70245499999993,-3.1540124409999635,CE,6,31.799999999999997,31.799999999999997,-3.25,-39.75,latm3p25_lonm39p75
EOLCVCE051561-2-01,Fênix I,-39.71276425399998,-3.174079219999953,CE,7,37.1,37.1,-3.25,-39.75,latm3p25_lonm39p75
EOLCVCE051562-0-01,Fênix J,-39.738978421999946,-3.094154862999972,CE,8,42.4,42.4,-3.0,-39.75,latm3p00_lonm39p75
EOLCVCE051563-9-01,Fênix K,-39.753255655999965,-3.08819233099996,CE,6,31.799999999999997,31.799999999999997,-3.0,-39.75,latm3p00_lonm39p75
EOLCVCE051564-7-01,Fênix L,-39.74603091899996,-3.10309667599995,CE,5,26.5,26.5,-3.0,-39.75,latm3p00_lonm39p75
EOLCVCE052285-6-01,Ventos de Acaraú 2,-40.02625407599993,-2.863240001999941,CE,7,43.4,43.4,-2.75,-40.0,latm2p75_lonm40p00
EOLCVCE054328-4-01,Fênix F,-39.67075173199999,-3.157869135999931,CE,8,42.4,42.4,-3.25,-39.75,latm3p25_lonm39p75
EOLCVCE054819-7-01,Viçosa I,-41.04423608299993,-3.697709495999959,CE,24,100.79760000000002,100.79760000000002,-3.75,-41.0,latm3p75_lonm41p00
EOLCVCE054820-0-01,Viçosa II,-41.11328400699995,-3.6804148129999694,CE,24,100.79975999999999,100.79975999999999,-3.75,-41.0,latm3p75_lonm41p00
EOLCVCE054821-9-01,Viçosa III,-41.159769952999966,-3.705390418999969,CE,18,75.59982,75.59982,-3.75,-41.25,latm3p75_lonm41p25
EOLCVCE054822-7-01,Viçosa IV,-41.18396112599999,-3.706126349999977,CE,18,77.39999999999999,77.39999999999999,-3.75,-41.25,latm3p75_lonm41p25
EOLCVCE056914-3-01,Viçosa V,-41.11160629899996,-3.8687655569999606,CE,15,90.0,90.0,-3.75,-41.0,latm3p75_lonm41p00
EOLCVCE056915-1-01,Viçosa VI,-41.10715522699997,-3.910400481999943,CE,14,84.0,84.0,-4.0,-41.0,latm4p00_lonm41p00
EOLCVCE056916-0-01,Viçosa VII,-41.15572488099997,-3.927308977999928,CE,13,78.0,78.0,-4.0,-41.25,latm4p00_lonm41p25
EOLCVCE057156-3-01,Ventos de São Denis 01,-41.27474079999996,-3.4928189779999457,CE,8,49.6,49.6,-3.5,-41.25,latm3p50_lonm41p25
EOLCVCE057157-1-01,Ventos de São Denis 02,-41.27549165299996,-3.546414383999945,CE,8,49.6,49.6,-3.5,-41.25,latm3p50_lonm41p25
EOLCVCE057158-0-01,Ventos de São Denis 03,-41.273230669999975,-3.552630343999965,CE,8,49.6,49.6,-3.5,-41.25,latm3p50_lonm41p25
EOLCVCE057159-8-01,Ventos de São Denis 05,-41.32163499799998,-3.670249398999944,CE,8,49.6,49.6,-3.75,-41.25,latm3p75_lonm41p25
EOLCVCE057160-1-01,Ventos de São Denis 06,-41.26167034099996,-3.690598873999932,CE,9,55.800000000000004,55.800000000000004,-3.75,-41.25,latm3p75_lonm41p25
EOLCVCE057161-0-01,Ventos de São Denis 08,-41.29538133099993,-3.6034508119999487,CE,7,43.4,43.4,-3.5,-41.25,latm3p50_lonm41p25
EOLCVCE057325-6-01,Ventos de São Denis 04,-41.21374937699994,-3.6339475039999343,CE,8,49.6,49.6,-3.75,-41.25,latm3p75_lonm41p25
EOLCVCE057870-3-01,Ibiapaba Norte I,-41.16706913099995,-3.3367162309999685,CE,8,46.4,46.4,-3.25,-41.25,latm3p25_lonm41p25
EOLCVCE057871-1-01,Ibiapaba Norte II,-41.17021937099997,-3.357731163999972,CE,8,46.4,46.4,-3.25,-41.25,latm3p25_lonm41p25
EOLCVCE057872-0-01,Ibiapaba Norte III,-41.16804290899995,-3.378152414999932,CE,8,46.4,46.4,-3.5,-41.25,latm3p50_lonm41p25
EOLCVCE057873-8-01,Ibiapaba Norte IV,-41.20079815699995,-3.407302360999949,CE,6,34.8,34.8,-3.5,-41.25,latm3p50_lonm41p25
EOLCVCE057874-6-01,Ibiapaba Norte V,-41.22817236599997,-3.4288021629999434,CE,8,46.4,46.4,-3.5,-41.25,latm3p50_lonm41p25
EOLCVCE057875-4-01,Ibiapaba Norte VI,-41.21340952899993,-3.457058300999961,CE,6,34.8,34.8,-3.5,-41.25,latm3p50_lonm41p25
EOLCVCE057876-2-01,Ibiapaba Norte VII,-41.21835631799996,-3.4795855619999543,CE,8,46.4,46.4,-3.5,-41.25,latm3p50_lonm41p25
EOLCVCE058116-0-01,Ibiapaba Norte VIII,-41.22569716699997,-3.511174564999976,CE,6,34.8,34.8,-3.5,-41.25,latm3p50_lonm41p25
EOLCVCE072818-7-01,Serra da Ibiapaba XLII,-41.01109360599997,-4.096969526999942,CE,7,43.4,43.4,-4.0,-41.0,latm4p00_lonm41p00
EOLCVCE073632-5-01,Croaranga 01,-40.761198999999976,-4.346799999999973,CE,0,0.0,0.0,-4.25,-40.75,latm4p25_lonm40p75
EOLCVCE073633-3-01,Croaranga 02,-40.78334599999994,-4.390784999999937,CE,0,0.0,0.0,-4.5,-40.75,latm4p50_lonm40p75
EOLCVCE073634-1-01,Croaranga 03,-40.78937799999994,-4.45665299999996,CE,0,0.0,0.0,-4.5,-40.75,latm4p50_lonm40p75
EOLCVCE073635-0-01,Croaranga 04,-40.79821999999996,-4.520948999999973,CE,0,0.0,0.0,-4.5,-40.75,latm4p50_lonm40p75
EOLCVCE073636-8-01,Croaranga 05,-40.82017699999994,-4.429323999999951,CE,0,0.0,0.0,-4.5,-40.75,latm4p50_lonm40p75
EOLCVCE073637-6-01,Croaranga 06,-40.820044999999936,-4.6252869999999575,CE,0,0.0,0.0,-4.75,-40.75,latm4p75_lonm40p75
EOLCVCE073638-4-01,Croaranga 07,-40.92928399999994,-4.647673999999938,CE,0,0.0,0.0,-4.75,-41.0,latm4p75_lonm41p00
EOLCVCE073639-2-01,Croaranga 08,-40.91000299999996,-4.72182399999997,CE,0,0.0,0.0,-4.75,-41.0,latm4p75_lonm41p00
EOLCVCE073640-6-01,Croaranga 09,-40.94514799999996,-4.701671999999974,CE,0,0.0,0.0,-4.75,-41.0,latm4p75_lonm41p00
EOLCVCE074474-3,Pimenteiras II-3,-40.85198974599996,-5.997802733999947,CE,0,0.0,0.0,-6.0,-40.75,latm6p00_lonm40p75
EOLCVCE074477-8,Pimenteiras II-6,-40.88177490199996,-5.899780272999976,CE,0,0.0,0.0,-6.0,-41.0,latm6p00_lonm41p00
EOLCVCE074478-6,Pimenteiras II-7,-40.89819335899995,-5.849487304999968,CE,0,0.0,0.0,-5.75,-41.0,latm5p75_lonm41p00
EOLCVCE074479-4,Pimenteiras II-8,-40.90289306599993,-5.774780272999976,CE,0,0.0,0.0,-5.75,-41.0,latm5p75_lonm41p00
EOLCVCE074495-6-01,Vc 1,-39.77641599999998,-3.625021999999945,CE,0,0.0,0.0,-3.75,-39.75,latm3p75_lonm39p75
EOLCVCE074496-4-01,Vc 2,-39.71209716799996,-3.576904296999942,CE,0,0.0,0.0,-3.5,-39.75,latm3p50_lonm39p75
EOLCVCE074497-2-01,Vc 3,-39.625488280999946,-3.604309081999929,CE,0,0.0,0.0,-3.5,-39.75,latm3p50_lonm39p75
EOLCVCE074499-9-01,Vc 5,-39.56671142599998,-3.667419433999953,CE,0,0.0,0.0,-3.75,-39.5,latm3p75_lonm39p50
EOLCVCE074500-6-01,Vc 6,-39.60260009799998,-3.721008300999927,CE,0,0.0,0.0,-3.75,-39.5,latm3p75_lonm39p50
EOLCVCE074501-4-01,Vc 7,-39.52362060499996,-3.6885986329999696,CE,0,0.0,0.0,-3.75,-39.5,latm3p75_lonm39p50
EOLCVCE075032-8-01,Vc 10,-39.63861083999996,-3.755676269999981,CE,0,0.0,0.0,-3.75,-39.75,latm3p75_lonm39p75
EOLCVCE075033-6-01,Vc 4,-39.69201660199997,-3.660278319999975,CE,0,0.0,0.0,-3.75,-39.75,latm3p75_lonm39p75
EOLCVCE075034-4-01,Vc 8,-39.57049560499996,-3.777282714999956,CE,0,0.0,0.0,-3.75,-39.5,latm3p75_lonm39p50
EOLCVCE075035-2-01,Vc 9,-39.51330566399997,-3.780212401999961,CE,0,0.0,0.0,-3.75,-39.5,latm3p75_lonm39p50
EOLCVCE075218-5-01,Castanhão 01,-38.47229003899997,-5.93078613299997,CE,0,0.0,0.0,-6.0,-38.5,latm6p00_lonm38p50
EOLCVCE075219-3-01,Castanhão 02,-38.48608398399995,-5.892211913999972,CE,0,0.0,0.0,-6.0,-38.5,latm6p00_lonm38p50
EOLCVCE075220-7-01,Castanhão 03,-38.47259521499996,-5.848022460999971,CE,0,0.0,0.0,-5.75,-38.5,latm5p75_lonm38p50
EOLCVCE075221-5-01,Castanhão 04,-38.46008300799997,-5.805419921999942,CE,0,0.0,0.0,-5.75,-38.5,latm5p75_lonm38p50
EOLCVCE075356-4-01,Irapuã 1,-41.07994899999994,-4.013353999999936,CE,0,0.0,0.0,-4.0,-41.0,latm4p00_lonm41p00
EOLCVCE075357-2-01,Irapuã 2,-41.08150999999998,-3.993667999999957,CE,0,0.0,0.0,-4.0,-41.0,latm4p00_lonm41p00
EOLCVCE075358-0-01,Irapuã 3,-41.08707099999998,-3.970961999999929,CE,0,0.0,0.0,-4.0,-41.0,latm4p00_lonm41p00
EOLCVCE075359-9-01,Irapuã 4,-41.05322999999999,-3.9688679999999295,CE,0,0.0,0.0,-4.0,-41.0,latm4p00_lonm41p00
EOLCVCE075360-2-01,Irapuã 5,-41.03029799999996,-3.969520999999929,CE,0,0.0,0.0,-4.0,-41.0,latm4p00_lonm41p00
EOLCVCE075361-0-01,Irapuã 6,-41.04734799999994,-3.924987999999928,CE,0,0.0,0.0,-4.0,-41.0,latm4p00_lonm41p00
EOLCVCE075362-9-01,Irapuã 7,-40.99752399999994,-3.997773999999936,CE,0,0.0,0.0,-4.0,-41.0,latm4p00_lonm41p00
EOLCVCE075363-7-01,Irapuã 8,-41.05322999999999,-3.9688679999999295,CE,0,0.0,0.0,-4.0,-41.0,latm4p00_lonm41p00
EOLCVCE075364-5-01,Irapuã 9,-40.97290799999996,-3.9970109999999295,CE,0,0.0,0.0,-4.0,-41.0,latm4p00_lonm41p00
EOLCVCE075365-3-01,Irapuã 10,-40.98222399999997,-3.962251999999978,CE,0,0.0,0.0,-4.0,-41.0,latm4p00_lonm41p00
EOLCVCE075366-1-01,Irapuã 11,-40.94621899999999,-4.003349999999955,CE,0,0.0,0.0,-4.0,-41.0,latm4p00_lonm41p00
EOLCVCE075367-0-01,Irapuã 12,-40.95913599999994,-3.9602179999999407,CE,0,0.0,0.0,-4.0,-41.0,latm4p00_lonm41p00
EOLCVMA031238-0-01,Sistema Híbrido de Geração de Energia Elétrica da Ilha dos Lençóis,-44.81957999999997,-1.676219999999944,MA,0,0.0,0.0,-1.75,-44.75,latm1p75_lonm44p75
EOLCVMA033673-4-01,Delta 3 VI,-42.64726894999996,-2.6293072949999328,MA,12,27.599999999999998,27.599999999999998,-2.75,-42.75,latm2p75_lonm42p75
EOLCVMA033675-0-01,Delta 3 V,-42.63690349199993,-2.639737160999971,MA,12,27.599999999999998,27.599999999999998,-2.75,-42.75,latm2p75_lonm42p75
EOLCVMA033680-7-01,Delta 3 VII,-42.65759819699997,-2.6189223149999634,MA,12,27.599999999999998,27.599999999999998,-2.5,-42.75,latm2p50_lonm42p75
EOLCVMA033682-3-01,Delta 3 I,-42.620041957999945,-2.672119732999932,MA,12,27.599999999999998,27.599999999999998,-2.75,-42.5,latm2p75_lonm42p50
EOLCVMA033683-1-01,Delta 3 II,-42.66387493299993,-2.6271420409999564,MA,12,27.599999999999998,27.599999999999998,-2.75,-42.75,latm2p75_lonm42p75
EOLCVMA033684-0-01,Delta 3 III,-42.63217196199997,-2.660518672999956,MA,12,27.599999999999998,27.599999999999998,-2.75,-42.75,latm2p75_lonm42p75
EOLCVMA033685-8-01,Delta 3 IV,-42.61482122899997,-2.657239964999974,MA,12,27.599999999999998,27.599999999999998,-2.75,-42.5,latm2p75_lonm42p50
EOLCVMA033686-6-01,Delta 3 VIII,-42.64231690699995,-2.666983334999941,MA,12,27.599999999999998,27.599999999999998,-2.75,-42.75,latm2p75_lonm42p75
EOLCVMA037024-0-01,Delta 4 I,-42.57502852699997,-2.7133276369999635,MA,7,43.4,43.4,-2.75,-42.5,latm2p75_lonm42p50
EOLCVMA037025-8-01,Delta 4 II,-42.58556937099996,-2.729699595999932,MA,7,43.4,43.4,-2.75,-42.5,latm2p75_lonm42p50
EOLCVMA037967-0-01,Delta 6 II,-42.53356868399993,-2.705852386999936,MA,9,24.3,24.3,-2.75,-42.5,latm2p75_lonm42p50
EOLCVMA037970-0-01,Delta 6 I,-42.55823494099997,-2.700370780999947,MA,11,29.700000000000003,29.700000000000003,-2.75,-42.5,latm2p75_lonm42p50
EOLCVMA037972-7-01,Delta 5 II,-42.57101162599997,-2.6847500759999434,MA,10,27.0,27.0,-2.75,-42.5,latm2p75_lonm42p50
EOLCVMA037976-0-01,Delta 5 I,-42.59502381399994,-2.6689703059999488,MA,10,27.0,27.0,-2.75,-42.5,latm2p75_lonm42p50
EOLCVMA040572-8-01,Delta 7 I,-42.600133082999946,-2.680884919999926,MA,10,27.0,27.0,-2.75,-42.5,latm2p75_lonm42p50
EOLCVMA040573-6-01,Delta 7 II,-42.58916916299995,-2.698091758999965,MA,13,35.1,35.1,-2.75,-42.5,latm2p75_lonm42p50
EOLCVMA040574-4-01,Delta 8 I,-42.570465560999935,-2.701760311999976,MA,13,35.1,35.1,-2.75,-42.5,latm2p75_lonm42p50
EOLCVMA049854-8-01,Delta 9I,-42.60731246599994,-2.734837798999933,MA,7,43.4,43.4,-2.75,-42.5,latm2p75_lonm42p50
EOLCVPB029041-6-01,Millennium,-34.971944366999935,-6.49388892099995,PB,13,10.4,10.4,-6.5,-35.0,latm6p50_lonm35p00
EOLCVPB029075-0-01,Vitória,-35.01469355099994,-6.557296338999947,PB,3,4.5,4.5,-6.5,-35.0,latm6p50_lonm35p00
EOLCVPB029083-1-01,Presidente,-34.97603911299996,-6.5746743449999485,PB,6,4.800000000000001,4.800000000000001,-6.5,-35.0,latm6p50_lonm35p00
EOLCVPB029084-0-01,Camurim,-34.97205770599993,-6.557596394999962,PB,6,4.800000000000001,4.800000000000001,-6.5,-35.0,latm6p50_lonm35p00
EOLCVPB029085-8-01,Albatroz,-34.96801217099994,-6.547516703999975,PB,6,4.800000000000001,4.800000000000001,-6.5,-35.0,latm6p50_lonm35p00
EOLCVPB029086-6-01,Coelhos I,-34.971814920999975,-6.575796568999976,PB,6,4.800000000000001,4.800000000000001,-6.5,-35.0,latm6p50_lonm35p00
EOLCVPB029087-4-01,Coelhos III,-34.96642988599996,-6.556589835999944,PB,6,4.800000000000001,4.800000000000001,-6.5,-35.0,latm6p50_lonm35p00
EOLCVPB029088-2-01,Atlântica,-34.97371060099994,-6.547366040999975,PB,6,4.800000000000001,4.800000000000001,-6.5,-35.0,latm6p50_lonm35p00
EOLCVPB029089-0-01,Caravela,-34.96904258699993,-6.555975633999935,PB,6,4.800000000000001,4.800000000000001,-6.5,-35.0,latm6p50_lonm35p00
EOLCVPB029090-4-01,Coelhos II,-34.96736853999994,-6.570109788999957,PB,6,4.800000000000001,4.800000000000001,-6.5,-35.0,latm6p50_lonm35p00
EOLCVPB029091-2-01,Coelhos IV,-34.97465157399995,-6.581407979999938,PB,6,4.800000000000001,4.800000000000001,-6.5,-35.0,latm6p50_lonm35p00
EOLCVPB029092-0-01,Mataraca,-34.978461883999955,-6.582254746999979,PB,6,4.800000000000001,4.800000000000001,-6.5,-35.0,latm6p50_lonm35p00
EOLCVPB032433-7-01,Picuí 1,-36.23561052699995,-6.475967779999962,PB,6,27.0,27.0,-6.5,-36.25,latm6p50_lonm36p25
EOLCVPB032435-3-01,Picuí 4,-36.307113767999965,-6.477852277999944,PB,11,49.5,49.5,-6.5,-36.25,latm6p50_lonm36p25
EOLCVPB032438-8-01,Picuí 6,-36.26362505299994,-6.51097158999994,PB,10,45.0,45.0,-6.5,-36.25,latm6p50_lonm36p25
EOLCVPB032439-6-01,Picuí 7,-36.28761743299998,-6.545212728999957,PB,11,49.5,49.5,-6.5,-36.25,latm6p50_lonm36p25
EOLCVPB033663-7-01,Canoas,-36.76373694599994,-6.883350570999937,PB,15,31.5,31.5,-7.0,-36.75,latm7p00_lonm36p75
EOLCVPB033664-5-01,Lagoa 1,-36.81843068899997,-6.879040670999927,PB,15,31.5,31.5,-7.0,-36.75,latm7p00_lonm36p75
EOLCVPB033665-3-01,Lagoa 2,-36.79106776599997,-6.840913411999964,PB,15,31.5,31.5,-6.75,-36.75,latm6p75_lonm36p75
EOLCVPB034639-0-01,Chafariz 1,-36.87927524999998,-6.972885084999973,PB,10,34.65,34.65,-7.0,-37.0,latm7p00_lonm37p00
EOLCVPB034640-3-01,Chafariz 2,-36.893951183999945,-6.996852540999953,PB,10,34.65,34.65,-7.0,-37.0,latm7p00_lonm37p00
EOLCVPB034642-0-01,Chafariz 3,-36.89827901399997,-7.001597225999944,PB,10,34.65,34.65,-7.0,-37.0,latm7p00_lonm37p00
EOLCVPB034644-6-01,Chafariz 4,-36.93548741099994,-7.033728288999953,PB,10,34.65,34.65,-7.0,-37.0,latm7p00_lonm37p00
EOLCVPB034646-2-01,Chafariz 5,-36.91308918799996,-7.003914173999931,PB,10,34.65,34.65,-7.0,-37.0,latm7p00_lonm37p00
EOLCVPB035181-4-01,Canoas 2,-36.79135867099996,-6.88251000799994,PB,10,34.65,34.65,-7.0,-36.75,latm7p00_lonm36p75
EOLCVPB035184-9-01,Chafariz 6,-36.85393239599995,-6.978607663999981,PB,9,31.185,31.185,-7.0,-36.75,latm7p00_lonm36p75
EOLCVPB035194-6-01,Fragata I,-35.69017209699996,-6.517915870999957,PB,7,31.5,31.5,-6.5,-35.75,latm6p50_lonm35p75
EOLCVPB035195-4-01,Fragata II,-35.71468256999998,-6.5210194789999605,PB,8,36.0,36.0,-6.5,-35.75,latm6p50_lonm35p75
EOLCVPB035196-2-01,Fragata III,-35.80222530299994,-6.552996020999956,PB,10,45.0,45.0,-6.5,-35.75,latm6p50_lonm35p75
EOLCVPB035207-1-01,Picuí 10,-36.25550535399998,-6.436977062999972,PB,7,31.5,31.5,-6.5,-36.25,latm6p50_lonm36p25
EOLCVPB035225-0-01,Serra do Seridó II,-36.76179523299993,-6.974250041999937,PB,3,16.5,16.5,-7.0,-36.75,latm7p00_lonm36p75
EOLCVPB035226-8-01,Serra do Seridó III,-36.79316669499997,-6.96893794999994,PB,8,44.0,44.0,-7.0,-36.75,latm7p00_lonm36p75
EOLCVPB035227-6-01,Serra do Seridó IV,-36.78588369399995,-6.961328868999942,PB,8,44.0,44.0,-7.0,-36.75,latm7p00_lonm36p75
EOLCVPB035240-3-01,Ventos de Arapuá 1,-36.95241118499996,-7.048233547999928,PB,7,24.255,24.255,-7.0,-37.0,latm7p00_lonm37p00
EOLCVPB035241-1-01,Ventos de Arapuá 2,-36.96244828699997,-7.029193220999957,PB,10,34.65,34.65,-7.0,-37.0,latm7p00_lonm37p00
EOLCVPB035242-0-01,Ventos de Arapuá 3,-36.96789210299994,-7.050796288999948,PB,4,13.86,13.86,-7.0,-37.0,latm7p00_lonm37p00
EOLCVPB036969-1-01,Fragata IV,-35.84249158099993,-6.543183092999925,PB,8,36.0,36.0,-6.5,-35.75,latm6p50_lonm35p75
EOLCVPB037952-2-01,Canoas 3,-36.75935513099995,-6.872149364999928,PB,10,34.65,34.65,-6.75,-36.75,latm6p75_lonm36p75
EOLCVPB037953-0-01,Canoas 4,-36.735549290999984,-6.843582269999956,PB,10,34.65,34.65,-6.75,-36.75,latm6p75_lonm36p75
EOLCVPB037958-1-01,Chafariz 7,-36.86074776399994,-6.923992895999959,PB,10,34.65,34.65,-7.0,-36.75,latm7p00_lonm36p75
EOLCVPB038003-2-01,Fragata V,-35.878386399999954,-6.589074946999972,PB,9,40.5,40.5,-6.5,-36.0,latm6p50_lonm36p00
EOLCVPB038004-0-01,Fragata VI,-35.87483631699996,-6.535662632999959,PB,9,40.5,40.5,-6.5,-35.75,latm6p50_lonm35p75
EOLCVPB038005-9-01,Fragata VII,-35.69156776099993,-6.552490536999926,PB,5,22.5,22.5,-6.5,-35.75,latm6p50_lonm35p75
EOLCVPB038029-6-01,Lagoa 3,-36.82620038799996,-6.871191916999976,PB,10,34.65,34.65,-6.75,-36.75,latm6p75_lonm36p75
EOLCVPB038030-0-01,Lagoa 4,-36.84149027099994,-6.882361860999936,PB,6,20.79,20.79,-7.0,-36.75,latm7p00_lonm36p75
EOLCVPB038304-0-01,Serra do Seridó VI,-36.801433902999975,-6.973125618999973,PB,8,44.0,44.0,-7.0,-36.75,latm7p00_lonm36p75
EOLCVPB038305-8-01,Serra do Seridó VII,-36.783302515999935,-7.0088086539999495,PB,8,44.0,44.0,-7.0,-36.75,latm7p00_lonm36p75
EOLCVPB040613-9-01,Serra do Seridó IX,-36.80013241499995,-7.001874064999981,PB,9,49.5,49.5,-7.0,-36.75,latm7p00_lonm36p75
EOLCVPB040615-5-01,Serra do Seridó X,-36.75352168999996,-7.045159181999964,PB,7,38.5,34.8,-7.0,-36.75,latm7p00_lonm36p75
EOLCVPB040639-2-01,Vila de Junco 01,-36.692260749999946,-7.006472957999961,PB,11,28.875,28.875,-7.0,-36.75,latm7p00_lonm36p75
EOLCVPB040640-6-01,Vila de Junco 02,-36.68807129899994,-6.990101222999954,PB,11,28.875,28.875,-7.0,-36.75,latm7p00_lonm36p75
EOLCVPB040641-4-01,Vila de Junco 03,-36.67108750399996,-6.974416793999978,PB,11,28.875,28.875,-7.0,-36.75,latm7p00_lonm36p75
EOLCVPB040642-2-01,Vila de Junco 04,-36.68125574599998,-6.981661692999978,PB,7,18.375,18.375,-7.0,-36.75,latm7p00_lonm36p75
EOLCVPB043275-0-01,Serra do Seridó XI,-36.83449160499998,-6.974986909999927,PB,10,34.65,46.4,-7.0,-36.75,latm7p00_lonm36p75
EOLCVPB043276-8-01,Serra do Seridó XII,-36.80484063999995,-7.037764700999958,PB,7,40.6,23.2,-7.0,-36.75,latm7p00_lonm36p75
EOLCVPB043277-6-01,Serra do Seridó XIV,-36.78877398699996,-6.933275050999953,PB,11,38.114999999999995,34.8,-7.0,-36.75,latm7p00_lonm36p75
EOLCVPB044988-1-01,Serra da Borborema I,-35.98126567799994,-7.03421114799994,PB,7,43.4,43.4,-7.0,-36.0,latm7p00_lonm36p00
EOLCVPB044989-0-01,Serra da Borborema II,-35.98066126699996,-7.045760448999943,PB,8,49.6,49.6,-7.0,-36.0,latm7p00_lonm36p00
EOLCVPB044990-3-01,Serra da Borborema III,-35.954986350999945,-7.028243633999978,PB,6,37.2,37.2,-7.0,-36.0,latm7p00_lonm36p00
EOLCVPB044991-1-01,Serra da Borborema IV,-36.01086751899993,-7.049180231999969,PB,7,43.4,43.4,-7.0,-36.0,latm7p00_lonm36p00
EOLCVPB044995-4-01,Serra do Seridó XIX,-36.83742859699999,-6.944093696999971,PB,7,24.255,24.255,-7.0,-36.75,latm7p00_lonm36p75
EOLCVPB049341-4-01,Ventos de São Cleófas 02,-36.49992544899993,-6.769372922999935,PB,14,58.800000000000004,58.800000000000004,-6.75,-36.5,latm6p75_lonm36p50
EOLCVPB049342-2-01,Ventos de São Cleófas 03,-36.48543644499995,-6.712569559999963,PB,14,58.800000000000004,58.800000000000004,-6.75,-36.5,latm6p75_lonm36p50
EOLCVPB049343-0-01,Ventos de São Cleófas 04,-36.48008597199998,-6.693002975999946,PB,14,58.800000000000004,58.800000000000004,-6.75,-36.5,latm6p75_lonm36p50
EOLCVPB049344-9-01,Ventos de São Cleófas 05,-36.47792179399994,-6.661975164999944,PB,14,58.800000000000004,58.800000000000004,-6.75,-36.5,latm6p75_lonm36p50
EOLCVPB049345-7-01,Ventos de São Cleófas 06,-36.43547094399997,-6.6263395799999785,PB,14,58.800000000000004,58.800000000000004,-6.75,-36.5,latm6p75_lonm36p50
EOLCVPB049346-5-01,Ventos de São Cleófas 07,-36.49810513799997,-6.619158074999973,PB,14,58.800000000000004,58.800000000000004,-6.5,-36.5,latm6p50_lonm36p50
EOLCVPB049348-1-01,Ventos de São Cleófas 12,-36.43100533999996,-6.5174000179999325,PB,14,58.800000000000004,58.800000000000004,-6.5,-36.5,latm6p50_lonm36p50
EOLCVPB049350-3-01,Ventos de São Cleófas 13,-36.40877319599997,-6.55676922899994,PB,14,58.800000000000004,58.800000000000004,-6.5,-36.5,latm6p50_lonm36p50
EOLCVPB049351-1-01,Ventos de São Cleófas 14,-36.43015175999994,-6.558894557999963,PB,14,58.800000000000004,58.800000000000004,-6.5,-36.5,latm6p50_lonm36p50
EOLCVPB049352-0-01,Ventos de São Cleófas 15,-36.47220638699997,-6.586229930999934,RN,14,58.800000000000004,58.800000000000004,-6.5,-36.5,latm6p50_lonm36p50
EOLCVPB049818-1-01,Serra da Palmeira I,-36.469018053999946,-6.786049627999944,PB,6,36.0,36.0,-6.75,-36.5,latm6p75_lonm36p50
EOLCVPB049819-0-01,Serra da Palmeira II,-36.45771013299998,-6.813093403999972,PB,5,30.0,30.0,-6.75,-36.5,latm6p75_lonm36p50
EOLCVPB049820-3-01,Serra da Palmeira III,-36.37737830899994,-6.737920612999972,PB,4,24.0,24.0,-6.75,-36.5,latm6p75_lonm36p50
EOLCVPB049821-1-01,Serra da Palmeira IV,-36.40365855199997,-6.737545993999959,PB,5,30.0,30.0,-6.75,-36.5,latm6p75_lonm36p50
EOLCVPB049822-0-01,Serra da Palmeira V,-36.39423359999995,-6.716557258999956,PB,6,36.0,36.0,-6.75,-36.5,latm6p75_lonm36p50
EOLCVPB049823-8-01,Serra da Palmeira VI,-36.392948254999965,-6.791140923999933,PB,4,24.0,24.0,-6.75,-36.5,latm6p75_lonm36p50
EOLCVPB049824-6-01,Serra da Palmeira VII,-36.44057791899996,-6.763234964999981,PB,5,30.0,30.0,-6.75,-36.5,latm6p75_lonm36p50
EOLCVPB049825-4-01,Serra da Palmeira VIII,-36.46535453499996,-6.727413953999928,PB,4,24.0,24.0,-6.75,-36.5,latm6p75_lonm36p50
EOLCVPB049826-2-01,Serra da Palmeira IX,-36.42996300899995,-6.715471849999972,PB,4,24.0,24.0,-6.75,-36.5,latm6p75_lonm36p50
EOLCVPB049827-0-01,Serra da Palmeira X,-36.39791746499998,-6.7003193929999725,PB,5,30.0,30.0,-6.75,-36.5,latm6p75_lonm36p50
EOLCVPB049828-9-01,Serra da Palmeira XI,-36.41451995899996,-6.697316453999974,PB,4,24.0,24.0,-6.75,-36.5,latm6p75_lonm36p50
EOLCVPB049829-7-01,Serra da Palmeira XII,-36.39425673799997,-6.684973356999933,PB,4,24.0,24.0,-6.75,-36.5,latm6p75_lonm36p50
EOLCVPB049830-0-01,Serra da Palmeira XIII,-36.37665618799997,-6.727632872999948,PB,7,42.0,42.0,-6.75,-36.5,latm6p75_lonm36p50
EOLCVPB049831-9-01,Serra da Palmeira XIV,-36.369560890999935,-6.7056625849999705,PB,4,24.0,24.0,-6.75,-36.25,latm6p75_lonm36p25
EOLCVPB049832-7-01,Serra da Palmeira XV,-36.43406451599998,-6.75890798699993,PB,6,36.0,36.0,-6.75,-36.5,latm6p75_lonm36p50
EOLCVPB049833-5-01,Serra da Palmeira XVI,-36.37049363799997,-6.764062994999961,PB,4,24.0,24.0,-6.75,-36.25,latm6p75_lonm36p25
EOLCVPB049834-3-01,Serra da Palmeira XVII,-36.40355182599996,-6.754182485999934,PB,5,30.0,30.0,-6.75,-36.5,latm6p75_lonm36p50
EOLCVPB049835-1-01,Serra da Palmeira XVIII,-36.43213233299997,-6.778960292999955,PB,3,18.0,18.0,-6.75,-36.5,latm6p75_lonm36p50
EOLCVPB049836-0-01,Serra da Palmeira XIX,-36.40610404899997,-6.763802398999928,PB,5,30.0,30.0,-6.75,-36.5,latm6p75_lonm36p50
EOLCVPB049837-8-01,Serra da Palmeira XX,-36.36615848599996,-6.751632142999938,PB,4,24.0,24.0,-6.75,-36.25,latm6p75_lonm36p25
EOLCVPB049838-6-01,Serra da Palmeira XXI,-36.32778898299995,-6.70305114699994,PB,4,24.0,24.0,-6.75,-36.25,latm6p75_lonm36p25
EOLCVPB049839-4-01,Serra da Palmeira XXII,-36.33602749599993,-6.72052735799997,PB,4,24.0,24.0,-6.75,-36.25,latm6p75_lonm36p25
EOLCVPB049840-8-01,Serra da Palmeira XXIII,-36.35143184499998,-6.679991394999945,PB,6,36.0,36.0,-6.75,-36.25,latm6p75_lonm36p25
EOLCVPB049863-7-01,Ventos de São Cleófas 01,-36.50541877399996,-6.808678802999964,PB,14,58.800000000000004,58.800000000000004,-6.75,-36.5,latm6p75_lonm36p50
EOLCVPB049865-3-01,Ventos de São Cleófas 11,-36.47660672899997,-6.532551202999969,PB,14,58.800000000000004,58.800000000000004,-6.5,-36.5,latm6p50_lonm36p50
EOLCVPB050057-7-01,Ventos de São Cleófas 22,-36.51234624399996,-6.410791214999961,PB,13,54.6,54.6,-6.5,-36.5,latm6p50_lonm36p50
EOLCVPB050057-7-01,Ventos de São Cleófas 22,-36.51232910199997,-6.410705565999933,RN,0,0.0,0.0,-6.5,-36.5,latm6p50_lonm36p50
EOLCVPB051574-4-01,Serra do Seridó XVI,-36.79136927999997,-7.039445898999929,PB,9,49.5,46.4,-7.0,-36.75,latm7p00_lonm36p75
EOLCVPB051575-2-01,Serra do Seridó XVII,-36.75363185799995,-7.026014765999946,PB,7,38.5,34.8,-7.0,-36.75,latm7p00_lonm36p75
EOLCVPB051576-0-01,Serra do Seridó XVIII,-36.73958624899996,-7.02309087499998,PB,5,13.86,13.86,-7.0,-36.75,latm7p00_lonm36p75
EOLCVPB054979-7-01,Serra do Seridó XXI,-36.916343866999966,-6.992920337999976,PB,6,33.480000000000004,33.480000000000004,-7.0,-37.0,latm7p00_lonm37p00
EOLCVPB054980-0-01,Serra do Seridó XXII,-36.93270497399993,-7.006715507999957,PB,5,27.9,27.9,-7.0,-37.0,latm7p00_lonm37p00
EOLCVPB054981-9-01,Serra do Seridó XXIII,-36.95646879999998,-7.028796518999968,PB,8,44.64,44.64,-7.0,-37.0,latm7p00_lonm37p00
EOLCVPB054982-7-01,Serra do Seridó XXIV,-37.011420731999976,-7.054717437999955,PB,8,44.64,44.64,-7.0,-37.0,latm7p00_lonm37p00
EOLCVPB054983-5-01,Serra do Seridó XXV,-37.01920751899996,-7.068618923999964,PB,8,44.64,44.64,-7.0,-37.0,latm7p00_lonm37p00
EOLCVPB054984-3-01,Serra do Seridó XXVI,-37.00335598299995,-7.078287957999976,PB,5,27.9,27.9,-7.0,-37.0,latm7p00_lonm37p00
EOLCVPB055171-6-01,Serra do Seridó XXVIII,-36.790257940999936,-6.950628592999976,PB,5,17.325,17.325,-7.0,-36.75,latm7p00_lonm36p75
EOLCVPB056618-7-01,Serra do Alagamar IV,-36.451357402999975,-6.747109586999954,PB,4,0.0248,0.0248,-6.75,-36.5,latm6p75_lonm36p50
EOLCVPB056619-5-01,Serra do Alagamar V,-36.45762063999996,-6.761960810999938,PB,4,24.8,24.8,-6.75,-36.5,latm6p75_lonm36p50
EOLCVPB056620-9-01,Serra do Alagamar IX,-36.47307765599993,-6.827079212999934,PB,5,0.031,0.031,-6.75,-36.5,latm6p75_lonm36p50
EOLCVPB056621-7-01,Serra do Alagamar X,-36.48512329899995,-6.844434424999975,PB,5,0.031,0.031,-6.75,-36.5,latm6p75_lonm36p50
EOLCVPB056622-5-01,Serra do Alagamar XI,-36.49902712399995,-6.851180026999941,PB,5,0.031,0.031,-6.75,-36.5,latm6p75_lonm36p50
EOLCVPB056623-3-01,Serra do Alagamar XII,-36.31479778199997,-6.67877182899997,PB,7,0.0434,0.0434,-6.75,-36.25,latm6p75_lonm36p25
EOLCVPB056624-1-01,Serra do Alagamar XIII,-36.30056367099996,-6.700037616999964,PB,4,0.0248,0.0248,-6.75,-36.25,latm6p75_lonm36p25
EOLCVPB056625-0-01,Serra do Alagamar XIV,-36.29550948899998,-6.715100259999929,PB,4,0.0248,0.0248,-6.75,-36.25,latm6p75_lonm36p25
EOLCVPB057326-4-01,Frei Damião I,-35.88449272299994,-6.596665118999965,PB,6,33.0,33.0,-6.5,-36.0,latm6p50_lonm36p00
EOLCVPB057327-2-01,Frei Damião II,-35.904018949999966,-6.609353918999943,PB,7,38.5,38.5,-6.5,-36.0,latm6p50_lonm36p00
EOLCVPB057328-0-01,Frei Damião III,-35.91849160399994,-6.627555255999937,PB,7,38.5,38.5,-6.75,-36.0,latm6p75_lonm36p00
EOLCVPB057329-9-01,Frei Damião IV,-35.93989441499997,-6.598256657999968,PB,6,33.0,33.0,-6.5,-36.0,latm6p50_lonm36p00
EOLCVPB057330-2-01,Frei Damião V,-35.92472318199998,-6.584044235999954,PB,6,33.0,33.0,-6.5,-36.0,latm6p50_lonm36p00
EOLCVPB058091-0-01,Serra do Alagamar XV,-36.29560391999996,-6.670046225999954,PB,3,18.6,18.6,-6.75,-36.25,latm6p75_lonm36p25
EOLCVPB058092-9-01,Serra do Alagamar XVI,-36.31938959299998,-6.652076234999981,PB,4,24.8,24.8,-6.75,-36.25,latm6p75_lonm36p25
EOLCVPB058093-7-01,Serra do Alagamar XVIII,-36.26961495799998,-6.633478722999939,PB,4,24.8,24.8,-6.75,-36.25,latm6p75_lonm36p25
EOLCVPB058094-5-01,Serra do Alagamar XIX,-36.30501515099997,-6.639690640999959,PB,3,18.6,18.6,-6.75,-36.25,latm6p75_lonm36p25
EOLCVPB058095-3-01,Serra do Alagamar XXI,-36.29016836799997,-6.619612529999927,PB,4,24.8,24.8,-6.5,-36.25,latm6p50_lonm36p25
EOLCVPB058096-1-01,Serra do Alagamar XXII,-36.26995173499995,-6.608387481999955,PB,6,37.2,37.2,-6.5,-36.25,latm6p50_lonm36p25
EOLCVPB058097-0-01,Serra do Alagamar XXV,-36.33613376099999,-6.596989729999962,PB,6,37.2,37.2,-6.5,-36.25,latm6p50_lonm36p25
EOLCVPB058098-8-01,Serra do Alagamar XXVI,-36.322209947999966,-6.571414285999936,PB,7,43.4,43.4,-6.5,-36.25,latm6p50_lonm36p25
EOLCVPB058099-6-01,Serra do Alagamar XXVII,-36.32991112299993,-6.55910255799995,PB,7,43.4,43.4,-6.5,-36.25,latm6p50_lonm36p25
EOLCVPB058100-3-01,Serra do Alagamar XXVIII,-36.33468651799996,-6.548067256999957,PB,3,18.6,18.6,-6.5,-36.25,latm6p50_lonm36p25
EOLCVPB058101-1-01,Serra do Alagamar XXIX,-36.27152906199996,-6.602531731999932,PB,3,18.6,18.6,-6.5,-36.25,latm6p50_lonm36p25
EOLCVPB058102-0-01,Serra do Alagamar XXX,-36.29439058299994,-6.557574699999975,PB,7,43.4,43.4,-6.5,-36.25,latm6p50_lonm36p25
EOLCVPB058103-8-01,Serra do Alagamar XXXI,-36.26065948699994,-6.577659238999956,PB,3,18.6,18.6,-6.5,-36.25,latm6p50_lonm36p25
EOLCVPB058104-6-01,Serra do Alagamar XXXII,-36.26790662299993,-6.585840380999969,PB,3,18.6,18.6,-6.5,-36.25,latm6p50_lonm36p25
EOLCVPB058105-4-01,Serra do Alagamar XXXIV,-36.30120667699998,-6.605485678999969,PB,4,24.8,24.8,-6.5,-36.25,latm6p50_lonm36p25
EOLCVPB058106-2-01,Serra do Alagamar XXXV,-36.318061934999946,-6.556310293999957,PB,2,12.4,12.4,-6.5,-36.25,latm6p50_lonm36p25
EOLCVPB066070-1-01,Almas 1,-37.00453958799994,-6.983348702999933,PB,16,55.44,55.44,-7.0,-37.0,latm7p00_lonm37p00
EOLCVPB066071-0-01,Almas 2,-36.99648790699996,-7.036030055999959,PB,6,20.79,20.79,-7.0,-37.0,latm7p00_lonm37p00
EOLCVPB066072-8-01,Almas 3,-36.95533202699994,-6.992756784999926,PB,14,48.51,48.51,-7.0,-37.0,latm7p00_lonm37p00
EOLCVPB066073-6-01,Almas 4,-36.93082481499994,-6.946553672999926,PB,7,24.255,24.255,-7.0,-37.0,latm7p00_lonm37p00
EOLCVPB072861-6-01,Ventos de São Salomão 01,-36.66511669699997,-8.041603239999972,PB,15,63.0,63.0,-8.0,-36.75,latm8p00_lonm36p75
EOLCVPB072862-4-01,Ventos de São Salomão 02,-36.68910546999996,-8.076148161999981,PB,15,63.0,63.0,-8.0,-36.75,latm8p00_lonm36p75
EOLCVPB072863-2-01,Ventos de São Salomão 03,-36.734833666999975,-8.080769669999938,PB,15,63.0,63.0,-8.0,-36.75,latm8p00_lonm36p75
EOLCVPB072864-0-01,Ventos de São Salomão 04,-36.74190094299996,-8.13887348299994,PB,15,63.0,63.0,-8.25,-36.75,latm8p25_lonm36p75
EOLCVPB072865-9-01,Ventos de São Salomão 05,-36.789545474999954,-8.174432946999957,PB,15,63.0,63.0,-8.25,-36.75,latm8p25_lonm36p75
EOLCVPB072866-7-01,Ventos de São Salomão 06,-36.75225096699995,-8.102965644999927,PB,15,63.0,63.0,-8.0,-36.75,latm8p00_lonm36p75
EOLCVPB072867-5-01,Ventos de São Salomão 07,-36.78997852999999,-8.151774587999967,PB,15,63.0,63.0,-8.25,-36.75,latm8p25_lonm36p75
EOLCVPB072868-3-01,Ventos de São Salomão 08,-36.81868410299995,-8.171174442999927,PB,15,63.0,63.0,-8.25,-36.75,latm8p25_lonm36p75
EOLCVPB072869-1-01,Ventos de São Salomão 09,-36.85408085299997,-8.203806036999936,PB,15,63.0,63.0,-8.25,-36.75,latm8p25_lonm36p75
EOLCVPB072870-5-01,Ventos de São Salomão 10,-36.88188288499998,-8.18276459699996,PB,15,63.0,63.0,-8.25,-37.0,latm8p25_lonm37p00
EOLCVPB073230-3-01,Vila de Junco 5,-36.66103214399993,-6.9554130959999725,PB,7,46.199999999999996,46.199999999999996,-7.0,-36.75,latm7p00_lonm36p75
EOLCVPB074299-6-01,Santapape II 01,-36.98861699999998,-7.06074899999993,PB,0,0.0,0.0,-7.0,-37.0,latm7p00_lonm37p00
EOLCVPB074300-3-01,Santapape II 02,-36.96929199999994,-7.022297999999978,PB,0,0.0,0.0,-7.0,-37.0,latm7p00_lonm37p00
EOLCVPB074301-1-01,Santapape II 03,-36.90326099999993,-6.9725669999999695,PB,0,0.0,0.0,-7.0,-37.0,latm7p00_lonm37p00
EOLCVPB074302-0-01,Santapape II 04,-36.97004499999997,-6.952590999999927,PB,0,0.0,0.0,-7.0,-37.0,latm7p00_lonm37p00
EOLCVPB074303-8-01,Santapape II 05,-36.96454099999994,-6.942857999999944,PB,0,0.0,0.0,-7.0,-37.0,latm7p00_lonm37p00
EOLCVPB074304-6-01,Santapape II 06,-36.93956799999995,-6.958153999999979,PB,0,0.0,0.0,-7.0,-37.0,latm7p00_lonm37p00
EOLCVPB074305-4-01,Santapape II 07,-36.79550199999994,-6.817926999999941,PB,0,0.0,0.0,-6.75,-36.75,latm6p75_lonm36p75
EOLCVPB074306-2-01,Santapape IV 01,-37.021094999999946,-7.092882999999972,PB,0,0.0,0.0,-7.0,-37.0,latm7p00_lonm37p00
EOLCVPB074307-0-01,Santapape IV 02,-36.97030199999995,-7.091686999999979,PB,0,0.0,0.0,-7.0,-37.0,latm7p00_lonm37p00
EOLCVPB074308-9-01,Santapape IV 03,-36.93217099999998,-7.084214999999972,PB,0,0.0,0.0,-7.0,-37.0,latm7p00_lonm37p00
EOLCVPB074309-7-01,Santapape IV 04,-36.882033999999976,-7.063015999999948,PB,0,0.0,0.0,-7.0,-37.0,latm7p00_lonm37p00
EOLCVPB074310-0-01,Santapape IV 05,-36.83375099999995,-7.053085999999951,PB,0,0.0,0.0,-7.0,-36.75,latm7p00_lonm36p75
EOLCVPB074311-9-01,Santapape IV 06,-36.77938899999998,-7.037689999999941,PB,0,0.0,0.0,-7.0,-36.75,latm7p00_lonm36p75
EOLCVPB074312-7-01,Santapape IV 07,-36.71870299999995,-7.122440999999981,PB,0,0.0,0.0,-7.0,-36.75,latm7p00_lonm36p75
EOLCVPB074503-0,Princesa Isabel 1,-38.15979003899997,-7.682006835999971,PB,0,0.0,0.0,-7.75,-38.25,latm7p75_lonm38p25
EOLCVPB074504-9,Princesa Isabel 2,-38.15850830099998,-7.633789062999938,PB,0,0.0,0.0,-7.75,-38.25,latm7p75_lonm38p25
EOLCVPB074505-7,Princesa Isabel 3,-38.12579345699993,-7.658508300999927,PB,0,0.0,0.0,-7.75,-38.25,latm7p75_lonm38p25
EOLCVPB074506-5,Princesa Isabel 4,-38.10211181599993,-7.602294921999942,PB,0,0.0,0.0,-7.5,-38.0,latm7p50_lonm38p00
EOLCVPB074507-3,Princesa Isabel 5,-38.08959960899995,-7.649719237999932,PB,0,0.0,0.0,-7.75,-38.0,latm7p75_lonm38p00
EOLCVPB074508-1,Princesa Isabel 6,-38.10211181599993,-7.680480956999929,PB,0,0.0,0.0,-7.75,-38.0,latm7p75_lonm38p00
EOLCVPB074509-0,Princesa Isabel 7,-38.06982421899994,-7.563720702999944,PB,0,0.0,0.0,-7.5,-38.0,latm7p50_lonm38p00
EOLCVPB074510-3,Princesa Isabel 8,-38.01538085899995,-7.592529296999942,PB,0,0.0,0.0,-7.5,-38.0,latm7p50_lonm38p00
EOLCVPB074511-1,Princesa Isabel 9,-38.02288818399995,-7.659729003999928,PB,0,0.0,0.0,-7.75,-38.0,latm7p75_lonm38p00
EOLCVPB074512-0,Princesa Isabel 10,-37.96191406299994,-7.597595214999956,PB,0,0.0,0.0,-7.5,-38.0,latm7p50_lonm38p00
EOLCVPB074513-8,Princesa Isabel 11,-37.93872070299994,-7.523803710999971,PB,0,0.0,0.0,-7.5,-38.0,latm7p50_lonm38p00
EOLCVPB074514-6,Princesa Isabel 12,-37.90521240199996,-7.552917479999962,PB,0,0.0,0.0,-7.5,-38.0,latm7p50_lonm38p00
EOLCVPB074515-4,Princesa Isabel 13,-37.878295897999976,-7.500488280999946,PB,0,0.0,0.0,-7.5,-38.0,latm7p50_lonm38p00
EOLCVPE028481-5-01,Pirauá,-35.495521322999934,-7.495334580999952,PE,28481,4.949999999999999,4.949999999999999,-7.5,-35.5,latm7p50_lonm35p50
EOLCVPE029011-4-01,Xavante,-35.38888886799998,-8.174999921999927,PE,3,4.949999999999999,4.949999999999999,-8.25,-35.5,latm8p25_lonm35p50
EOLCVPE029015-7-01,Mandacaru,-35.59637598999996,-8.27899808199993,PE,3,4.949999999999999,4.949999999999999,-8.25,-35.5,latm8p25_lonm35p50
EOLCVPE029019-0-01,Santa Maria,-35.595234964999975,-8.290523836999967,PE,3,4.949999999999999,4.949999999999999,-8.25,-35.5,latm8p25_lonm35p50
EOLCVPE029020-3-01,Gravatá Fruitrade,-35.59640496099996,-8.268160766999927,PE,3,4.949999999999999,4.949999999999999,-8.25,-35.5,latm8p25_lonm35p50
EOLCVPE030789-0-01,Tacaicó,-38.05601450399996,-9.018736891999936,PE,8,18.8,18.8,-9.0,-38.0,latm9p00_lonm38p00
EOLCVPE030805-6-01,Pau Ferro,-38.11857986499996,-9.06248187999995,PE,13,30.55,30.549999999999997,-9.0,-38.0,latm9p00_lonm38p00
EOLCVPE030806-4-01,Pedra do Gerônimo,-38.14478301999998,-9.067193030999931,PE,13,30.55,30.549999999999997,-9.0,-38.25,latm9p00_lonm38p25
EOLCVPE031006-9-01,Caminho da Praia,-35.005296156999975,-8.33437874799995,PE,1,2.0,2.0,-8.25,-35.0,latm8p25_lonm35p00
EOLCVPE031346-7-01,Ventos de Santa Brígida V,-36.73023703299998,-8.846492412999964,PE,17,28.9,28.9,-8.75,-36.75,latm8p75_lonm36p75
EOLCVPE031353-0-01,Ventos de Santa Brígida VI,-36.747064369999975,-8.86806194099995,PE,17,28.9,28.9,-8.75,-36.75,latm8p75_lonm36p75
EOLCVPE031354-8-01,Ventos de Santa Brígida III,-36.769663073999936,-8.845085726999969,PE,17,28.9,28.9,-8.75,-36.75,latm8p75_lonm36p75
EOLCVPE031363-7-01,Ventos de Santa Brígida II,-36.73376938399997,-8.796904430999973,PE,16,27.2,27.2,-8.75,-36.75,latm8p75_lonm36p75
EOLCVPE031365-3-01,Ventos de Santa Brígida I,-36.74873861399993,-8.809883107999951,PE,8,13.6,13.6,-8.75,-36.75,latm8p75_lonm36p75
EOLCVPE031370-0-01,Ventos de Santa Brígida IV,-36.76018312199994,-8.833776584999953,PE,16,27.2,27.2,-8.75,-36.75,latm8p75_lonm36p75
EOLCVPE031422-6-01,Ventos de Santa Brígida VII,-36.75791783599993,-8.802547514999958,PE,16,27.2,27.2,-8.75,-36.75,latm8p75_lonm36p75
EOLCVPE031537-0-01,Serra das Vacas I,-36.747708228999954,-8.91133392699993,PE,14,23.92,23.92,-9.0,-36.75,latm9p00_lonm36p75
EOLCVPE031540-0-01,Serra das Vacas II,-36.72570165599996,-8.89518998799997,PE,13,22.295,22.295,-9.0,-36.75,latm9p00_lonm36p75
EOLCVPE031560-5-01,Serra das Vacas III,-36.75792469999993,-8.903080991999957,PE,13,22.235,22.235,-9.0,-36.75,latm9p00_lonm36p75
EOLCVPE031574-5-01,Serra das Vacas IV,-36.72957300299999,-8.913809997999977,PE,13,22.295,22.295,-9.0,-36.75,latm9p00_lonm36p75
EOLCVPE031761-6-01,Ventos de Santo Estevão I,-40.62081321299996,-7.744187472999954,PE,11,25.299999999999997,25.299999999999997,-7.75,-40.5,latm7p75_lonm40p50
EOLCVPE031762-4-01,Ventos de Santo Estevão II,-40.62963427999995,-7.748173595999958,PE,11,25.299999999999997,25.3,-7.75,-40.75,latm7p75_lonm40p75
EOLCVPE031763-2-01,Ventos de Santo Estevão III,-40.65840945799994,-7.72832965799995,PE,13,29.9,29.900000000000002,-7.75,-40.75,latm7p75_lonm40p75
EOLCVPE031764-0-01,Ventos de Santo Estevão V,-40.67332145599994,-7.759876618999954,PE,12,27.599999999999998,27.6,-7.75,-40.75,latm7p75_lonm40p75
EOLCVPE031807-8-01,Ouro Branco 1,-36.75098901999996,-8.187651839999944,PE,8,36.0,36.0,-8.25,-36.75,latm8p25_lonm36p75
EOLCVPE031808-6-01,Ouro Branco 2,-36.73764847299998,-8.177264162999961,PE,8,33.59999847416,33.59999847416,-8.25,-36.75,latm8p25_lonm36p75
EOLCVPE031809-4-01,Quatro Ventos,-35.493657552999935,-7.485596054999974,PE,5,22.5,22.5,-7.5,-35.5,latm7p50_lonm35p50
EOLCVPE031818-3-01,Ventos de São Clemente 1,-36.69993267499996,-8.726319666999927,PE,17,31.365,31.365,-8.75,-36.75,latm8p75_lonm36p75
EOLCVPE031819-1-01,Ventos de São Clemente 2,-36.73365648199996,-8.709304419999967,PE,17,31.365,31.365000000000002,-8.75,-36.75,latm8p75_lonm36p75
EOLCVPE031820-5-01,Ventos de São Clemente 3,-36.71414956999996,-8.75765053999993,PE,17,31.365,31.365000000000002,-8.75,-36.75,latm8p75_lonm36p75
EOLCVPE031821-3-01,Ventos de São Clemente 4,-36.74807955199998,-8.76507967799995,PE,17,31.365,31.365000000000002,-8.75,-36.75,latm8p75_lonm36p75
EOLCVPE031822-1-01,Ventos de São Clemente 5,-36.76281690099995,-8.709886681999933,PE,17,31.365,31.365000000000002,-8.75,-36.75,latm8p75_lonm36p75
EOLCVPE031823-0-01,Ventos de São Clemente 6,-36.75832376499994,-8.781044663999978,PE,15,27.675,27.674999999999997,-8.75,-36.75,latm8p75_lonm36p75
EOLCVPE031824-8-01,Ventos de São Clemente 7,-36.75012432399996,-8.750239748999945,PE,14,25.83,25.83,-8.75,-36.75,latm8p75_lonm36p75
EOLCVPE031825-6-01,Ventos de São Clemente 8,-36.77568458899998,-8.70454105899995,PE,12,22.14,22.14,-8.75,-36.75,latm8p75_lonm36p75
EOLCVPE032360-8-01,Serra das Vacas V,-36.775603537999984,-8.915572375999943,PE,11,25.299999999999997,25.3,-9.0,-36.75,latm9p00_lonm36p75
EOLCVPE032361-6-01,Serra das Vacas VII,-36.782241263999936,-8.92096120499997,PE,11,25.299999999999997,25.3,-9.0,-36.75,latm9p00_lonm36p75
EOLCVPE032365-9-01,Ventos de Santo Estevão IV,-40.59414549399997,-7.726597760999937,PE,13,29.9,29.9,-7.75,-40.5,latm7p75_lonm40p50
EOLCVPE035249-7-01,Ventos de Santo Antero,-40.51767513399994,-8.003669297999977,PE,11,48.400000000000006,49.5,-8.0,-40.5,latm8p00_lonm40p50
EOLCVPE035250-0-01,Ventos de São Bernardo,-40.51318664299998,-7.996804434999944,PE,10,44.0,45.0,-8.0,-40.5,latm8p00_lonm40p50
EOLCVPE038134-9-01,Ventos de São Zacarias 09,-40.66453549199997,-7.56676600399993,PE,8,45.6,45.6,-7.5,-40.75,latm7p50_lonm40p75
EOLCVPE038135-7-01,Ventos de São Zacarias 10,-40.689059149999935,-7.511588238999934,PE,8,45.6,45.6,-7.5,-40.75,latm7p50_lonm40p75
EOLCVPE044553-3-01,Pau Ferro II,-38.09987769799994,-9.036458567999944,PE,9,49.5,49.5,-9.0,-38.0,latm9p00_lonm38p00
EOLCVPE044554-1-01,Tacaicó II,-38.07471800099995,-9.016689222999958,PE,9,49.5,49.5,-9.0,-38.0,latm9p00_lonm38p00
EOLCVPE049353-8-01,Serra das Vacas A,-36.73473384699997,-8.974497130999964,PE,8,46.4,45.0,-9.0,-36.75,latm9p00_lonm36p75
EOLCVPE049354-6-01,Serra das Vacas B,-36.788085604999935,-8.983786943999974,PE,9,40.5,40.5,-9.0,-36.75,latm9p00_lonm36p75
EOLCVPE050092-5-01,Ventos de São João 01,-41.14185237799995,-8.519208839999976,PI,9,37.800000000000004,37.800000000000004,-8.5,-41.25,latm8p50_lonm41p25
EOLCVPE050095-0-01,Ventos de São João 04,-41.09915596099995,-8.558962544999929,PE,9,37.800000000000004,37.800000000000004,-8.5,-41.0,latm8p50_lonm41p00
EOLCVPE072558-7-01,Ventos de São Tetônio 01,-37.41018562899996,-8.749365040999976,PE,10,66.0,66.0,-8.75,-37.5,latm8p75_lonm37p50
EOLCVPE072559-5-01,Ventos de São Tetônio 02,-37.37951463299993,-8.719333923999955,PE,10,66.0,66.0,-8.75,-37.5,latm8p75_lonm37p50
EOLCVPE072560-9-01,Ventos de São Tetônio 03,-37.35819135599996,-8.716041590999964,PE,8,52.8,52.8,-8.75,-37.25,latm8p75_lonm37p25
EOLCVPE072561-7-01,Ventos de São Tetônio 04,-37.35270588599997,-8.68618042199995,PE,9,59.4,59.4,-8.75,-37.25,latm8p75_lonm37p25
EOLCVPE072562-5-01,Ventos de São Tetônio 05,-37.34428460599997,-8.669118569999966,PE,9,59.4,59.4,-8.75,-37.25,latm8p75_lonm37p25
EOLCVPE072595-1-01,Ventos de São Brás 01,-37.634167859999934,-8.901695939999968,PE,4,26.4,26.4,-9.0,-37.75,latm9p00_lonm37p75
EOLCVPE072596-0-01,Ventos de São Brás 02,-37.62866952999997,-8.891122939999946,PE,4,26.4,26.4,-9.0,-37.75,latm9p00_lonm37p75
EOLCVPE072597-8-01,Ventos de São Brás 03,-37.61866109999994,-8.880677919999926,PE,4,26.4,26.4,-9.0,-37.5,latm9p00_lonm37p50
EOLCVPE072598-6-01,Ventos de São Brás 04,-37.66208027999994,-8.890159249999954,PE,4,26.4,26.4,-9.0,-37.75,latm9p00_lonm37p75
EOLCVPE072599-4-01,Ventos de São Brás 05,-37.64949901999995,-8.889254819999962,PE,5,33.0,33.0,-9.0,-37.75,latm9p00_lonm37p75
EOLCVPE072800-4-01,Ventos de São Bosco 01,-37.48182986999996,-8.892127049999942,PE,10,66.0,66.0,-9.0,-37.5,latm9p00_lonm37p50
EOLCVPE072801-2-01,Ventos de São Bosco 02,-37.44929567999998,-8.866693639999937,PE,10,66.0,66.0,-8.75,-37.5,latm8p75_lonm37p50
EOLCVPE073522-1-01,Buíque IX,-37.21323189599997,-8.624073146999933,PE,4,18.0,18.0,-8.5,-37.25,latm8p50_lonm37p25
EOLCVPE073523-0-01,Buíque I,-37.28802744899997,-8.666176193999945,PE,8,36.0,36.0,-8.75,-37.25,latm8p75_lonm37p25
EOLCVPE073524-8-01,Buíque II,-37.274454108999976,-8.673917772999971,PE,6,27.0,27.0,-8.75,-37.25,latm8p75_lonm37p25
EOLCVPE073525-6-01,Buíque III,-37.25688159799995,-8.664091481999947,PE,4,18.0,18.0,-8.75,-37.25,latm8p75_lonm37p25
EOLCVPE073526-4-01,Buíque IV,-37.25796772199993,-8.64919647499994,PE,7,31.5,31.5,-8.75,-37.25,latm8p75_lonm37p25
EOLCVPE073527-2-01,Buíque V,-37.244438300999946,-8.633773688999952,PE,7,31.5,31.5,-8.75,-37.25,latm8p75_lonm37p25
EOLCVPE073528-0-01,Buíque VI,-37.233775725999976,-8.644809145999943,PE,4,18.0,18.0,-8.75,-37.25,latm8p75_lonm37p25
EOLCVPE073529-9-01,Buíque VII,-37.21933418199996,-8.643991853999978,PE,7,31.5,31.5,-8.75,-37.25,latm8p75_lonm37p25
EOLCVPE073530-2-01,Buíque VIII,-37.21703401599996,-8.64240800899995,PE,7,31.5,31.5,-8.75,-37.25,latm8p75_lonm37p25
EOLCVPE073531-0-01,Buíque X,-37.20332129299993,-8.59891098099996,PE,5,22.5,22.5,-8.5,-37.25,latm8p50_lonm37p25
EOLCVPE073532-9-01,Buíque XI,-37.17649747599995,-8.596832004999953,PE,6,27.0,27.0,-8.5,-37.25,latm8p50_lonm37p25
EOLCVPE073533-7-01,Buíque XII,-37.18299522899997,-8.611472832999937,PE,5,22.5,22.5,-8.5,-37.25,latm8p50_lonm37p25
EOLCVPE073652-0-01,Belamadre 01,-36.44145799999996,-8.173852999999951,PE,0,0.0,0.0,-8.25,-36.5,latm8p25_lonm36p50
EOLCVPE073653-8-01,Belamadre 02,-36.368158999999935,-8.189131999999972,PE,0,0.0,0.0,-8.25,-36.25,latm8p25_lonm36p25
EOLCVPE073654-6-01,Belamadre 03,-36.43875799999995,-8.21736599999997,PE,0,0.0,0.0,-8.25,-36.5,latm8p25_lonm36p50
EOLCVPE073655-4-01,Belamadre 04,-36.554240999999934,-8.271992999999952,PE,0,0.0,0.0,-8.25,-36.5,latm8p25_lonm36p50
EOLCVPE073656-2-01,Belamadre 05,-36.536734999999965,-8.23470599999996,PE,0,0.0,0.0,-8.25,-36.5,latm8p25_lonm36p50
EOLCVPE073657-0-01,Belamadre 06,-36.513713999999936,-8.260337999999933,PE,0,0.0,0.0,-8.25,-36.5,latm8p25_lonm36p50
EOLCVPE073658-9-01,Belamadre 07,-36.48337799999996,-8.268913999999938,PE,0,0.0,0.0,-8.25,-36.5,latm8p25_lonm36p50
EOLCVPE073659-7-01,Belamadre 08,-36.46958499999994,-8.249433999999951,PE,0,0.0,0.0,-8.25,-36.5,latm8p25_lonm36p50
EOLCVPE073696-1-01,Serra de São Bento 1,-36.19529679999994,-8.287117459999934,PE,0,0.0,0.0,-8.25,-36.25,latm8p25_lonm36p25
EOLCVPE073697-0-01,Serra de São Bento 2,-36.17462607999994,-8.275587659999928,PE,0,0.0,0.0,-8.25,-36.25,latm8p25_lonm36p25
EOLCVPE073698-8-01,Serra de São Bento 3,-36.168093649999946,-8.274601769999947,PE,0,0.0,0.0,-8.25,-36.25,latm8p25_lonm36p25
EOLCVPE073699-6-01,Serra de São Bento 4,-36.13709874999995,-8.237312029999941,PE,0,0.0,0.0,-8.25,-36.25,latm8p25_lonm36p25
EOLCVPE073700-3-01,Serra de São Bento 5,-36.13219945999998,-8.214916599999981,PE,0,0.0,0.0,-8.25,-36.25,latm8p25_lonm36p25
EOLCVPE073701-1-01,Serra de São Bento 6,-36.12097561999997,-8.209515119999935,PE,0,0.0,0.0,-8.25,-36.0,latm8p25_lonm36p00
EOLCVPE073702-0-01,Serra de São Bento 7,-36.10536289999993,-8.195399919999943,PE,0,0.0,0.0,-8.25,-36.0,latm8p25_lonm36p00
EOLCVPE073703-8-01,Serra de São Bento 8,-36.10059295999997,-8.179167159999963,PE,0,0.0,0.0,-8.25,-36.0,latm8p25_lonm36p00
EOLCVPE073704-6-01,Serra de São Bento 9,-36.08430593999998,-8.164513929999941,PE,0,0.0,0.0,-8.25,-36.0,latm8p25_lonm36p00
EOLCVPE073705-4-01,Serra de São Bento 10,-36.13403997999996,-8.201061709999976,PE,0,0.0,0.0,-8.25,-36.25,latm8p25_lonm36p25
EOLCVPE073706-2-01,Serra de São Bento 11,-36.11888552999994,-8.183688809999978,PE,0,0.0,0.0,-8.25,-36.0,latm8p25_lonm36p00
EOLCVPE073707-0-01,Serra de São Bento 12,-36.13219945999998,-8.214916599999981,PE,0,0.0,0.0,-8.25,-36.25,latm8p25_lonm36p25
EOLCVPE073708-9-01,Serra de São Bento 13,-36.07681219999995,-8.121430349999969,PE,0,0.0,0.0,-8.0,-36.0,latm8p00_lonm36p00
EOLCVPE073709-7-01,Serra de São Bento 14,-36.06234378999994,-8.108895279999956,PE,0,0.0,0.0,-8.0,-36.0,latm8p00_lonm36p00
EOLCVPE074482-4,Paulistana 1,-41.09527587899999,-8.58898925799997,PE,0,0.0,0.0,-8.5,-41.0,latm8p50_lonm41p00
EOLCVPE074483-2,Paulistana 2,-41.12811279299996,-8.576721190999933,PE,0,0.0,0.0,-8.5,-41.25,latm8p50_lonm41p25
EOLCVPE074484-0,Paulistana 3,-41.090515136999954,-8.544677733999947,PE,0,0.0,0.0,-8.5,-41.0,latm8p50_lonm41p00
EOLCVPE074485-9,Paulistana 4,-41.12011718799994,-8.548583983999947,PE,0,0.0,0.0,-8.5,-41.0,latm8p50_lonm41p00
EOLCVPE075222-3-01,Manari 05,-37.46960449199997,-8.797424315999933,PE,0,0.0,0.0,-8.75,-37.5,latm8p75_lonm37p50
EOLCVPE075223-1-01,Manari 01,-37.39410400399999,-8.779785155999946,PE,0,0.0,0.0,-8.75,-37.5,latm8p75_lonm37p50
EOLCVPE075224-0-01,Manari 02,-37.49279785199997,-8.848815917999957,PE,0,0.0,0.0,-8.75,-37.5,latm8p75_lonm37p50
EOLCVPE075225-8-01,Manari 03,-37.43749999999994,-8.768005370999958,PE,0,0.0,0.0,-8.75,-37.5,latm8p75_lonm37p50
EOLCVPE075226-6-01,Manari 04,-37.41870117199994,-8.785522460999971,PE,0,0.0,0.0,-8.75,-37.5,latm8p75_lonm37p50
EOLCVPE075260-6-01,Ventos De São Brás 06,-37.63928222699997,-8.883789062999938,PE,0,0.0,0.0,-9.0,-37.75,latm9p00_lonm37p75
EOLCVPE075261-4-01,Ventos De São Brás 07,-37.60430908199993,-8.860107421999942,PE,0,0.0,0.0,-8.75,-37.5,latm8p75_lonm37p50
EOLCVPE075262-2-01,Ventos De São Brás 08,-37.64569091799996,-8.90539550799997,PE,0,0.0,0.0,-9.0,-37.75,latm9p00_lonm37p75
EOLCVPE075263-0-01,Ventos De São Bosco 03,-37.44171142599998,-8.794006347999925,PE,0,0.0,0.0,-8.75,-37.5,latm8p75_lonm37p50
EOLCVPE075264-9-01,Ventos De São Bosco 04,-37.43341064499998,-8.78662109399994,PE,0,0.0,0.0,-8.75,-37.5,latm8p75_lonm37p50
EOLCVPE075265-7-01,Ventos De São Bosco 05,-37.42492675799997,-8.779296874999943,PE,0,0.0,0.0,-8.75,-37.5,latm8p75_lonm37p50
EOLCVPE075266-5-01,Ventos De São Bosco 06,-37.418090819999975,-8.770019530999946,PE,0,0.0,0.0,-8.75,-37.5,latm8p75_lonm37p50
EOLCVPE075267-3-01,Ventos De São Bosco 07,-37.40930175799997,-8.792602538999972,PE,0,0.0,0.0,-8.75,-37.5,latm8p75_lonm37p50
EOLCVPE075268-1-01,Ventos De São Bosco 08,-37.40130615199996,-8.781188964999956,PE,0,0.0,0.0,-8.75,-37.5,latm8p75_lonm37p50
EOLCVPE075269-0-01,Ventos De São Bosco 09,-37.38909912099996,-8.791381835999971,PE,0,0.0,0.0,-8.75,-37.5,latm8p75_lonm37p50
EOLCVPE075309-2-01,Toada 2,-40.60045899999994,-7.41838802999996,PE,0,0.0,0.0,-7.5,-40.5,latm7p50_lonm40p50
EOLCVPE075310-6-01,Toada 3,-40.63141499999995,-7.44767730999996,PE,0,0.0,0.0,-7.5,-40.75,latm7p50_lonm40p75
EOLCVPE075311-4-01,Toada 4,-40.64673399999998,-7.466729139999927,PE,0,0.0,0.0,-7.5,-40.75,latm7p50_lonm40p75
EOLCVPE075312-2-01,Toada 5,-40.62695499999995,-7.473101939999935,PE,0,0.0,0.0,-7.5,-40.75,latm7p50_lonm40p75
EOLCVPE075313-0-01,Toada 6,-40.59663599999993,-7.480610579999961,PE,0,0.0,0.0,-7.5,-40.5,latm7p50_lonm40p50
EOLCVPE075314-9-01,Toada 7,-40.59078999999997,-7.452951759999962,PE,0,0.0,0.0,-7.5,-40.5,latm7p50_lonm40p50
EOLCVPE075315-7-01,Toada 8,-40.58860099999998,-7.437453199999936,PE,0,0.0,0.0,-7.5,-40.5,latm7p50_lonm40p50
EOLCVPI028731-8-01,Pedra do Sal,-41.707085534999976,-2.8262469409999653,PI,20,18.0,18.0,-2.75,-41.75,latm2p75_lonm41p75
EOLCVPI030639-8-01,Porto do Delta,-41.69759555299999,-2.842781848999948,PI,14,30.800000000000004,30.800000000000004,-2.75,-41.75,latm2p75_lonm41p75
EOLCVPI030827-7-01,Porto das Barcas,-41.741757922999966,-2.8206509929999584,PI,10,20.0,20.0,-2.75,-41.75,latm2p75_lonm41p75
EOLCVPI030830-7-01,Porto Salgado,-41.72699663999998,-2.839822154999979,PI,10,20.0,20.0,-2.75,-41.75,latm2p75_lonm41p75
EOLCVPI030838-2-01,Delta do Parnaíba,-41.70736160799999,-2.837140057999932,PI,15,30.0,30.0,-2.75,-41.75,latm2p75_lonm41p75
EOLCVPI031270-3-01,Ventos de Santa Edwiges,-40.55498054399993,-7.306960917999959,PI,11,29.70000055,29.7,-7.25,-40.5,latm7p25_lonm40p50
EOLCVPI031271-1-01,Ventos de Santo Adriano,-40.57947837599994,-7.330579479999926,PI,11,29.70000055,10.8,-7.25,-40.5,latm7p25_lonm40p50
EOLCVPI031272-0-01,Ventos de Santo Albano,-40.60046442199996,-7.352916454999956,PI,11,29.70000055,29.7,-7.25,-40.5,latm7p25_lonm40p50
EOLCVPI031273-8-01,Ventos de Santa Fátima,-40.55418635299998,-7.300020162999942,PI,11,29.70000055,29.7,-7.25,-40.5,latm7p25_lonm40p50
EOLCVPI031274-6-01,Ventos de Santa Bárbara,-40.53635415799994,-7.303398216999938,PI,11,29.70000055,29.7,-7.25,-40.5,latm7p25_lonm40p50
EOLCVPI031275-4-01,Ventos de Santa Angelina,-40.53001362799995,-7.304707744999973,PI,11,29.70000055,29.7,-7.25,-40.5,latm7p25_lonm40p50
EOLCVPI031276-2-01,Ventos de Santa Regina,-40.58999031099995,-7.330108872999972,PI,11,29.70000055,29.7,-7.25,-40.5,latm7p25_lonm40p50
EOLCVPI031361-0-01,Ventos de Santa Joana II,-40.70317551599993,-7.569681935999938,PI,15,30.0,30.0,-7.5,-40.75,latm7p50_lonm40p75
EOLCVPI031362-9-01,Ventos de Santo Onofre II,-40.730360866999945,-7.594595111999979,PI,15,30.0,30.0,-7.5,-40.75,latm7p50_lonm40p75
EOLCVPI031364-5-01,Ventos de Santo Onofre I,-40.72552397399994,-7.553312326999958,PI,15,30.0,30.0,-7.5,-40.75,latm7p50_lonm40p75
EOLCVPI031366-1-01,Ventos de Santa Joana VIII,-40.73249200599997,-7.597686091999947,PI,15,30.0,30.0,-7.5,-40.75,latm7p50_lonm40p75
EOLCVPI031367-0-01,Ventos de Santa Joana VI,-40.74420422299994,-7.5265897789999485,PI,15,30.0,30.0,-7.5,-40.75,latm7p50_lonm40p75
EOLCVPI031368-8-01,Ventos de Santa Joana XIV,-40.73443836499996,-7.51089593599994,PI,15,30.0,30.0,-7.5,-40.75,latm7p50_lonm40p75
EOLCVPI031388-2-01,Ventos de Santa Joana XI,-40.799781725999935,-7.482959223999956,PI,16,29.6,29.6,-7.5,-40.75,latm7p50_lonm40p75
EOLCVPI031392-0-01,Ventos de Santa Joana XVI,-40.72366987199996,-7.458821455999953,PI,17,28.9,28.9,-7.5,-40.75,latm7p50_lonm40p75
EOLCVPI031393-9-01,Ventos de Santa Joana X,-40.70826930599998,-7.43867580899996,PI,16,29.6,29.6,-7.5,-40.75,latm7p50_lonm40p75
EOLCVPI031394-7-01,Ventos de Santa Joana XIII,-40.71088116399994,-7.410352466999939,PI,16,29.6,29.6,-7.5,-40.75,latm7p50_lonm40p75
EOLCVPI031414-5-01,Ventos de Santa Joana XII,-40.75404391699993,-7.485980653999945,PI,17,28.9,28.9,-7.5,-40.75,latm7p50_lonm40p75
EOLCVPI031416-1-01,Ventos de Santa Joana XV,-40.76739152999994,-7.477780830999961,PI,17,28.9,28.9,-7.5,-40.75,latm7p50_lonm40p75
EOLCVPI031417-0-01,Ventos de Santa Joana IX,-40.74413273999994,-7.451661538999929,PI,16,29.6,29.6,-7.5,-40.75,latm7p50_lonm40p75
EOLCVPI031520-6-01,Ventos de Santa Joana IV,-40.68637239199995,-7.451333883999951,PI,16,27.2,27.2,-7.5,-40.75,latm7p50_lonm40p75
EOLCVPI031538-9-01,Ventos de Santa Joana V,-40.67417409099994,-7.370887925999966,PI,17,28.9,28.9,-7.25,-40.75,latm7p25_lonm40p75
EOLCVPI031580-0-01,Ventos de Santa Joana III,-40.74645096699993,-7.43772817699994,PI,16,29.6,29.6,-7.5,-40.75,latm7p50_lonm40p75
EOLCVPI031581-8-01,Ventos de Santa Joana I,-40.67152867899995,-7.423658247999981,PI,17,28.9,28.9,-7.5,-40.75,latm7p50_lonm40p75
EOLCVPI031597-4-01,Ventos de Santa Joana VII,-40.66857176199994,-7.413017811999964,PI,17,28.9,28.9,-7.5,-40.75,latm7p50_lonm40p75
EOLCVPI031603-2-01,Ventos de Santo Augusto IV,-40.69776190899995,-7.385817682999971,PI,17,28.9,28.9,-7.5,-40.75,latm7p50_lonm40p75
EOLCVPI031661-0-01,Ventos de Santo Augusto V,-40.695116121999945,-7.409291610999958,PI,16,29.6,29.599999999999998,-7.5,-40.75,latm7p50_lonm40p75
EOLCVPI031662-8-01,Ventos de Santo Augusto III,-40.70717537799993,-7.372345504999942,PI,16,29.6,29.6,-7.25,-40.75,latm7p25_lonm40p75
EOLCVPI031666-0-01,Testa Branca I,-41.78222169099996,-2.816603372999964,PI,10,23.0,23.0,-2.75,-41.75,latm2p75_lonm41p75
EOLCVPI031749-7-01,Ventos de Santo Augusto VII,-40.67930223899998,-7.725210196999967,PI,8,18.4,18.4,-7.75,-40.75,latm7p75_lonm40p75
EOLCVPI031766-7-01,Ventos de Santo Augusto VI,-40.67615504699995,-7.713969125999938,PI,13,29.9,29.9,-7.75,-40.75,latm7p75_lonm40p75
EOLCVPI031767-5-01,Ventos de Santo Augusto VIII,-40.67772375399994,-7.77070452099997,PI,8,18.4,18.4,-7.75,-40.75,latm7p75_lonm40p75
EOLCVPI032366-7-01,Ventos de Santo Onofre IV,-40.72435221899997,-7.740924853999957,PI,12,27.599999999999998,27.599999999999998,-7.75,-40.75,latm7p75_lonm40p75
EOLCVPI032367-5-01,Ventos de São Virgilio 01,-40.68834448899997,-7.68814602599997,PI,13,29.9,29.9,-7.75,-40.75,latm7p75_lonm40p75
EOLCVPI032368-3-01,Ventos de São Virgílio 03,-40.657394427999975,-7.783500576999927,PI,9,19.8,19.8,-7.75,-40.75,latm7p75_lonm40p75
EOLCVPI032863-4-01,Aura Queimada Nova 01,-41.64461214199997,-8.71766785699998,PI,7,32.199999999999996,32.2,-8.75,-41.75,latm8p75_lonm41p75
EOLCVPI033005-1-01,Ventos de Santa Ângela 01,-41.558435601999975,-8.519787416999975,PI,10,31.5,31.5,-8.5,-41.5,latm8p50_lonm41p50
EOLCVPI033006-0-01,Ventos de Santa Ângela 02,-41.575102054999945,-8.544166205999943,PI,10,31.5,31.5,-8.5,-41.5,latm8p50_lonm41p50
EOLCVPI033007-8-01,Ventos de Santa Ângela 03,-41.57782473899994,-8.57641740799994,PI,10,31.5,31.5,-8.5,-41.5,latm8p50_lonm41p50
EOLCVPI033008-6-01,Ventos de Santa Ângela 04,-41.59075084899996,-8.60017785599996,PI,10,31.5,31.5,-8.5,-41.5,latm8p50_lonm41p50
EOLCVPI033009-4-01,Ventos de Santa Angela 05,-41.44506054899995,-8.462506914999949,PI,10,31.5,31.5,-8.5,-41.5,latm8p50_lonm41p50
EOLCVPI033010-8-01,Ventos de Santa Angela 06,-41.45164661099994,-8.48910781199993,PI,10,31.5,31.5,-8.5,-41.5,latm8p50_lonm41p50
EOLCVPI033011-6-01,Ventos de Santa Angela 07,-41.48050816199998,-8.53062261499997,PI,8,25.2,25.2,-8.5,-41.5,latm8p50_lonm41p50
EOLCVPI033012-4-01,Ventos de Santa Angela 08,-41.49835305299996,-8.560800191999931,PI,10,31.5,31.5,-8.5,-41.5,latm8p50_lonm41p50
EOLCVPI033013-2-01,Ventos de Santa Angela 09,-41.47952853299995,-8.595226441999955,PI,14,44.1,44.1,-8.5,-41.5,latm8p50_lonm41p50
EOLCVPI033014-0-01,Ventos de Santa Angela 10,-41.49710929799994,-8.632896564999953,PI,13,40.949999999999996,40.95,-8.75,-41.5,latm8p75_lonm41p50
EOLCVPI033015-9-01,Ventos de Santa Angela 11,-41.50975809499994,-8.667072914999949,PI,14,44.1,44.1,-8.75,-41.5,latm8p75_lonm41p50
EOLCVPI033016-7-01,Ventos de Santa Ângela 12,-41.43029546499997,-8.761648342999933,PI,10,30.0,30.0,-8.75,-41.5,latm8p75_lonm41p50
EOLCVPI033017-5-01,Ventos de Santa Ângela 13,-41.40872371299997,-8.766440798999952,PI,9,28.349999999999998,28.35,-8.75,-41.5,latm8p75_lonm41p50
EOLCVPI033018-3-01,Ventos de Santa Angela 14,-41.51810083899994,-8.708777269999928,PI,14,42.602000000000004,42.6,-8.75,-41.5,latm8p75_lonm41p50
EOLCVPI033019-1-01,Ventos de Santa Angela 15,-41.47407390499996,-8.722025659999929,PI,14,43.498000000000005,44.1,-8.75,-41.5,latm8p75_lonm41p50
EOLCVPI033020-5-01,Ventos de Santa Ângela 16,-41.55898802499996,-8.732586616999981,PI,10,31.5,31.5,-8.75,-41.5,latm8p75_lonm41p50
EOLCVPI033021-3-01,Ventos de Santa Angela 17,-41.42087958099995,-8.715924988999973,PI,15,47.25,47.25,-8.75,-41.5,latm8p75_lonm41p50
EOLCVPI033022-1-01,Ventos de Santa Angela 18,-41.399901770999975,-8.738869463999947,PI,10,31.5,31.5,-8.75,-41.5,latm8p75_lonm41p50
EOLCVPI033023-0-01,Ventos de Santa Angela 19,-41.47157169399998,-8.746180160999927,PI,10,30.0,30.0,-8.75,-41.5,latm8p75_lonm41p50
EOLCVPI033024-8-01,Ventos de Santa Angela 20,-41.451975335999975,-8.781769801999928,PI,10,30.0,30.0,-8.75,-41.5,latm8p75_lonm41p50
EOLCVPI033025-6-01,Ventos de Santa Angela 21,-41.465112200999954,-8.806563431999962,PI,9,27.0,27.0,-8.75,-41.5,latm8p75_lonm41p50
EOLCVPI033136-8-01,Ventos de São Vicente 10,-40.637838003999946,-8.006500796999944,PI,14,29.400000000000002,29.4,-8.0,-40.75,latm8p00_lonm40p75
EOLCVPI033138-4-01,Ventos de São Vicente 14,-40.58342410999995,-7.989533450999943,PI,14,29.400000000000002,29.4,-8.0,-40.5,latm8p00_lonm40p50
EOLCVPI033139-2-01,Ventos de São Vicente 13,-40.61146998699997,-8.003105772999959,PI,14,29.400000000000002,29.4,-8.0,-40.5,latm8p00_lonm40p50
EOLCVPI033140-6-01,Ventos de São Vicente 12,-40.61775580799997,-8.021373266999944,PI,14,29.400000000000002,29.4,-8.0,-40.5,latm8p00_lonm40p50
EOLCVPI033141-4-01,Ventos de São Vicente 11,-40.63490706399995,-7.99566245699998,PI,14,29.400000000000002,29.4,-8.0,-40.75,latm8p00_lonm40p75
EOLCVPI033143-0-01,Ventos de São Vicente 09,-40.65852423899997,-8.017323088999945,PI,14,29.400000000000002,29.4,-8.0,-40.75,latm8p00_lonm40p75
EOLCVPI033144-9-01,Ventos de São Vicente 08,-40.63165257099996,-8.012104645999955,PI,14,29.400000000000002,29.4,-8.0,-40.75,latm8p00_lonm40p75
EOLCVPI033479-0-01,Testa Branca III,-41.791985900999975,-2.799800533999928,PI,10,24.0,24.0,-2.75,-41.75,latm2p75_lonm41p75
EOLCVPI033618-1-01,Aura Lagoa do Barro 7,-41.63449149699994,-8.675603106999972,PI,9,27.0,33.0,-8.75,-41.75,latm8p75_lonm41p75
EOLCVPI033619-0-01,Aura Lagoa do Barro 3,-41.55139091999996,-8.613661527999966,PI,9,27.0,33.0,-8.5,-41.5,latm8p50_lonm41p50
EOLCVPI033620-3-01,Aura Lagoa do Barro 4,-41.54198501899998,-8.593391291999978,PI,9,27.0,33.0,-8.5,-41.5,latm8p50_lonm41p50
EOLCVPI033621-1-01,Aura Lagoa do Barro 1,-41.63572154999997,-8.698293158999945,PI,9,27.0,27.0,-8.75,-41.75,latm8p75_lonm41p75
EOLCVPI033622-0-01,Aura Lagoa do Barro 2,-41.565363626999954,-8.653790088999926,PI,9,27.0,27.0,-8.75,-41.5,latm8p75_lonm41p50
EOLCVPI033623-8-01,Aura Lagoa do Barro 5,-41.62373545499997,-8.684135070999957,PI,8,24.0,24.0,-8.75,-41.5,latm8p75_lonm41p50
EOLCVPI033624-6-01,Aura Lagoa do Barro 6,-41.560773498999936,-8.632982423999977,PI,9,27.0,27.0,-8.75,-41.5,latm8p75_lonm41p50
EOLCVPI033625-4-01,Aura Queimada Nova 3,-41.63080212399996,-8.667414765999979,PI,3,9.0,9.0,-8.75,-41.75,latm8p75_lonm41p75
EOLCVPI033667-0-01,Ventos de São Virgílio 02,-40.72803974899995,-7.791699665999943,PI,13,29.9,29.9,-7.75,-40.75,latm7p75_lonm40p75
EOLCVPI038103-9-01,Ventos de São Roque 01,-41.65753217199995,-8.764600332999976,PI,9,49.5,49.5,-8.75,-41.75,latm8p75_lonm41p75
EOLCVPI038104-7-01,Ventos de São Roque 02,-41.65038426299998,-8.80558762499993,PI,9,49.5,49.5,-8.75,-41.75,latm8p75_lonm41p75
EOLCVPI038105-5-01,Ventos de São Roque 03,-41.62250492199996,-8.882247264999933,PI,8,45.6,45.6,-9.0,-41.5,latm9p00_lonm41p50
EOLCVPI038106-3-01,Ventos de São Roque 04,-41.59079920299996,-8.829935700999954,PI,9,49.5,49.5,-8.75,-41.5,latm8p75_lonm41p50
EOLCVPI038107-1-01,Ventos de São Roque 05,-41.58322701699996,-8.890349534999928,PI,8,45.6,45.6,-9.0,-41.5,latm9p00_lonm41p50
EOLCVPI038108-0-01,Ventos de São Roque 06,-41.57176310099993,-8.943943143999945,PI,8,45.6,45.6,-9.0,-41.5,latm9p00_lonm41p50
EOLCVPI038109-8-01,Ventos de São Roque 07,-41.54512597699994,-8.94530296299996,PI,8,45.6,45.6,-9.0,-41.5,latm9p00_lonm41p50
EOLCVPI038110-1-01,Ventos de São Roque 16,-41.59113431299994,-8.899756785999955,PI,9,49.5,49.5,-9.0,-41.5,latm9p00_lonm41p50
EOLCVPI038111-0-01,Ventos de São Roque 17,-41.55546221199995,-8.897491291999927,PI,9,49.5,49.5,-9.0,-41.5,latm9p00_lonm41p50
EOLCVPI038112-8-01,Ventos de São Roque 18,-41.55755447699994,-8.915536083999939,PI,9,49.5,49.5,-9.0,-41.5,latm9p00_lonm41p50
EOLCVPI038113-6-01,Ventos de São Roque 19,-41.63940941699997,-8.943636453999943,PI,8,45.6,45.6,-9.0,-41.75,latm9p00_lonm41p75
EOLCVPI038116-0-01,Ventos de São Roque 22,-41.676441361999935,-8.963018644999977,PI,8,45.6,45.6,-9.0,-41.75,latm9p00_lonm41p75
EOLCVPI038120-9-01,Ventos de São Roque 26,-41.69953164699996,-8.964739748999932,PI,8,45.6,45.6,-9.0,-41.75,latm9p00_lonm41p75
EOLCVPI038123-3-01,Ventos de São Roque 29,-41.73056018999995,-8.970226723999929,PI,6,34.2,34.2,-9.0,-41.75,latm9p00_lonm41p75
EOLCVPI038126-8-01,Ventos de São Zacarias 01,-40.71532030999998,-7.720134550999944,PI,8,45.6,45.6,-7.75,-40.75,latm7p75_lonm40p75
EOLCVPI038127-6-01,Ventos de São Zacarias 02,-40.699328788999935,-7.6992485309999665,PI,8,45.6,45.6,-7.75,-40.75,latm7p75_lonm40p75
EOLCVPI038128-4-01,Ventos de São Zacarias 03,-40.66889480899994,-7.658326631999955,PI,8,45.6,45.6,-7.75,-40.75,latm7p75_lonm40p75
EOLCVPI038129-2-01,Ventos de São Zacarias 04,-40.64783191699996,-7.658443876999968,PI,8,45.6,45.6,-7.75,-40.75,latm7p75_lonm40p75
EOLCVPI038130-6-01,Ventos de São Zacarias 05,-40.66542984899996,-7.643601591999925,PI,8,45.6,45.6,-7.75,-40.75,latm7p75_lonm40p75
EOLCVPI038131-4-01,Ventos de São Zacarias 06,-40.64519945599994,-7.633723836999934,PI,8,45.6,45.6,-7.75,-40.75,latm7p75_lonm40p75
EOLCVPI038132-2-01,Ventos de São Zacarias 07,-40.65996851299997,-7.616360922999945,PI,8,45.6,45.6,-7.5,-40.75,latm7p50_lonm40p75
EOLCVPI038133-0-01,Ventos de São Zacarias 08,-40.66974475099994,-7.594703946999971,PI,8,45.6,45.6,-7.5,-40.75,latm7p50_lonm40p75
EOLCVPI040567-1-01,Aura Queimada Nova 02,-41.60169381699996,-8.635038376999944,PI,11,50.599999999999994,50.6,-8.75,-41.5,latm8p75_lonm41p50
EOLCVPI040626-0-01,Ventos de São Roque 08,-41.60447031299998,-8.93520297899994,PI,9,49.5,49.5,-9.0,-41.5,latm9p00_lonm41p50
EOLCVPI040629-5-01,Ventos de São Roque 11,-41.626931282999976,-8.826359065999952,PI,9,49.5,49.5,-8.75,-41.75,latm8p75_lonm41p75
EOLCVPI040631-7-01,Ventos de São Roque 13,-41.669894572999965,-8.952477918999932,PI,8,45.6,45.6,-9.0,-41.75,latm9p00_lonm41p75
EOLCVPI044358-1-01,Oitis 10,-41.77281903599993,-9.05061429699998,PI,9,49.5,49.5,-9.0,-41.75,latm9p00_lonm41p75
EOLCVPI044359-0-01,Oitis 2,-41.727448564999975,-9.005101107999963,PI,5,27.5,27.5,-9.0,-41.75,latm9p00_lonm41p75
EOLCVPI044362-0-01,Oitis 3,-41.74846013299998,-9.00625483899995,PI,9,49.5,49.5,-9.0,-41.75,latm9p00_lonm41p75
EOLCVPI044363-8-01,Oitis 4,-41.75000945599993,-9.022434180999936,PI,9,49.5,49.5,-9.0,-41.75,latm9p00_lonm41p75
EOLCVPI044364-6-01,Oitis 5,-41.75274866099994,-9.039661636999938,PI,9,49.5,49.5,-9.0,-41.75,latm9p00_lonm41p75
EOLCVPI044365-4-01,Oitis 6,-41.73639571099994,-9.052650201999938,PI,9,49.5,33.0,-9.0,-41.75,latm9p00_lonm41p75
EOLCVPI044366-2-01,Oitis 7,-41.73497260899995,-9.07118300299993,PI,9,49.5,49.5,-9.0,-41.75,latm9p00_lonm41p75
EOLCVPI044367-0-01,Oitis 8,-41.76094014399996,-9.098210149999945,PI,9,49.5,49.5,-9.0,-41.75,latm9p00_lonm41p75
EOLCVPI044368-9-01,Oitis 9,-41.77332400399996,-9.053646207999977,PI,9,49.5,49.5,-9.0,-41.75,latm9p00_lonm41p75
EOLCVPI044555-0-01,Oitis 1,-41.71769119399994,-9.004351093999958,PI,9,49.5,49.5,-9.0,-41.75,latm9p00_lonm41p75
EOLCVPI047167-4-01,Delta 10 I,-41.806697380999935,-2.8145011979999595,PI,8,49.6,49.6,-2.75,-41.75,latm2p75_lonm41p75
EOLCVPI047168-2-01,Delta 10 II,-41.78122974499996,-2.7806217709999714,PI,8,49.6,49.6,-2.75,-41.75,latm2p75_lonm41p75
EOLCVPI047169-0-01,Delta 10 III,-41.765601609999976,-2.807379750999928,PI,8,49.6,49.6,-2.75,-41.75,latm2p75_lonm41p75
EOLCVPI047170-4-01,Delta 10 IV,-41.80237782199998,-2.819535802999951,PI,8,49.6,49.6,-2.75,-41.75,latm2p75_lonm41p75
EOLCVPI047171-2-01,Delta 10 V,-41.749023706999935,-2.8354959839999765,PI,7,43.4,43.4,-2.75,-41.75,latm2p75_lonm41p75
EOLCVPI047172-0-01,Delta 10 VI,-41.70733750699998,-2.846077682999976,PI,7,43.4,43.4,-2.75,-41.75,latm2p75_lonm41p75
EOLCVPI047184-4-01,Ventos de Santa Rosa 01,-41.79613357299996,-9.138543810999977,PI,12,0.0504,0.0504,-9.25,-41.75,latm9p25_lonm41p75
EOLCVPI047185-2-01,Ventos de Santa Rosa 02,-41.78687682399993,-9.12543328199996,PI,12,0.0504,0.0504,-9.25,-41.75,latm9p25_lonm41p75
EOLCVPI047186-0-01,Ventos de Santa Rosa 03,-41.77499124599996,-9.10965901399993,PI,12,0.0504,0.0504,-9.0,-41.75,latm9p00_lonm41p75
EOLCVPI047187-9-01,Ventos de Santa Rosa 04,-41.78494391199996,-9.09420569599996,PI,12,0.0504,0.0504,-9.0,-41.75,latm9p00_lonm41p75
EOLCVPI047188-7-01,Ventos de Santa Rosa 05,-41.80727201299993,-9.160791408999955,PI,12,0.0504,0.0504,-9.25,-41.75,latm9p25_lonm41p75
EOLCVPI047189-5-01,Ventos de Santa Rosa 07,-41.82943849499998,-9.170132063999972,PI,12,0.0504,0.0504,-9.25,-41.75,latm9p25_lonm41p75
EOLCVPI047190-9-01,Ventos de Santa Rosa 08,-41.85794151599998,-9.18045082499998,PI,12,0.0504,0.0504,-9.25,-41.75,latm9p25_lonm41p75
EOLCVPI047191-7-01,Ventos de Santa Rosa 09,-41.86222878499996,-9.21724935499998,PI,12,0.0504,0.0504,-9.25,-41.75,latm9p25_lonm41p75
EOLCVPI047192-5-01,Ventos de Santa Rosa 10,-41.87494207099997,-9.23990488399994,PI,12,0.0504,0.0504,-9.25,-41.75,latm9p25_lonm41p75
EOLCVPI047193-3-01,Ventos de Santa Rosa 11,-41.89444074999994,-9.211309237999956,PI,12,0.0504,0.0504,-9.25,-42.0,latm9p25_lonm42p00
EOLCVPI047194-1-01,Ventos de Santa Rosa 12,-41.886077446999934,-9.217103969999926,PI,12,0.0504,0.0504,-9.25,-42.0,latm9p25_lonm42p00
EOLCVPI047195-0-01,Ventos de Santa Rosa 13,-41.899912563999976,-9.23779781099995,PI,12,0.0504,0.0504,-9.25,-42.0,latm9p25_lonm42p00
EOLCVPI047196-8-01,Ventos de Santa Rosa 14,-41.90767524699993,-9.261819251999952,PI,12,0.0504,0.0504,-9.25,-42.0,latm9p25_lonm42p00
EOLCVPI047197-6-01,Ventos de Santa Rosa 15,-41.92956864599995,-9.246030580999957,PI,12,0.0504,0.0504,-9.25,-42.0,latm9p25_lonm42p00
EOLCVPI048511-0-01,Ventos de Santa Alexandrina,-40.58023453499993,-7.985693660999971,PI,10,44.0,45.0,-8.0,-40.5,latm8p00_lonm40p50
EOLCVPI048512-8-01,Ventos de Santo Alderico,-40.666452238999966,-8.041749275999962,PI,9,39.6,40.5,-8.0,-40.75,latm8p00_lonm40p75
EOLCVPI048513-6-01,Ventos de Santo Apolinário,-40.59959603699997,-7.970509801999981,PI,8,35.2,36.0,-8.0,-40.5,latm8p00_lonm40p50
EOLCVPI048514-4-01,Ventos de São Caio,-40.76965879899996,-7.99574008999997,PI,8,35.2,36.0,-8.0,-40.75,latm8p00_lonm40p75
EOLCVPI048515-2-01,Ventos de São Ciriaco,-40.68419167999997,-8.047201442999949,PI,11,48.400000000000006,49.5,-8.0,-40.75,latm8p00_lonm40p75
EOLCVPI048516-0-01,Ventos de São Ciro,-40.74143904299996,-8.037875891999931,PI,8,35.2,36.0,-8.0,-40.75,latm8p00_lonm40p75
EOLCVPI048517-9-01,Ventos de São João Paulo II,-40.56021047699994,-7.986854756999946,PI,7,30.800000000000004,31.5,-8.0,-40.5,latm8p00_lonm40p50
EOLCVPI048704-0-01,Ventos de São Crispim,-40.67637922499995,-8.03575034499994,PI,11,48.400000000000006,49.5,-8.0,-40.75,latm8p00_lonm40p75
EOLCVPI049468-2-02,Ventos de Santa Rosa 06,-41.820785900999965,-9.184275483999954,PI,12,0.0504,0.0504,-9.25,-41.75,latm9p25_lonm41p75
EOLCVPI049781-9-01,Ventos de Santo Elias 01,-41.76495696099994,-8.827887954999937,PI,10,55.0,55.0,-8.75,-41.75,latm8p75_lonm41p75
EOLCVPI049782-7-01,Ventos de Santo Elias 02,-41.77455919699997,-8.847422989999927,PI,10,55.0,55.0,-8.75,-41.75,latm8p75_lonm41p75
EOLCVPI049783-5-01,Ventos de Santo Elias 03,-41.78761396299996,-8.866850387999932,PI,10,55.0,55.0,-8.75,-41.75,latm8p75_lonm41p75
EOLCVPI049784-3-01,Ventos de Santo Elias 04,-41.79089364899994,-8.890894768999942,PI,10,55.0,55.0,-9.0,-41.75,latm9p00_lonm41p75
EOLCVPI049785-1-01,Ventos de Santo Elias 05,-41.80095177799996,-8.912520811999968,PI,10,55.0,55.0,-9.0,-41.75,latm9p00_lonm41p75
EOLCVPI049786-0-01,Ventos de Santo Elias 06,-41.832963836999966,-8.904851748999931,PI,10,55.0,55.0,-9.0,-41.75,latm9p00_lonm41p75
EOLCVPI049787-8-01,Ventos de Santo Elias 07,-41.83819948499996,-8.942792847999954,PI,10,55.0,55.0,-9.0,-41.75,latm9p00_lonm41p75
EOLCVPI049788-6-01,Ventos de Santo Elias 08,-41.86536529399996,-8.924099525999964,PI,10,55.0,55.0,-9.0,-41.75,latm9p00_lonm41p75
EOLCVPI049789-4-01,Ventos de Santo Elias 09,-41.85083391699993,-8.89429851899996,PI,10,55.0,55.0,-9.0,-41.75,latm9p00_lonm41p75
EOLCVPI049790-8-01,Ventos de Santo Elias 10,-41.870154129999946,-8.978647427999931,PI,10,55.0,55.0,-9.0,-41.75,latm9p00_lonm41p75
EOLCVPI049791-6-01,Ventos de Santo Elias 11,-41.90907808099996,-8.937265213999979,PI,10,55.0,55.0,-9.0,-42.0,latm9p00_lonm42p00
EOLCVPI049792-4-01,Ventos de Santo Elias 12,-41.89281373499995,-8.96577758999996,PI,10,55.0,55.0,-9.0,-42.0,latm9p00_lonm42p00
EOLCVPI050093-3-01,Ventos de São João 02,-41.14887436099997,-8.537610001999951,PI,9,37.800000000000004,37.800000000000004,-8.5,-41.25,latm8p50_lonm41p25
EOLCVPI050094-1-01,Ventos de São João 03,-41.15628295399995,-8.551941089999957,PI,8,33.6,33.6,-8.5,-41.25,latm8p50_lonm41p25
EOLCVPI050212-0-01,Ventos De Santa Edith 01,-40.97259521499996,-8.387084960999971,PI,0,72.6,72.6,-8.5,-41.0,latm8p50_lonm41p00
EOLCVPI050213-8-01,Ventos De Santa Edith 02,-40.98760986299993,-8.396911620999958,PI,0,72.6,72.6,-8.5,-41.0,latm8p50_lonm41p00
EOLCVPI050214-6-01,Ventos De Santa Edith 03,-41.00390624999994,-8.404602050999927,PI,0,0.0,0.0,-8.5,-41.0,latm8p50_lonm41p00
EOLCVPI050215-4-01,Ventos De Santa Edith 04,-41.00970458999996,-8.418884276999961,PI,0,0.0,0.0,-8.5,-41.0,latm8p50_lonm41p00
EOLCVPI050216-2-01,Ventos De Santa Edith 05,-41.03210449199997,-8.42938232399996,PI,0,0.0,0.0,-8.5,-41.0,latm8p50_lonm41p00
EOLCVPI050218-9-01,Ventos De Santa Edith 07,-41.08148193399995,-8.415893554999968,PI,0,0.0,0.0,-8.5,-41.0,latm8p50_lonm41p00
EOLCVPI050219-7-01,Ventos De Santa Edith 08,-41.092285155999946,-8.424194335999971,PI,0,0.0,0.0,-8.5,-41.0,latm8p50_lonm41p00
EOLCVPI050269-3-01,Ventos de Santa Aurélia 01,-41.25186780699994,-8.612343647999978,PI,9,59.4,59.4,-8.5,-41.25,latm8p50_lonm41p25
EOLCVPI050270-7-01,Ventos de Santa Aurélia 02,-41.262777752999966,-8.625014789999966,PI,9,59.4,59.4,-8.75,-41.25,latm8p75_lonm41p25
EOLCVPI050271-5-01,Ventos de Santa Aurélia 03,-41.28026462799994,-8.61963284799998,PI,9,59.4,59.4,-8.5,-41.25,latm8p50_lonm41p25
EOLCVPI050272-3-01,Ventos de Santa Aurélia 04,-41.28832475399997,-8.63396488199993,PI,9,59.4,59.4,-8.75,-41.25,latm8p75_lonm41p25
EOLCVPI050273-1-01,Ventos de Santa Aurélia 05,-41.29783685299998,-8.647980564999955,PI,8,52.8,52.8,-8.75,-41.25,latm8p75_lonm41p25
EOLCVPI050274-0-01,Ventos de Santa Aurélia 06,-41.31187920399998,-8.616831736999927,PI,8,52.8,52.8,-8.5,-41.25,latm8p50_lonm41p25
EOLCVPI061537-4-01,Ventos de Santa Rosa 17,-41.81665872299993,-9.12897097299998,PI,11,46.2,46.2,-9.25,-41.75,latm9p25_lonm41p75
EOLCVPI071619-7-01,Ventos de São Hugo 01,-41.75544438399993,-8.814152261999936,PI,11,60.5,60.5,-8.75,-41.75,latm8p75_lonm41p75
EOLCVPI071620-0-01,Ventos de São Hugo 02,-41.76484562499997,-8.808047746999932,PI,11,60.5,60.5,-8.75,-41.75,latm8p75_lonm41p75
EOLCVPI071621-9-01,Ventos de São Hugo 03,-41.78708067099996,-8.823757875999945,PI,11,60.5,60.5,-8.75,-41.75,latm8p75_lonm41p75
EOLCVPI071622-7-01,Ventos de São Hugo 04,-41.80016199599999,-8.847991226999966,PI,11,60.5,60.5,-8.75,-41.75,latm8p75_lonm41p75
EOLCVPI071786-0-01,Ventos de Santa Rosa 16,-41.81320451099998,-9.101153082999929,PI,10,42.0,42.0,-9.0,-41.75,latm9p00_lonm41p75
EOLCVPI072635-4-01,Ventos de São César 01,-41.17160341999994,-8.342630199999974,PI,10,66.0,66.0,-8.25,-41.25,latm8p25_lonm41p25
EOLCVPI072636-2-01,Ventos de São César 02,-41.18098040999996,-8.354525679999938,PI,10,66.0,66.0,-8.25,-41.25,latm8p25_lonm41p25
EOLCVPI072637-0-01,Ventos de São César 03,-41.19314892999995,-8.365431789999946,PI,10,66.0,66.0,-8.25,-41.25,latm8p25_lonm41p25
EOLCVPI072638-9-01,Ventos de São César 04,-41.19222438999998,-8.381869829999971,PI,10,66.0,66.0,-8.5,-41.25,latm8p50_lonm41p25
EOLCVPI072872-1-01,Terra dos Ventos 1,-40.81632582699996,-7.464028994999978,PI,7,46.199999999999996,46.199999999999996,-7.5,-40.75,latm7p50_lonm40p75
EOLCVPI072873-0-01,Terra dos Ventos 2,-40.79696575999998,-7.448059586999932,PI,7,46.199999999999996,46.199999999999996,-7.5,-40.75,latm7p50_lonm40p75
EOLCVPI072874-8-01,Terra dos Ventos 3,-40.78230159599997,-7.430451714999947,PI,7,46.199999999999996,46.199999999999996,-7.5,-40.75,latm7p50_lonm40p75
EOLCVPI072875-6-01,Terra dos Ventos 4,-40.767069066999966,-7.413107536999973,PI,5,33.0,33.0,-7.5,-40.75,latm7p50_lonm40p75
EOLCVPI072876-4-01,Terra dos Ventos 5,-40.758583244999954,-7.399741436999932,PI,3,19.799999999999997,19.799999999999997,-7.5,-40.75,latm7p50_lonm40p75
EOLCVPI072877-2-01,Terra dos Ventos 6,-40.810096775999966,-7.436143775999938,PI,6,39.599999999999994,39.599999999999994,-7.5,-40.75,latm7p50_lonm40p75
EOLCVPI072878-0-01,Terra dos Ventos 7,-40.80055609799996,-7.419953221999947,PI,7,46.199999999999996,46.199999999999996,-7.5,-40.75,latm7p50_lonm40p75
EOLCVPI072879-9-01,Terra dos Ventos 8,-40.78532338999997,-7.402591663999942,PI,7,46.199999999999996,46.199999999999996,-7.5,-40.75,latm7p50_lonm40p75
EOLCVPI072880-2-01,Terra dos Ventos 9,-40.77149377699993,-7.384726437999973,PI,7,46.199999999999996,46.199999999999996,-7.5,-40.75,latm7p50_lonm40p75
EOLCVPI072881-0-01,Terra dos Ventos 10,-40.82411656099998,-7.409278753999956,PI,6,39.599999999999994,39.599999999999994,-7.5,-40.75,latm7p50_lonm40p75
EOLCVPI072882-9-01,Terra dos Ventos 11,-40.80835433999994,-7.395401223999954,PI,6,39.599999999999994,39.599999999999994,-7.5,-40.75,latm7p50_lonm40p75
EOLCVPI072883-7-01,Terra dos Ventos 12,-40.79225818799995,-7.381578482999942,PI,6,39.599999999999994,39.599999999999994,-7.5,-40.75,latm7p50_lonm40p75
EOLCVPI072884-5-01,Terra dos Ventos 13,-40.78232231599998,-7.365659899999969,PI,3,19.799999999999997,19.799999999999997,-7.25,-40.75,latm7p25_lonm40p75
EOLCVPI072885-3-01,Terra dos Ventos 14,-40.75067418899994,-7.367059704999974,PI,6,39.599999999999994,39.599999999999994,-7.25,-40.75,latm7p25_lonm40p75
EOLCVPI072886-1-01,Terra dos Ventos 15,-40.738547806999975,-7.348679860999937,PI,6,39.599999999999994,39.599999999999994,-7.25,-40.75,latm7p25_lonm40p75
EOLCVPI072887-0-01,Terra dos Ventos 16,-40.73289883199993,-7.337598388999936,PI,4,26.4,26.4,-7.25,-40.75,latm7p25_lonm40p75
EOLCVPI072888-8-01,Terra dos Ventos 17,-40.725229094999975,-7.349617385999977,PI,6,39.599999999999994,39.599999999999994,-7.25,-40.75,latm7p25_lonm40p75
EOLCVPI072889-6-01,Terra dos Ventos 18,-40.71151449299998,-7.329958588999943,PI,4,26.4,26.4,-7.25,-40.75,latm7p25_lonm40p75
EOLCVPI073777-1-01,Central Eólica Serra do Curral Novo 1,-40.90561175999994,-7.802296470999977,PI,0,0.0,0.0,-7.75,-41.0,latm7p75_lonm41p00
EOLCVPI073778-0-01,Central Eólica Serra do Curral Novo 2,-40.893156819999945,-7.788143299999945,PI,0,0.0,0.0,-7.75,-41.0,latm7p75_lonm41p00
EOLCVPI073779-8-01,Central Eólica Serra do Curral Novo 3,-40.88967952999997,-7.775926029999937,PI,0,0.0,0.0,-7.75,-41.0,latm7p75_lonm41p00
EOLCVPI073780-1-01,Central Eólica Serra do Curral Novo 4,-40.87456527999996,-7.763372179999976,PI,0,0.0,0.0,-7.75,-40.75,latm7p75_lonm40p75
EOLCVPI073781-0-01,Central Eólica Serra do Curral Novo 5,-40.85458956999997,-7.753574209999954,PI,0,0.0,0.0,-7.75,-40.75,latm7p75_lonm40p75
EOLCVPI073782-8-01,Central Eólica Serra do Curral Novo 6,-40.83893976999997,-7.741281059999949,PI,0,0.0,0.0,-7.75,-40.75,latm7p75_lonm40p75
EOLCVPI073783-6-01,Central Eólica Serra do Curral Novo 7,-40.84520285999997,-7.786305449999929,PI,0,0.0,0.0,-7.75,-40.75,latm7p75_lonm40p75
EOLCVPI073784-4-01,Central Eólica Serra do Curral Novo 10,-40.85125684999997,-7.838312869999982,PI,0,0.0,0.0,-7.75,-40.75,latm7p75_lonm40p75
EOLCVPI073785-2-01,Central Eólica Serra do Curral Novo 11,-40.84195509999995,-7.822371099999941,PI,0,0.0,0.0,-7.75,-40.75,latm7p75_lonm40p75
EOLCVPI073786-0-01,Central Eólica Serra do Curral Novo 12,-40.83079342999997,-7.807486179999955,PI,0,0.0,0.0,-7.75,-40.75,latm7p75_lonm40p75
EOLCVPI073787-9-01,Central Eólica Serra do Curral Novo 13,-40.82104665999998,-7.79181191999993,PI,0,0.0,0.0,-7.75,-40.75,latm7p75_lonm40p75
EOLCVPI073788-7-01,Central Eólica Serra do Curral Novo 14,-40.81250972999993,-7.775455919999956,PI,0,0.0,0.0,-7.75,-40.75,latm7p75_lonm40p75
EOLCVPI073789-5-01,Serra dos Arnaldos 2,-40.83738072999995,-7.606555349999951,PI,0,0.0,0.0,-7.5,-40.75,latm7p50_lonm40p75
EOLCVPI073790-9-01,Serra dos Arnaldos 3,-40.83207515999993,-7.599013469999932,PI,0,0.0,0.0,-7.5,-40.75,latm7p50_lonm40p75
EOLCVPI073791-7-01,Serra dos Arnaldos 4,-40.83437470999996,-7.574979799999937,PI,0,0.0,0.0,-7.5,-40.75,latm7p50_lonm40p75
EOLCVPI073792-5-01,Serra dos Arnaldos 5,-40.83124657999997,-7.56256800999995,PI,0,0.0,0.0,-7.5,-40.75,latm7p50_lonm40p75
EOLCVPI073793-3-01,Serra dos Arnaldos 6,-40.82599916999993,-7.547360629999957,PI,0,0.0,0.0,-7.5,-40.75,latm7p50_lonm40p75
EOLCVPI073794-1-01,Serra dos Arnaldos 7,-40.81923681999996,-7.537058219999949,PI,0,0.0,0.0,-7.5,-40.75,latm7p50_lonm40p75
EOLCVPI073795-0-01,Serra dos Arnaldos 8,-40.829012159999934,-7.52433474999998,PI,0,0.0,0.0,-7.5,-40.75,latm7p50_lonm40p75
EOLCVPI073796-8-01,Serra dos Arnaldos 9,-40.82073473999998,-7.5077914599999644,PI,0,0.0,0.0,-7.5,-40.75,latm7p50_lonm40p75
EOLCVPI073797-6-01,Serra dos Arnaldos 10,-40.81309718999995,-7.525071459999935,PI,0,0.0,0.0,-7.5,-40.75,latm7p50_lonm40p75
EOLCVPI073798-4-01,Serra dos Arnaldos 11,-40.80380257999997,-7.628756249999981,PI,0,0.0,0.0,-7.75,-40.75,latm7p75_lonm40p75
EOLCVPI073799-2-01,Serra dos Arnaldos 12,-40.79191085999997,-7.536497699999927,PI,0,0.0,0.0,-7.5,-40.75,latm7p50_lonm40p75
EOLCVPI073800-0-01,Serra dos Arnaldos 13,-40.78181566999996,-7.524626009999963,PI,0,0.0,0.0,-7.5,-40.75,latm7p50_lonm40p75
EOLCVPI073801-8-01,Serra dos Arnaldos 14,-40.80772029999997,-7.635413839999956,PI,0,0.0,0.0,-7.75,-40.75,latm7p75_lonm40p75
EOLCVPI073802-6-01,Serra dos Arnaldos 15,-40.79762882999995,-7.623491429999945,PI,0,0.0,0.0,-7.5,-40.75,latm7p50_lonm40p75
EOLCVPI073803-4-01,Serra dos Arnaldos 16,-40.790931719999946,-7.60098327999998,PI,0,0.0,0.0,-7.5,-40.75,latm7p50_lonm40p75
EOLCVPI073804-2-01,Serra dos Arnaldos 17,-40.77726151999997,-7.587546679999946,PI,0,0.0,0.0,-7.5,-40.75,latm7p50_lonm40p75
EOLCVPI073805-0-01,Serra dos Arnaldos 18,-40.77063103999996,-7.564987239999937,PI,0,0.0,0.0,-7.5,-40.75,latm7p50_lonm40p75
EOLCVPI073806-9-01,Serra dos Arnaldos 19,-40.759680559999936,-7.553562939999949,PI,0,0.0,0.0,-7.5,-40.75,latm7p50_lonm40p75
EOLCVPI073807-7-01,Serra dos Arnaldos 20,-40.80272053999994,-7.647108879999962,PI,0,0.0,0.0,-7.75,-40.75,latm7p75_lonm40p75
EOLCVPI073808-5-01,Serra dos Arnaldos 21,-40.788830839999946,-7.633817453999939,PI,0,0.0,0.0,-7.75,-40.75,latm7p75_lonm40p75
EOLCVPI073809-3-01,Serra dos Arnaldos 22,-40.77600639999997,-7.616348169999981,PI,0,0.0,0.0,-7.5,-40.75,latm7p50_lonm40p75
EOLCVPI073810-7-01,Serra dos Arnaldos 23,-40.74623574999998,-7.667703639999956,PI,0,0.0,0.0,-7.75,-40.75,latm7p75_lonm40p75
EOLCVPI073984-7-01,Terra dos Ventos 19,-40.75400341999995,-7.311433703999967,PI,0,0.0,0.0,-7.25,-40.75,latm7p25_lonm40p75
EOLCVPI073985-5-01,Terra dos Ventos 20,-40.73359720999997,-7.298281479999957,PI,0,0.0,0.0,-7.25,-40.75,latm7p25_lonm40p75
EOLCVPI073986-3-01,Terra dos Ventos 21,-40.71701361999993,-7.283052616999953,PI,0,0.0,0.0,-7.25,-40.75,latm7p25_lonm40p75
EOLCVPI073987-1-01,Terra dos Ventos 22,-40.71083682999995,-7.258240579999949,PI,0,0.0,0.0,-7.25,-40.75,latm7p25_lonm40p75
EOLCVPI073988-0-01,Terra dos Ventos 23,-40.69342003999998,-7.341199429999961,PI,0,0.0,0.0,-7.25,-40.75,latm7p25_lonm40p75
EOLCVPI073989-8-01,Terra dos Ventos 24,-40.68718065999997,-7.322557339999946,PI,0,0.0,0.0,-7.25,-40.75,latm7p25_lonm40p75
EOLCVPI073990-1-01,Terra dos Ventos 25,-40.67878327999995,-7.309654819999935,PI,0,0.0,0.0,-7.25,-40.75,latm7p25_lonm40p75
EOLCVPI073991-0-01,Terra dos Ventos 26,-40.65071881999995,-7.332000539999967,PI,0,0.0,0.0,-7.25,-40.75,latm7p25_lonm40p75
EOLCVPI073992-8-01,Terra dos Ventos 27,-40.65615406999996,-7.30760123999994,PI,0,0.0,0.0,-7.25,-40.75,latm7p25_lonm40p75
EOLCVPI073993-6-01,Terra dos Ventos 28,-40.63767334999994,-7.301523349999968,PI,0,0.0,0.0,-7.25,-40.75,latm7p25_lonm40p75
EOLCVPI073994-4-01,Terra dos Ventos 29,-40.62686626999994,-7.282899720999978,PI,0,0.0,0.0,-7.25,-40.75,latm7p25_lonm40p75
EOLCVPI073995-2-01,Terra dos Ventos 30,-40.61007109999997,-7.271278479999978,PI,0,0.0,0.0,-7.25,-40.5,latm7p25_lonm40p50
EOLCVPI073996-0-01,Terra dos Ventos 31,-40.60690313999993,-7.251802949999956,PI,0,0.0,0.0,-7.25,-40.5,latm7p25_lonm40p50
EOLCVPI073997-9-01,Terra dos Ventos 32,-40.584070149999945,-7.278673199999957,PI,0,0.0,0.0,-7.25,-40.5,latm7p25_lonm40p50
EOLCVPI073998-7-01,Terra dos Ventos 33,-40.58417103999994,-7.260921519999954,PI,0,0.0,0.0,-7.25,-40.5,latm7p25_lonm40p50
EOLCVPI073999-5-01,Terra dos Ventos 34,-40.559629849999965,-7.261772447999931,PI,0,0.0,0.0,-7.25,-40.5,latm7p25_lonm40p50
EOLCVPI074000-4-01,Terra dos Ventos 35,-40.55785775999993,-7.248604539999974,PI,0,0.0,0.0,-7.25,-40.5,latm7p25_lonm40p50
EOLCVPI074472-7,Pimenteiras II-1,-40.975280761999954,-6.05047607399996,PI,0,0.0,0.0,-6.0,-41.0,latm6p00_lonm41p00
EOLCVPI074473-5,Pimenteiras II-2,-40.91571044899996,-6.014221190999933,PI,0,0.0,0.0,-6.0,-41.0,latm6p00_lonm41p00
EOLCVPI074475-1,Pimenteiras II-4,-40.90209960899995,-5.969177245999958,PI,0,0.0,0.0,-6.0,-41.0,latm6p00_lonm41p00
EOLCVPI074476-0,Pimenteiras II-5,-40.96411132799994,-5.928405761999954,PI,0,0.0,0.0,-6.0,-41.0,latm6p00_lonm41p00
EOLCVPI074480-8,Pimenteiras II-9,-40.95471191399997,-5.780090331999929,PI,0,0.0,0.0,-5.75,-41.0,latm5p75_lonm41p00
EOLCVPI074481-6,Pimenteiras II-10,-41.01129150399999,-5.77648925799997,PI,0,0.0,0.0,-5.75,-41.0,latm5p75_lonm41p00
EOLCVPI074486-7,Paulistana 5,-41.17022705099998,-8.540100097999925,PI,0,0.0,0.0,-8.5,-41.25,latm8p50_lonm41p25
EOLCVPI074487-5,Paulistana 6,-41.205200194999975,-8.52490234399994,PI,0,0.0,0.0,-8.5,-41.25,latm8p50_lonm41p25
EOLCVPI074488-3,Paulistana 7,-41.22039794899996,-8.469177245999958,PI,0,0.0,0.0,-8.5,-41.25,latm8p50_lonm41p25
EOLCVPI074489-1,Paulistana 8,-41.17468261699997,-8.476013183999953,PI,0,0.0,0.0,-8.5,-41.25,latm8p50_lonm41p25
EOLCVPI074490-5,Paulistana 9,-41.28057861299993,-8.47052001999998,PI,0,0.0,0.0,-8.5,-41.25,latm8p50_lonm41p25
EOLCVPI074491-3,Paulistana 10,-41.263793944999975,-8.513427733999947,PI,0,0.0,0.0,-8.5,-41.25,latm8p50_lonm41p25
EOLCVPI074492-1,Paulistana 11,-41.10888671899994,-8.461486815999933,PI,0,0.0,0.0,-8.5,-41.0,latm8p50_lonm41p00
EOLCVPI074493-0,Paulistana 12,-41.13970947299998,-8.44317626999998,PI,0,0.0,0.0,-8.5,-41.25,latm8p50_lonm41p25
EOLCVPI074494-8,Paulistana 13,-41.19519042999997,-8.42169189499998,PI,0,0.0,0.0,-8.5,-41.25,latm8p50_lonm41p25
EOLCVPI075023-9,Ventos De Santa Edith 06,-41.062622069999975,-8.409606933999953,PI,0,0.0,0.0,-8.5,-41.0,latm8p50_lonm41p00
EOLCVPI075097-2,Ventos De São Cesar 05,-41.20611572299998,-8.390808104999962,PI,0,0.0,0.0,-8.5,-41.25,latm8p50_lonm41p25
EOLCVPI075098-0,Ventos De São Cesar 06,-41.220092772999976,-8.40118408199993,PI,0,0.0,0.0,-8.5,-41.25,latm8p50_lonm41p25
EOLCVPI075099-9,Ventos De São Cesar 07,-41.23602294899996,-8.40899658199993,PI,0,0.0,0.0,-8.5,-41.25,latm8p50_lonm41p25
EOLCVPI075100-6,Ventos De São Cesar 08,-41.25518798799993,-8.414794921999942,PI,0,0.0,0.0,-8.5,-41.25,latm8p50_lonm41p25
EOLCVPI075101-4,Ventos De São Cesar 09,-41.27398681599993,-8.424194335999971,PI,0,0.0,0.0,-8.5,-41.25,latm8p50_lonm41p25
EOLCVPI075278-9-01,Riachão 01,-41.48131499999994,-8.818059999999946,PI,0,0.0,0.0,-8.75,-41.5,latm8p75_lonm41p50
EOLCVPI075279-7-01,Riachão 02,-41.48305899999997,-8.824835999999948,PI,0,0.0,0.0,-8.75,-41.5,latm8p75_lonm41p50
EOLCVPI075280-0-01,Riachão 03,-41.49514999999997,-8.850130999999976,PI,0,0.0,0.0,-8.75,-41.5,latm8p75_lonm41p50
EOLCVPI075281-9-01,Riachão 04,-41.50765999999993,-8.862039999999979,PI,0,0.0,0.0,-8.75,-41.5,latm8p75_lonm41p50
EOLCVPI075282-7-01,Riachão 05,-41.51706399999995,-8.885914999999954,PI,0,0.0,0.0,-9.0,-41.5,latm9p00_lonm41p50
EOLCVPI075283-5-01,Riachão 06,-41.54696999999993,-8.874361999999962,PI,0,0.0,0.0,-8.75,-41.5,latm8p75_lonm41p50
EOLCVPI075284-3-01,Riachão 07,-41.52548599999994,-8.853849999999966,PI,0,0.0,0.0,-8.75,-41.5,latm8p75_lonm41p50
EOLCVPI075285-1-01,Riachão 08,-41.51630199999994,-8.82342099999994,PI,0,0.0,0.0,-8.75,-41.5,latm8p75_lonm41p50
EOLCVPI075286-0-01,Riachão 09,-41.55877499999997,-8.822139999999933,PI,0,0.0,0.0,-8.75,-41.5,latm8p75_lonm41p50
EOLCVPI075308-4-01,Toada 1,-40.62047299999995,-7.415261849999979,PE,0,0.0,0.0,-7.5,-40.5,latm7p50_lonm40p50
EOLCVRN-050077-1-01,Ventos De Santo Apolônio 02,-36.37127685499996,-5.827026366999974,RN,0,0.0,0.0,-5.75,-36.25,latm5p75_lonm36p25
EOLCVRN028424-6-01,RN 15 - Rio do Fogo,-35.386705415999984,-5.309700652999936,RN,62,49.300000000000004,49.300000000000004,-5.25,-35.5,latm5p25_lonm35p50
EOLCVRN028443-2-01,Alegria II,-36.38330555599998,-5.124305555999968,RN,61,100.64999999999999,100.64999999999999,-5.0,-36.5,latm5p00_lonm36p50
EOLCVRN028444-0-01,Alegria I,-36.36287521299994,-5.094352782999977,RN,31,51.15,51.0,-5.0,-36.25,latm5p00_lonm36p25
EOLCVRN028787-3-01,Macau,-36.55776204199998,-5.088311811999972,RN,0,0.0,0.0,-5.0,-36.5,latm5p00_lonm36p50
EOLCVRN030121-3-01,Aratuá I,-36.337656108999965,-5.091948262999949,RN,9,14.4,14.4,-5.0,-36.25,latm5p00_lonm36p25
EOLCVRN030281-3-01,Mangue Seco 3,-36.36026508599997,-5.18560396099997,RN,13,26.0,26.0,-5.25,-36.25,latm5p25_lonm36p25
EOLCVRN030284-8-01,Mangue Seco 2,-36.31925993699997,-5.165934389999961,RN,13,26.0,26.0,-5.25,-36.25,latm5p25_lonm36p25
EOLCVRN030285-6-01,Mangue Seco 1,-36.302371698999934,-5.173954588999948,RN,13,26.0,26.0,-5.25,-36.25,latm5p25_lonm36p25
EOLCVRN030290-2-01,Mangue Seco 5,-36.406751020999934,-5.167319564999957,RN,13,26.0,26.0,-5.25,-36.5,latm5p25_lonm36p50
EOLCVRN030292-9-01,Santa Clara I,-35.898826363999945,-5.243166798999937,RN,15,30.0,30.0,-5.25,-36.0,latm5p25_lonm36p00
EOLCVRN030293-7-01,Santa Clara III,-35.90357364699997,-5.268836617999966,RN,15,30.0,30.0,-5.25,-36.0,latm5p25_lonm36p00
EOLCVRN030300-3-01,Morro dos Ventos VI,-35.87830555599993,-5.34366666699998,RN,18,28.8,27.2,-5.25,-36.0,latm5p25_lonm36p00
EOLCVRN030301-1-01,Morro dos Ventos I,-35.818972653999936,-5.362833413999965,RN,18,28.8,28.8,-5.25,-35.75,latm5p25_lonm35p75
EOLCVRN030302-0-01,Morro dos Ventos IX,-35.913245063999966,-5.305487930999959,RN,19,30.0,30.0,-5.25,-36.0,latm5p25_lonm36p00
EOLCVRN030304-6-01,Santa Clara VI,-35.92696942199996,-5.2403013799999485,RN,15,30.0,30.0,-5.25,-36.0,latm5p25_lonm36p00
EOLCVRN030307-0-01,Santa Clara IV,-35.91353198899998,-5.23944376399993,RN,15,30.0,30.0,-5.25,-36.0,latm5p25_lonm36p00
EOLCVRN030308-9-01,Santa Clara II,-35.91023358599995,-5.267486523999935,RN,15,30.0,30.0,-5.25,-36.0,latm5p25_lonm36p00
EOLCVRN030310-0-01,Morro dos Ventos III,-35.86824999999993,-5.374361110999928,RN,18,28.8,28.8,-5.25,-35.75,latm5p25_lonm35p75
EOLCVRN030311-9-01,Morro dos Ventos IV,-35.88088889199997,-5.382027751999942,RN,18,28.8,28.8,-5.5,-36.0,latm5p50_lonm36p00
EOLCVRN030333-0-01,Cabeço Preto,-35.95397538299994,-5.418710715999964,RN,11,19.8,19.8,-5.5,-36.0,latm5p50_lonm36p00
EOLCVRN030339-9-01,Miassaba 3,-36.45364833299993,-5.12783830799998,RN,41,68.47,68.47,-5.25,-36.5,latm5p25_lonm36p50
EOLCVRN030340-2-01,Areia Branca,-36.90093713599998,-4.968617321999943,RN,13,27.3,27.299999999999997,-5.0,-37.0,latm5p00_lonm37p00
EOLCVRN030351-8-01,Eurus VI,-35.93175545699995,-5.232919091999975,RN,4,8.0,8.0,-5.25,-36.0,latm5p25_lonm36p00
EOLCVRN030370-4-01,Miassaba II,-36.40740239199994,-5.082579448999979,RN,9,14.4,14.4,-5.0,-36.5,latm5p00_lonm36p50
EOLCVRN030378-0-01,Santa Clara V,-35.92171117999993,-5.259706200999972,RN,15,30.0,30.0,-5.25,-36.0,latm5p25_lonm36p00
EOLCVRN030389-5-01,Mar e Terra,-36.91471964599998,-4.96397514399996,RN,11,23.1,23.1,-5.0,-37.0,latm5p00_lonm37p00
EOLCVRN030416-6-01,Rei dos Ventos 1,-36.20204622499995,-5.100869357999954,RN,35,58.449999999999996,58.449999999999996,-5.0,-36.25,latm5p00_lonm36p25
EOLCVRN030417-4-01,Rei dos Ventos 3,-36.16319865099996,-5.118991512999969,RN,36,60.12,60.12,-5.0,-36.25,latm5p00_lonm36p25
EOLCVRN030454-9-01,Mel 02,-36.96413672799997,-4.946650683999962,RN,10,20.0,20.0,-5.0,-37.0,latm5p00_lonm37p00
EOLCVRN030497-2-01,Renascença V,-35.85890579199997,-5.269818782999948,RN,15,30.0,30.0,-5.25,-35.75,latm5p25_lonm35p75
EOLCVRN030498-0-01,Asa Branca IV,-35.991589045999945,-5.329065217999926,RN,20,32.0,32.0,-5.25,-36.0,latm5p25_lonm36p00
EOLCVRN030499-9-01,Eurus II,-35.83305674999997,-5.391921767999975,RN,15,30.0,30.0,-5.5,-35.75,latm5p50_lonm35p75
EOLCVRN030500-6-01,Campo dos Ventos II,-35.93222341599994,-5.320061287999977,RN,15,30.0,30.0,-5.25,-36.0,latm5p25_lonm36p00
EOLCVRN030501-4-01,Cabeço Preto IV,-35.95609507399996,-5.448380447999966,RN,11,19.8,19.8,-5.5,-36.0,latm5p50_lonm36p00
EOLCVRN030502-2-01,Farol,-36.02035140999993,-5.097024917999931,RN,10,20.0,20.0,-5.0,-36.0,latm5p00_lonm36p00
EOLCVRN030503-0-01,Eurus I,-35.861852847999955,-5.365116868999962,RN,19,30.400000000000002,30.0,-5.25,-35.75,latm5p25_lonm35p75
EOLCVRN030504-9-01,Eurus III,-35.874876807999954,-5.397274823999965,RN,19,30.0,30.0,-5.5,-35.75,latm5p50_lonm35p75
EOLCVRN030505-7-01,Asa Branca I,-35.82660980899993,-5.232348627999954,RN,10,27.0000005,27.0,-5.25,-35.75,latm5p25_lonm35p75
EOLCVRN030507-3-01,Asa Branca V,-36.008791059999965,-5.382761684999935,RN,20,32.0,32.0,-5.5,-36.0,latm5p50_lonm36p00
EOLCVRN030508-1-01,Asa Branca VIII,-35.98042454499995,-5.281199696999977,RN,20,32.0,32.0,-5.25,-36.0,latm5p25_lonm36p00
EOLCVRN030509-0-01,Eurus IV,-35.81445102799995,-5.2622288399999775,RN,10,27.0000005,27.0,-5.25,-35.75,latm5p25_lonm35p75
EOLCVRN030511-1-01,Calango 1,-36.54399999999998,-6.033888888999968,RN,15,30.0,30.0,-6.0,-36.5,latm6p00_lonm36p50
EOLCVRN030512-0-01,Dreen Boa Vista,-35.92790603599997,-5.11060380899994,RN,7,14.0,14.0,-5.0,-36.0,latm5p00_lonm36p00
EOLCVRN030513-8-01,Asa Branca VII,-35.942999999999984,-5.252861110999959,RN,20,32.0,32.0,-5.25,-36.0,latm5p25_lonm36p00
EOLCVRN030514-6-01,Ventos de São Miguel,-35.87547302199994,-5.283907889999966,RN,15,30.0,30.0,-5.25,-36.0,latm5p25_lonm36p00
EOLCVRN030515-4-01,Renascença I,-35.869159697999976,-5.304473876999964,RN,15,30.0,30.0,-5.25,-35.75,latm5p25_lonm35p75
EOLCVRN030516-2-01,Renascença II,-35.88867950399998,-5.307009696999955,RN,15,30.0,30.0,-5.25,-36.0,latm5p25_lonm36p00
EOLCVRN030519-7-01,Calango 2,-36.48349761999998,-6.016626834999954,RN,15,30.0,30.0,-6.0,-36.5,latm6p00_lonm36p50
EOLCVRN030520-0-01,Asa Branca VI,-35.99872067699994,-5.359637242999952,RN,20,32.0,32.0,-5.25,-36.0,latm5p25_lonm36p00
EOLCVRN030527-8-01,Renascença III,-35.895721435999974,-5.295299052999951,RN,15,30.0,30.0,-5.25,-36.0,latm5p25_lonm36p00
EOLCVRN030536-7-01,Dreen São Bento do Norte,-35.97844314599996,-5.052951812999936,RN,15,30.0,30.0,-5.0,-36.0,latm5p00_lonm36p00
EOLCVRN030537-5-01,Calango 4,-36.47199999999998,-6.02361111099998,RN,15,30.0,30.0,-6.0,-36.5,latm6p00_lonm36p50
EOLCVRN030545-6-01,Calango 3,-36.545999999999935,-6.048888888999954,RN,15,30.0,30.0,-6.0,-36.5,latm6p00_lonm36p50
EOLCVRN030547-2-01,Asa Branca II,-35.88081169199995,-5.228613199999927,RN,10,27.0000005,27.0,-5.25,-36.0,latm5p25_lonm36p00
EOLCVRN030548-0-01,Asa Branca III,-35.84364662999997,-5.255073778999929,RN,10,27.0000005,24.3,-5.25,-35.75,latm5p25_lonm35p75
EOLCVRN030549-9-01,Dreen Olho D Água,-35.96867752099996,-5.054495334999956,RN,15,30.0,30.0,-5.0,-36.0,latm5p00_lonm36p00
EOLCVRN030551-0-01,Renascença IV,-35.91640090899995,-5.298122882999962,RN,15,30.0,30.0,-5.25,-36.0,latm5p25_lonm36p00
EOLCVRN030552-9-01,Calango 5,-36.48799999999994,-6.03027777799997,RN,15,30.0,30.0,-6.0,-36.5,latm6p00_lonm36p50
EOLCVRN030553-7-01,Ventos do Brejo A-6,-35.36299999999994,-6.209916666999959,RN,0,0.0,0.0,-6.25,-35.25,latm6p25_lonm35p25
EOLCVRN030562-6-01,União dos Ventos 1,-35.83981059299998,-5.077381179999975,RN,14,22.400000000000002,22.4,-5.0,-35.75,latm5p00_lonm35p75
EOLCVRN030563-4-01,União dos Ventos 2,-35.82578583299994,-5.080602454999962,RN,14,22.400000000000002,22.4,-5.0,-35.75,latm5p00_lonm35p75
EOLCVRN030564-2-01,União dos Ventos 3,-35.809999999999945,-5.082510167999942,RN,14,22.400000000000002,22.4,-5.0,-35.75,latm5p00_lonm35p75
EOLCVRN030565-0-01,União dos Ventos 4,-35.797999999999945,-5.0903413129999535,RN,7,11.200000000000001,11.2,-5.0,-35.75,latm5p00_lonm35p75
EOLCVRN030566-9-01,União dos Ventos 5,-35.78199999999998,-5.0904122619999725,RN,15,24.0,24.0,-5.0,-35.75,latm5p00_lonm35p75
EOLCVRN030567-7-01,União dos Ventos 6,-35.76699999999994,-5.094640503999926,RN,8,12.8,12.8,-5.0,-35.75,latm5p00_lonm35p75
EOLCVRN030568-5-01,União dos Ventos 7,-35.75199999999995,-5.097147341999971,RN,9,14.4,14.4,-5.0,-35.75,latm5p00_lonm35p75
EOLCVRN030569-3-01,União dos Ventos 8,-35.88799999999998,-5.072676457999933,RN,9,14.4,14.4,-5.0,-36.0,latm5p00_lonm36p00
EOLCVRN030570-7-01,União dos Ventos 9,-35.886999999999944,-5.087244720999934,RN,7,11.200000000000001,11.2,-5.0,-36.0,latm5p00_lonm36p00
EOLCVRN030571-5-01,União dos Ventos 10,-35.88899999999995,-5.1071868659999495,RN,9,14.4,14.4,-5.0,-36.0,latm5p00_lonm36p00
EOLCVRN030609-6-01,Serra de Santana II,-36.57868431099996,-6.101388888999964,RN,15,30.0,30.0,-6.0,-36.5,latm6p00_lonm36p50
EOLCVRN030615-0-01,Serra de Santana III,-36.512037377999945,-6.024937091999959,RN,15,30.0,30.0,-6.0,-36.5,latm6p00_lonm36p50
EOLCVRN030622-3-01,Arizona 1,-35.38199999999995,-5.304166666999947,RN,14,28.0,28.0,-5.25,-35.5,latm5p25_lonm35p50
EOLCVRN030625-8-01,Serra de Santana I,-36.58061876099998,-6.05661175299997,RN,10,20.0,20.0,-6.0,-36.5,latm6p00_lonm36p50
EOLCVRN030660-6-01,Juremas,-35.846270628999946,-5.389809884999977,RN,7,16.099999999999998,16.1,-5.5,-35.75,latm5p50_lonm35p75
EOLCVRN030661-4-01,Macacos,-35.84833061099994,-5.41199132099996,RN,9,20.7,20.7,-5.5,-35.75,latm5p50_lonm35p75
EOLCVRN030671-1-01,Pedra Preta,-35.85338593899996,-5.426821744999927,RN,9,20.7,20.7,-5.5,-35.75,latm5p50_lonm35p75
EOLCVRN030672-0-01,Costa Branca,-35.85256767399994,-5.421530853999968,RN,9,20.7,20.7,-5.5,-35.75,latm5p50_lonm35p75
EOLCVRN030699-1-01,Dreen Guajiru,-35.90224012799996,-5.088017969999953,RN,10,21.0,21.0,-5.0,-36.0,latm5p00_lonm36p00
EOLCVRN030700-9-01,GE Jangada,-36.011893923999935,-5.054846533999978,RN,13,27.3,27.299999999999997,-5.0,-36.0,latm5p00_lonm36p00
EOLCVRN030701-7-01,Dreen Cutia,-35.90172350599994,-5.105403837999972,RN,11,23.1,23.1,-5.0,-36.0,latm5p00_lonm36p00
EOLCVRN030702-5-01,GE Maria Helena,-36.012362295999935,-5.066152493999937,RN,13,27.3,27.299999999999997,-5.0,-36.0,latm5p00_lonm36p00
EOLCVRN030787-4-01,Modelo I,-35.89305114999996,-5.430773461999934,RN,13,30.55,30.549999999999997,-5.5,-36.0,latm5p50_lonm36p00
EOLCVRN030788-2-01,Modelo II,-35.900110678999965,-5.414365858999929,RN,15,25.85,25.85,-5.5,-36.0,latm5p50_lonm36p00
EOLCVRN030804-8-01,São João,-35.65383309199996,-5.128717159999951,RN,9,27.0,27.0,-5.25,-35.75,latm5p25_lonm35p75
EOLCVRN030828-5-01,Ventos de Santo Uriel,-35.90008936199996,-5.4872786319999705,RN,6,16.200000000000003,16.2,-5.5,-36.0,latm5p50_lonm36p00
EOLCVRN030831-5-01,Carnaúbas,-35.66298810199993,-5.152039463999927,RN,9,27.0,27.0,-5.25,-35.75,latm5p25_lonm35p75
EOLCVRN030832-3-01,Carcará I,-36.991753211999935,-4.94375055699993,RN,10,30.0,30.0,-5.0,-37.0,latm5p00_lonm37p00
EOLCVRN030834-0-01,Santa Helena,-35.916154966999954,-5.472055861999934,RN,11,29.700000000000003,29.7,-5.5,-36.0,latm5p50_lonm36p00
EOLCVRN030843-9-01,Reduto,-35.68864809799993,-5.12826432199995,RN,9,27.0,27.0,-5.25,-35.75,latm5p25_lonm35p75
EOLCVRN030849-8-01,Santo Cristo,-35.620747077999965,-5.13565878299994,RN,9,27.465,27.465,-5.25,-35.5,latm5p25_lonm35p50
EOLCVRN030856-0-01,Pelado,-36.43527353799993,-6.0042732639999485,RN,10,20.0,20.0,-6.0,-36.5,latm6p00_lonm36p50
EOLCVRN030860-9-01,Lanchinha,-36.72199511599996,-6.135310735999951,RN,14,28.0,28.0,-6.25,-36.75,latm6p25_lonm36p75
EOLCVRN030864-1-01,SM,-35.923309347999975,-5.442160928999954,RN,11,29.700000000000003,29.7,-5.5,-36.0,latm5p50_lonm36p00
EOLCVRN030870-6-01,Riachão I,-35.42852863599995,-5.523004943999979,RN,11,29.700000000000003,29.7,-5.5,-35.5,latm5p50_lonm35p50
EOLCVRN030871-4-01,Riachão II,-35.44728929399997,-5.569431915999928,RN,10,27.0,27.0,-5.5,-35.5,latm5p50_lonm35p50
EOLCVRN030872-2-01,Riachão VI,-35.446717596999974,-5.537552808999976,RN,11,29.700000000000003,29.7,-5.5,-35.5,latm5p50_lonm35p50
EOLCVRN030873-0-01,Riachão VII,-35.46399999999994,-5.577777777999927,RN,11,29.700000000000003,29.7,-5.5,-35.5,latm5p50_lonm35p50
EOLCVRN030874-9-01,Riachão IV,-35.46899999999994,-5.521111110999925,RN,11,29.700000000000003,29.7,-5.5,-35.5,latm5p50_lonm35p50
EOLCVRN030876-5-01,Cabeço Preto V,-36.00440197299997,-5.479929132999928,RN,13,26.0,26.0,-5.5,-36.0,latm5p50_lonm36p00
EOLCVRN030889-7-01,Morro dos Ventos II,-35.83553998399998,-5.36013090299997,RN,18,29.160000000000004,29.16,-5.25,-35.75,latm5p25_lonm35p75
EOLCVRN030897-8-01,Carcará II,-37.00358406199996,-4.945668057999967,RN,10,30.0,30.0,-5.0,-37.0,latm5p00_lonm37p00
EOLCVRN030898-6-01,Terral,-37.03545434799997,-4.961813551999967,RN,10,30.0,30.0,-5.0,-37.0,latm5p00_lonm37p00
EOLCVRN030900-1-01,Cabeço Preto VI,-35.935276158999955,-5.4643572719999725,RN,9,18.0,18.0,-5.5,-36.0,latm5p50_lonm36p00
EOLCVRN030931-1-01,Baixa do Feijão IV,-36.06063481899997,-5.321963260999951,RN,15,30.0,30.0,-5.25,-36.0,latm5p25_lonm36p00
EOLCVRN030932-0-01,Baixa do Feijão I,-36.03167953599996,-5.369769602999952,RN,15,30.0,30.0,-5.25,-36.0,latm5p25_lonm36p00
EOLCVRN030933-8-01,Baixa do Feijão II,-36.03810740799997,-5.302248857999928,RN,15,30.0,30.0,-5.25,-36.0,latm5p25_lonm36p00
EOLCVRN030934-6-01,Baixa do Feijão III,-36.04003815299996,-5.344928803999949,RN,15,30.0,30.0,-5.25,-36.0,latm5p25_lonm36p00
EOLCVRN031015-8-01,Cabeço Preto III,-35.98613113099998,-5.418302109999956,RN,13,26.0,26.0,-5.5,-36.0,latm5p50_lonm36p00
EOLCVRN031025-5-01,Macambira I,-36.55513292099994,-6.046298701999945,RN,9,18.0,18.0,-6.0,-36.5,latm6p00_lonm36p50
EOLCVRN031026-3-01,Macambira II,-36.53017219699996,-6.075387623999973,RN,9,18.0,18.0,-6.0,-36.5,latm6p00_lonm36p50
EOLCVRN031069-7-01,Campo dos Ventos V,-35.94261985399993,-5.325159588999952,RN,12,25.200000000000003,25.2,-5.25,-36.0,latm5p25_lonm36p00
EOLCVRN031071-9-01,Campo dos Ventos III,-35.96689863399996,-5.335631484999965,RN,11,25.200000000000003,25.2,-5.25,-36.0,latm5p25_lonm36p00
EOLCVRN031072-7-01,Campo dos Ventos I,-35.93354672799995,-5.354349169999978,RN,12,25.200000000000003,25.2,-5.25,-36.0,latm5p25_lonm36p00
EOLCVRN031372-6-01,Ventos de Santo Dimas,-35.78992452799997,-5.233701262999944,RN,14,29.400000000000002,29.4,-5.25,-35.75,latm5p25_lonm35p75
EOLCVRN031373-4-01,Ventos de São Benedito,-35.78523116899993,-5.226207071999966,RN,14,29.400000000000002,29.4,-5.25,-35.75,latm5p25_lonm35p75
EOLCVRN031412-9-01,Ventos de São Martinho,-35.78090198299998,-5.277931982999974,RN,7,14.700000000000001,14.7,-5.25,-35.75,latm5p25_lonm35p75
EOLCVRN031425-0-01,Santa Úrsula,-35.78931671599997,-5.293660494999926,RN,13,27.3,27.299999999999997,-5.25,-35.75,latm5p25_lonm35p75
EOLCVRN031427-7-01,Santa Mônica,-35.80055853299996,-5.279830067999967,RN,14,29.400000000000002,29.4,-5.25,-35.75,latm5p25_lonm35p75
EOLCVRN031642-3-01,União dos Ventos 15,-35.74659905799996,-5.294194878999974,RN,12,31.5,31.5,-5.25,-35.75,latm5p25_lonm35p75
EOLCVRN031643-1-01,União dos Ventos 14,-35.87028500699995,-5.107477692999964,RN,10,21.0,21.0,-5.0,-35.75,latm5p00_lonm35p75
EOLCVRN031645-8-01,União dos Ventos 12,-35.852148572999965,-5.103345785999977,RN,12,25.200000000000003,25.2,-5.0,-35.75,latm5p00_lonm35p75
EOLCVRN031651-2-01,Cabeço Vermelho,-36.003629855999975,-5.492819955999948,RN,13,26.0,28.6,-5.5,-36.0,latm5p50_lonm36p00
EOLCVRN031652-0-01,União dos Ventos 16,-35.76380498599997,-5.263724684999943,RN,11,28.875,28.875,-5.25,-35.75,latm5p25_lonm35p75
EOLCVRN031665-2-01,Cabeço Vermelho II,-35.98785356899998,-5.494877667999958,RN,8,16.8,16.8,-5.5,-36.0,latm5p50_lonm36p00
EOLCVRN031697-0-01,União dos Ventos 13,-35.86234833299994,-5.08366984099996,RN,9,18.900000000000002,18.9,-5.0,-35.75,latm5p00_lonm35p75
EOLCVRN031750-0-01,Vila Amazonas V,-36.96456447099996,-4.988149182999962,RN,8,24.0,24.0,-5.0,-37.0,latm5p00_lonm37p00
EOLCVRN031757-8-01,Vila Pará II,-36.96441722999998,-5.035704180999971,RN,8,24.0,24.0,-5.0,-37.0,latm5p00_lonm37p00
EOLCVRN031759-4-01,Vila Pará I,-36.964482206999946,-5.014774565999971,RN,9,27.0,27.0,-5.0,-37.0,latm5p00_lonm37p00
EOLCVRN031765-9-01,Vila Pará III,-36.96432390499996,-5.065611353999941,RN,8,24.0,24.0,-5.0,-37.0,latm5p00_lonm37p00
EOLCVRN031801-9-01,Aroeira,-36.11292362299997,-5.338677279999956,RN,14,32.9,32.9,-5.25,-36.0,latm5p25_lonm36p00
EOLCVRN031802-7-01,Jericó,-36.09034821399996,-5.371214465999969,RN,14,32.9,32.9,-5.25,-36.0,latm5p25_lonm36p00
EOLCVRN031810-8-01,Santana I,-36.45557162299997,-6.053532269999948,RN,15,30.0,30.0,-6.0,-36.5,latm6p00_lonm36p50
EOLCVRN031811-6-01,Santana II,-36.46399991199996,-6.042753756999957,RN,12,24.0,24.0,-6.0,-36.5,latm6p00_lonm36p50
EOLCVRN031812-4-01,Calango 6,-36.44983357999996,-6.0005456199999685,RN,15,30.0,30.0,-6.0,-36.5,latm6p00_lonm36p50
EOLCVRN031826-4-01,Umbuzeiros,-36.08322320199994,-5.411510039999939,RN,14,32.9,32.9,-5.5,-36.0,latm5p50_lonm36p00
EOLCVRN031887-6-01,Aventura I,-35.80486371799998,-5.381410172999949,RN,12,28.200000000000003,28.2,-5.5,-35.75,latm5p50_lonm35p75
EOLCVRN032080-3-01,AW São João,-36.11046832299997,-5.366268094999953,RN,6,25.200000000000003,25.2,-5.25,-36.0,latm5p25_lonm36p00
EOLCVRN032194-0-01,AW Santa Régia,-36.11048834699994,-5.386859274999949,RN,9,37.800000000000004,37.8,-5.5,-36.0,latm5p50_lonm36p00
EOLCVRN032196-6-01,AW Nova Arizona,-36.14394055199995,-5.350712974999965,RN,5,21.0,21.0,-5.25,-36.25,latm5p25_lonm36p25
EOLCVRN032197-4-01,Sinfonia 04,-36.29584144499995,-5.344091888999969,RN,3,19.799999999999997,19.799999999999997,-5.25,-36.25,latm5p25_lonm36p25
EOLCVRN032198-2-01,Sinfonia 05,-36.29816420099996,-5.3469034649999685,RN,3,19.799999999999997,19.799999999999997,-5.25,-36.25,latm5p25_lonm36p25
EOLCVRN032199-0-01,AW Olho D’Água I,-36.14003289299996,-5.3960523109999485,RN,6,25.200000000000003,25.200000000000003,-5.5,-36.25,latm5p50_lonm36p25
EOLCVRN032201-6-01,AW Cruzeiro,-36.15111339499998,-5.36300750199996,RN,9,37.800000000000004,37.800000000000004,-5.25,-36.25,latm5p25_lonm36p25
EOLCVRN032207-5-01,Cumaru I,-35.76459313899994,-5.152554659999964,RN,10,42.0,42.0,-5.25,-35.75,latm5p25_lonm35p75
EOLCVRN032208-3-01,Cumaru II,-35.78058944899993,-5.181273689999955,RN,10,42.0,42.0,-5.25,-35.75,latm5p25_lonm35p75
EOLCVRN032209-1-01,Cumaru III,-35.80978073699998,-5.131890462999934,RN,10,42.0,42.0,-5.25,-35.75,latm5p25_lonm35p75
EOLCVRN032215-6-01,São Domingos,-35.79095337699994,-5.20361909899998,RN,12,25.200000000000003,25.2,-5.25,-35.75,latm5p25_lonm35p75
EOLCVRN032280-6-01,Paraíso Farol II,-35.48248901299996,-5.190377545999979,RN,3,13.5,13.5,-5.25,-35.5,latm5p25_lonm35p50
EOLCVRN032281-4-01,Paraíso Farol III,-35.488799780999955,-5.183528917999979,RN,7,31.5,31.5,-5.25,-35.5,latm5p25_lonm35p50
EOLCVRN032352-7-01,Pedra Rajada,-36.30922524999994,-5.9142083129999605,RN,10,20.0,20.0,-6.0,-36.25,latm6p00_lonm36p25
EOLCVRN032353-5-01,Pedra Rajada II,-36.28867724199995,-5.886906546999967,RN,10,20.0,20.0,-6.0,-36.25,latm6p00_lonm36p25
EOLCVRN032354-3-01,Esperança do Nordeste,-35.95518376999996,-5.082772069999976,RN,13,27.3,27.299999999999997,-5.0,-36.0,latm5p00_lonm36p00
EOLCVRN032355-1-01,Paraíso dos Ventos do Nordeste,-35.94193112999994,-5.082073609999952,RN,13,27.3,27.299999999999997,-5.0,-36.0,latm5p00_lonm36p00
EOLCVRN032356-0-01,Potiguar,-35.90141326699995,-5.064313567999932,RN,13,27.3,27.299999999999997,-5.0,-36.0,latm5p00_lonm36p00
EOLCVRN032375-6-01,Serra do Mato I,-39.39626156399999,-3.2706525219999776,CE,5,21.0,21.0,-3.25,-39.5,latm3p25_lonm39p50
EOLCVRN032376-4-01,Serra do Mato II,-39.35126682599997,-3.275988899999959,CE,5,21.0,21.0,-3.25,-39.25,latm3p25_lonm39p25
EOLCVRN032377-2-01,Serra do Mato III,-39.34820175799996,-3.2624649319999435,CE,5,21.0,21.0,-3.25,-39.25,latm3p25_lonm39p25
EOLCVRN032378-0-01,Serra do Mato IV,-39.39618158599996,-3.220148305999942,CE,5,21.0,21.0,-3.25,-39.5,latm3p25_lonm39p50
EOLCVRN032379-9-01,Serra do Mato VI,-39.407349815999964,-3.245552262999979,CE,4,16.8,16.8,-3.25,-39.5,latm3p25_lonm39p50
EOLCVRN032404-3-01,Mundo Novo VII,-35.65845803199994,-5.221796402999928,RN,9,37.800000000000004,40.5,-5.25,-35.75,latm5p25_lonm35p75
EOLCVRN032405-1-01,Mundo Novo VI,-35.638807750999945,-5.202639430999966,RN,9,37.800000000000004,40.5,-5.25,-35.75,latm5p25_lonm35p75
EOLCVRN032453-1-01,Serra do Mato V,-39.40197103499997,-3.232201346999944,CE,5,21.0,21.0,-3.25,-39.5,latm3p25_lonm39p50
EOLCVRN032495-7-01,Terra Santa I,-36.05748677699995,-5.256866516999935,RN,17,60.349999999999994,60.349999999999994,-5.25,-36.0,latm5p25_lonm36p00
EOLCVRN032501-5-01,Terra Santa II,-36.10292810799996,-5.229838539999946,RN,9,31.95,31.95,-5.25,-36.0,latm5p25_lonm36p00
EOLCVRN032518-0-01,Monte Verde I,-36.19083761099995,-5.4955516139999645,RN,16,67.2,67.2,-5.5,-36.25,latm5p50_lonm36p25
EOLCVRN032519-8-01,Monte Verde II,-36.19794540399994,-5.459388547999936,RN,16,67.2,67.2,-5.5,-36.25,latm5p50_lonm36p25
EOLCVRN032548-1-01,União dos Ventos 20,-35.86836926799998,-5.130645027999947,RN,9,40.5,40.5,-5.25,-35.75,latm5p25_lonm35p75
EOLCVRN032550-3-01,União dos Ventos 17,-35.78623839499994,-5.254295635999938,RN,5,22.5,22.5,-5.25,-35.75,latm5p25_lonm35p75
EOLCVRN032588-0-01,Boa esperança II,-35.956491881999966,-5.503156001999969,RN,5,21.0,21.0,-5.5,-36.0,latm5p50_lonm36p00
EOLCVRN032593-7-01,Ventos de Santa Leia 01,-36.152157288999945,-5.91073868899997,RN,15,67.5,67.5,-6.0,-36.25,latm6p00_lonm36p25
EOLCVRN032870-7-01,Jandaíra I,-36.016571812999985,-5.419885621999981,RN,3,10.395,10.395,-5.5,-36.0,latm5p50_lonm36p00
EOLCVRN033002-7-01,Aventura II,-35.73408378299996,-5.325670410999976,RN,5,21.0,21.0,-5.25,-35.75,latm5p25_lonm35p75
EOLCVRN033026-4-01,Aventura III,-35.75434684099997,-5.32656775199996,RN,6,25.200000000000003,25.2,-5.25,-35.75,latm5p25_lonm35p75
EOLCVRN033429-4-01,Filgueira I,-36.998939468999936,-5.020685430999947,RN,11,39.05,39.05,-5.0,-37.0,latm5p00_lonm37p00
EOLCVRN033430-8-01,Filgueira II,-37.03957046199997,-5.012680565999972,RN,8,28.4,28.4,-5.0,-37.0,latm5p00_lonm37p00
EOLCVRN033543-6-01,Sinfonia 01,-36.27831923699995,-5.31650747599997,RN,3,19.799999999999997,19.799999999999997,-5.25,-36.25,latm5p25_lonm36p25
EOLCVRN033544-4-01,Sinfonia 02,-36.280881748999946,-5.3262691199999495,RN,3,19.799999999999997,19.799999999999997,-5.25,-36.25,latm5p25_lonm36p25
EOLCVRN033545-2-01,Sinfonia 03,-36.28607970599995,-5.335373740999955,RN,3,19.799999999999997,19.799999999999997,-5.25,-36.25,latm5p25_lonm36p25
EOLCVRN033552-5-01,Mundo Novo V,-35.69155090099997,-5.198910001999934,RN,6,25.200000000000003,22.5,-5.25,-35.75,latm5p25_lonm35p75
EOLCVRN033597-5-01,Acauã I,-36.66725810899993,-6.08534293799994,RN,6,25.200000000000003,25.2,-6.0,-36.75,latm6p00_lonm36p75
EOLCVRN033598-3-01,Acauã II,-36.67402190499996,-6.078963511999973,RN,5,21.0,21.0,-6.0,-36.75,latm6p00_lonm36p75
EOLCVRN033640-8-01,São Bento do Norte I,-35.932605742999954,-5.127396583999939,RN,11,23.1,23.1,-5.25,-36.0,latm5p25_lonm36p00
EOLCVRN033642-4-01,São Bento do Norte II,-35.93235934499995,-5.15065564899993,RN,11,23.1,23.1,-5.25,-36.0,latm5p25_lonm36p00
EOLCVRN033643-2-01,São Bento do Norte III,-36.030688244999965,-5.0742902279999385,RN,11,23.1,23.1,-5.0,-36.0,latm5p00_lonm36p00
EOLCVRN033644-0-01,São Miguel I,-35.97969385499994,-5.160201898999958,RN,10,21.0,21.0,-5.25,-36.0,latm5p25_lonm36p00
EOLCVRN033645-9-01,São Miguel II,-35.99349081999998,-5.159326380999971,RN,10,21.0,21.0,-5.25,-36.0,latm5p25_lonm36p00
EOLCVRN033647-5-01,São Miguel III,-35.999368361999984,-5.156063812999946,RN,10,21.0,21.0,-5.25,-36.0,latm5p25_lonm36p00
EOLCVRN033666-1-01,Boa Esperança I,-35.995791304999955,-5.538735317999965,RN,14,30.800000000000004,30.8,-5.5,-36.0,latm5p50_lonm36p00
EOLCVRN033681-5-01,Ventos de Santa Leia 02,-36.13757045999995,-5.869453973999953,RN,15,67.5,67.5,-5.75,-36.25,latm5p75_lonm36p25
EOLCVRN033690-4-01,Ventos de Santa Leia 04,-36.10233557299995,-5.808403855999927,RN,15,67.1,67.1,-5.75,-36.0,latm5p75_lonm36p00
EOLCVRN033691-2-01,Ventos de Santa Leia 05,-36.07259506699995,-5.785130582999955,RN,15,67.5,67.5,-5.75,-36.0,latm5p75_lonm36p00
EOLCVRN033752-8-01,Vila Acre I,-37.015356759999975,-5.074178292999932,RN,13,27.3,27.299999999999997,-5.0,-37.0,latm5p00_lonm37p00
EOLCVRN033753-6-01,Ventos de Vila Acre II,-37.042988881999975,-5.075401830999965,RN,9,31.185,31.185,-5.0,-37.0,latm5p00_lonm37p00
EOLCVRN033831-1-01,Santo Agostinho 1,-36.22985296899998,-5.51854551699995,RN,3,18.6,18.6,-5.5,-36.25,latm5p50_lonm36p25
EOLCVRN033833-8-01,Santo Agostinho 2,-36.22977241299998,-5.539734619999933,RN,5,31.0,31.0,-5.5,-36.25,latm5p50_lonm36p25
EOLCVRN033834-6-01,Santo Agostinho 3,-36.23479241099994,-5.584802827999965,RN,2,12.4,12.4,-5.5,-36.25,latm5p50_lonm36p25
EOLCVRN033835-4-01,Santo Agostinho 4,-36.21647325999993,-5.583279559999937,RN,6,37.2,37.2,-5.5,-36.25,latm5p50_lonm36p25
EOLCVRN033836-2-01,Santo Agostinho 5,-36.19904812899995,-5.556848374999959,RN,9,55.800000000000004,55.8,-5.5,-36.25,latm5p50_lonm36p25
EOLCVRN033838-9-01,Santo Agostinho 6,-36.192846464999946,-5.575242769999932,RN,4,24.8,24.8,-5.5,-36.25,latm5p50_lonm36p25
EOLCVRN033853-2-01,Santo Agostinho 13,-36.24688132599994,-5.647425821999946,RN,6,37.2,37.2,-5.75,-36.25,latm5p75_lonm36p25
EOLCVRN033854-0-01,Santo Agostinho 14,-36.24713094499998,-5.644228215999931,RN,1,6.2,6.2,-5.75,-36.25,latm5p75_lonm36p25
EOLCVRN033857-5-01,Santo Agostinho 17,-36.26155339499997,-5.588362022999945,RN,7,43.4,43.400000000000006,-5.5,-36.25,latm5p50_lonm36p25
EOLCVRN033864-8-01,Acauã III,-36.62938754099997,-6.097551843999952,RN,4,16.8,16.8,-6.0,-36.75,latm6p00_lonm36p75
EOLCVRN033872-9-01,Santo Agostinho 18,-36.25216212099997,-5.552010736999932,RN,5,31.0,31.0,-5.5,-36.25,latm5p50_lonm36p25
EOLCVRN033875-3-01,Santo Agostinho 21,-36.21673908599996,-5.507548041999939,RN,5,31.0,31.0,-5.5,-36.25,latm5p50_lonm36p25
EOLCVRN033881-8-01,Monte Verde III,-36.22200328099996,-5.43984706599997,RN,14,58.800000000000004,58.8,-5.5,-36.25,latm5p50_lonm36p25
EOLCVRN033964-4-01,Baixa do Sítio,-36.64797898599994,-6.09163160199995,RN,11,46.2,46.2,-6.0,-36.75,latm6p00_lonm36p75
EOLCVRN034498-2-01,Anemus Wind 1,-36.62069013099995,-6.154989989999933,RN,9,37.800000000000004,37.8,-6.25,-36.5,latm6p25_lonm36p50
EOLCVRN034499-0-01,Anemus Wind 2,-36.62933373499993,-6.148638131999974,RN,11,46.2,46.2,-6.25,-36.75,latm6p25_lonm36p75
EOLCVRN034541-5-01,Milagres,-36.16414536499997,-5.324648889999935,RN,5,27.499950000000002,27.499950000000002,-5.25,-36.25,latm5p25_lonm36p25
EOLCVRN034546-6-01,Morada Nova I,-36.13465100099995,-5.449479895999957,RN,5,27.5,27.5,-5.5,-36.25,latm5p50_lonm36p25
EOLCVRN034550-4-01,Boa Vista I,-36.05605055099994,-5.436641509999959,RN,5,27.499950000000002,27.499950000000002,-5.5,-36.0,latm5p50_lonm36p00
EOLCVRN034551-2-01,Boa Vista II,-36.11189470199997,-5.485159220999947,RN,5,27.499950000000002,27.499950000000002,-5.5,-36.0,latm5p50_lonm36p00
EOLCVRN034596-2-01,Morro Pintado 1,-37.058087599999965,-5.03986096999995,RN,0,0.0,0.0,-5.0,-37.0,latm5p00_lonm37p00
EOLCVRN034597-0-01,Morro Pintado 3,-37.06380599999994,-5.051315469999963,RN,0,0.0,0.0,-5.0,-37.0,latm5p00_lonm37p00
EOLCVRN034598-9-01,Morro Pintado 4,-37.07575824999998,-5.046405319999963,RN,0,0.0,0.0,-5.0,-37.0,latm5p00_lonm37p00
EOLCVRN034599-7-01,Morro Pintado 5,-37.070407399999965,-5.032528829999933,RN,0,0.0,0.0,-5.0,-37.0,latm5p00_lonm37p00
EOLCVRN034600-4-01,Morro Pintado 6,-37.07702204999998,-5.027494179999962,RN,0,0.0,0.0,-5.0,-37.0,latm5p00_lonm37p00
EOLCVRN034601-2-01,Morro Pintado 7,-37.08248107999998,-5.019870139999966,RN,0,0.0,0.0,-5.0,-37.0,latm5p00_lonm37p00
EOLCVRN034602-0-01,Morro Pintado 8,-37.090408139999965,-5.019215259999953,RN,0,0.0,0.0,-5.0,-37.0,latm5p00_lonm37p00
EOLCVRN034603-9-01,Morro Pintado 9,-37.10023072999997,-5.002218479999954,RN,0,0.0,0.0,-5.0,-37.0,latm5p00_lonm37p00
EOLCVRN034611-0-01,Morro Pintado 2,-37.05102859999994,-5.036603029999981,RN,0,0.0,0.0,-5.0,-37.0,latm5p00_lonm37p00
EOLCVRN034612-8-01,Passagem,-36.61828528999996,-6.065759286999935,RN,9,51.300000000000004,51.300000000000004,-6.0,-36.5,latm6p00_lonm36p50
EOLCVRN034719-1-01,Pau DArco,-36.09026557899995,-5.540420483999981,RN,5,27.499950000000002,27.499950000000002,-5.5,-36.0,latm5p50_lonm36p00
EOLCVRN034720-5-01,Pedra Rosada I,-36.11588855199994,-5.5207860519999485,RN,5,27.499950000000002,27.499950000000002,-5.5,-36.0,latm5p50_lonm36p00
EOLCVRN034723-0-01,Santa Benvinda II,-36.09301735499997,-5.5585039359999655,RN,5,27.499950000000002,27.499950000000002,-5.5,-36.0,latm5p50_lonm36p00
EOLCVRN034724-8-01,Pau Branco,-36.114832846999946,-5.502267912999969,RN,5,27.499950000000002,27.499950000000002,-5.5,-36.0,latm5p50_lonm36p00
EOLCVRN034937-2-01,Ventos de Santa Leia 03,-36.11526128699995,-5.845893298999954,RN,15,67.5,67.5,-5.75,-36.0,latm5p75_lonm36p00
EOLCVRN035008-7-01,Jandaíra II,-36.02021005399996,-5.4263360589999365,RN,7,24.255,24.255,-5.5,-36.0,latm5p50_lonm36p00
EOLCVRN035158-0-01,Afonso Bezerra I,-36.50617712099995,-5.3244759169999725,RN,7,29.400000000000002,29.4,-5.25,-36.5,latm5p25_lonm36p50
EOLCVRN035159-8-01,Afonso Bezerra II,-36.47258375699994,-5.361014387999944,RN,7,29.400000000000002,29.4,-5.25,-36.5,latm5p25_lonm36p50
EOLCVRN035160-1-01,Afonso Bezerra III,-36.49254230899993,-5.408627124999953,RN,7,29.400000000000002,29.4,-5.5,-36.5,latm5p50_lonm36p50
EOLCVRN035161-0-01,Afonso Bezerra IV,-36.46978643299997,-5.350537047999978,RN,4,16.8,16.8,-5.25,-36.5,latm5p25_lonm36p50
EOLCVRN035165-2-01,Angicos I,-36.48918220199994,-5.315097755999943,RN,6,25.200000000000003,25.2,-5.25,-36.5,latm5p25_lonm36p50
EOLCVRN035166-0-01,Angicos II,-36.49740093799994,-5.356244991999972,RN,7,29.400000000000002,29.4,-5.25,-36.5,latm5p25_lonm36p50
EOLCVRN035187-3-01,Filgueira III,-37.049359100999936,-4.980007009999952,RN,7,42.0,42.0,-5.0,-37.0,latm5p00_lonm37p00
EOLCVRN035210-1-01,Santa Rosa e Mundo Novo I,-36.156220606999966,-5.9137321559999805,RN,8,33.6,33.6,-6.0,-36.25,latm6p00_lonm36p25
EOLCVRN035211-0-01,Santa Rosa e Mundo Novo II,-36.18675161999994,-5.85915906799994,RN,7,29.400000000000002,29.4,-5.75,-36.25,latm5p75_lonm36p25
EOLCVRN035212-8-01,Santa Rosa e Mundo Novo III,-36.23776073699997,-5.820178634999934,RN,8,33.6,33.6,-5.75,-36.25,latm5p75_lonm36p25
EOLCVRN035214-4-01,Santo Agostinho 25,-36.15093640999993,-5.575646616999961,RN,4,24.8,24.8,-5.5,-36.25,latm5p50_lonm36p25
EOLCVRN035215-2-01,Santo Agostinho 26,-36.15316183199997,-5.59287891699995,RN,7,43.4,43.400000000000006,-5.5,-36.25,latm5p50_lonm36p25
EOLCVRN035216-0-01,Santo Agostinho 27,-36.17744564099996,-5.561471064999978,RN,6,37.2,37.2,-5.5,-36.25,latm5p50_lonm36p25
EOLCVRN035270-5-01,Jandaíra III,-36.01272336999995,-5.434540208999977,RN,8,27.72,27.72,-5.5,-36.0,latm5p50_lonm36p00
EOLCVRN036973-0-01,Vila Piauí II,-37.07805102799995,-5.098038717999941,RN,9,37.800000000000004,37.8,-5.0,-37.0,latm5p00_lonm37p00
EOLCVRN036974-8-01,Ventos de Vila Ceará I,-37.03678143099995,-5.127144622999936,RN,9,31.185,31.185,-5.25,-37.0,latm5p25_lonm37p00
EOLCVRN036975-6-01,Vila Piauí I,-37.10533935299998,-5.097305976999962,RN,9,37.800000000000004,37.8,-5.0,-37.0,latm5p00_lonm37p00
EOLCVRN036976-4-01,Ventos de Vila Ceará II,-37.03684692299999,-5.105662622999944,RN,9,31.185,31.185,-5.0,-37.0,latm5p00_lonm37p00
EOLCVRN036977-2-01,Vila Alagoas II,-37.09281853099998,-5.171753835999937,RN,5,21.0,21.0,-5.25,-37.0,latm5p25_lonm37p00
EOLCVRN036979-9-01,Vila Piauí III,-37.062373821999984,-5.102855963999957,RN,9,37.800000000000004,42.0,-5.0,-37.0,latm5p00_lonm37p00
EOLCVRN036980-2-01,Vila Ceará I,-37.015139456999975,-5.100948674999927,RN,9,31.95,31.950000000000003,-5.0,-37.0,latm5p00_lonm37p00
EOLCVRN036981-0-01,Ventos de Vila Paraíba I,-36.97699026399994,-5.129408292999926,RN,10,34.65,34.65,-5.25,-37.0,latm5p25_lonm37p00
EOLCVRN036983-7-01,Vila Alagoas I,-37.09376719499994,-5.156078520999927,RN,5,21.0,21.0,-5.25,-37.0,latm5p25_lonm37p00
EOLCVRN036984-5-01,Ventos de Vila Mato Grosso I,-37.07549486499994,-5.239838309999925,RN,17,58.905,58.905,-5.25,-37.0,latm5p25_lonm37p00
EOLCVRN036985-3-01,Ventos de Vila Paraíba II,-36.977065264999965,-5.105540276999932,RN,10,34.65,34.65,-5.0,-37.0,latm5p00_lonm37p00
EOLCVRN037020-7-01,Cumaru IV,-35.78331741799997,-5.159981892999952,RN,10,42.0,42.0,-5.25,-35.75,latm5p25_lonm35p75
EOLCVRN037021-5-01,Cumaru V,-35.798929993999934,-5.145831832999932,RN,9,37.800000000000004,37.8,-5.25,-35.75,latm5p25_lonm35p75
EOLCVRN037070-3-01,Quixabeira,-35.838659751999955,-5.161489772999971,RN,12,50.400000000000006,50.400000000000006,-5.25,-35.75,latm5p25_lonm35p75
EOLCVRN037073-8-01,São Fernando 1,-36.01128274299998,-5.176915471999962,RN,22,76.22999999999999,76.22999999999999,-5.25,-36.0,latm5p25_lonm36p00
EOLCVRN037075-4-01,São Fernando 2,-36.02865094499998,-5.180079771999942,RN,21,72.765,72.765,-5.25,-36.0,latm5p25_lonm36p00
EOLCVRN037076-2-01,São Fernando 3,-36.04218228499997,-5.152942964999966,RN,7,24.255,24.255,-5.25,-36.0,latm5p25_lonm36p00
EOLCVRN037077-0-01,São Fernando 4,-36.015026372999955,-5.128837485999952,RN,24,83.16,83.16,-5.25,-36.0,latm5p25_lonm36p00
EOLCVRN037294-3-01,Jerusalém I,-36.10513381199996,-5.610533140999962,RN,7,29.400000000000002,29.4,-5.5,-36.0,latm5p50_lonm36p00
EOLCVRN037295-1-01,Jerusalém II,-36.11074350699994,-5.632407739999962,RN,7,29.400000000000002,29.4,-5.75,-36.0,latm5p75_lonm36p00
EOLCVRN037296-0-01,Jerusalém III,-36.10055786499999,-5.651267364999967,RN,7,29.400000000000002,29.4,-5.75,-36.0,latm5p75_lonm36p00
EOLCVRN037297-8-01,Jerusalém IV,-36.10175167199998,-5.67592082699997,RN,7,29.400000000000002,29.4,-5.75,-36.0,latm5p75_lonm36p00
EOLCVRN037298-6-01,Jerusalém V,-36.11808882399998,-5.678938958999936,RN,7,29.400000000000002,29.4,-5.75,-36.0,latm5p75_lonm36p00
EOLCVRN037299-4-01,Jerusalém VI,-36.124395883999966,-5.68753574699997,RN,8,33.6,33.6,-5.75,-36.0,latm5p75_lonm36p00
EOLCVRN037663-9-01,Santa Rosa e Mundo Novo IV,-36.26634909099994,-5.873179894999964,RN,8,33.6,33.6,-5.75,-36.25,latm5p75_lonm36p25
EOLCVRN037664-7-01,Santa Rosa e Mundo Novo V,-36.21256888599993,-5.921951501999956,RN,6,25.200000000000003,25.2,-6.0,-36.25,latm6p00_lonm36p25
EOLCVRN037949-2-01,Aventura IV,-35.767448840999975,-5.339594329999954,RN,7,29.400000000000002,29.4,-5.25,-35.75,latm5p25_lonm35p75
EOLCVRN037950-6-01,Aventura V,-35.79398736199994,-5.326261135999971,RN,7,29.400000000000002,29.4,-5.25,-35.75,latm5p25_lonm35p75
EOLCVRN037959-0-01,Costa das Dunas,-35.497214234999944,-5.259560010999962,RN,8,28.4,28.4,-5.25,-35.5,latm5p25_lonm35p50
EOLCVRN037999-9-01,Farol de Touros,-35.487992616999975,-5.241827972999943,RN,7,24.849999999999998,24.85,-5.25,-35.5,latm5p25_lonm35p50
EOLCVRN038002-4-01,Figueira Branca,-35.46152413899995,-5.242393697999944,RN,3,10.649999999999999,10.65,-5.25,-35.5,latm5p25_lonm35p50
EOLCVRN038006-7-01,Gameleira,-35.47888282899993,-5.224845270999936,RN,5,17.75,17.75,-5.25,-35.5,latm5p25_lonm35p50
EOLCVRN038035-0-01,Monte Verde IV,-36.229322552999975,-5.484135657999957,RN,11,46.2,46.2,-5.5,-36.25,latm5p50_lonm36p25
EOLCVRN038064-4-01,Sinfonia 06,-36.302633414999946,-5.35573384099996,RN,3,19.799999999999997,19.799999999999997,-5.25,-36.25,latm5p25_lonm36p25
EOLCVRN038065-2-01,Sinfonia 07,-36.31006534299996,-5.363348311999971,RN,3,19.799999999999997,19.799999999999997,-5.25,-36.25,latm5p25_lonm36p25
EOLCVRN038066-0-01,Sinfonia 08,-36.31376915399994,-5.3720036749999736,RN,3,19.799999999999997,19.799999999999997,-5.25,-36.25,latm5p25_lonm36p25
EOLCVRN038140-3-01,Vila Rio Grande do Norte II,-37.022065931999975,-5.132750035999948,RN,9,0.0,37.8,-5.25,-37.0,latm5p25_lonm37p00
EOLCVRN038141-1-01,Vila Rio Grande do Norte I,-37.02203246399995,-5.14359942699997,RN,6,0.0,25.2,-5.25,-37.0,latm5p25_lonm37p00
EOLCVRN038142-0-01,Vila Sergipe I,-37.06235332699998,-5.13960041699994,RN,9,0.0,37.8,-5.25,-37.0,latm5p25_lonm37p00
EOLCVRN038143-8-01,Vila Sergipe II,-37.06210761699998,-5.160220607999975,RN,9,37.800000000000004,37.8,-5.25,-37.0,latm5p25_lonm37p00
EOLCVRN038144-6-01,Vila Sergipe III,-37.07919339999995,-5.176294122999934,RN,4,16.8,16.8,-5.25,-37.0,latm5p25_lonm37p00
EOLCVRN038310-4-01,Ventos de Santa Martina 01,-35.964875907999954,-5.778033580999932,RN,15,63.0,63.0,-5.75,-36.0,latm5p75_lonm36p00
EOLCVRN038318-0-01,Ventos de Santa Martina 09,-35.92287265299996,-5.819395778999933,RN,15,63.0,63.0,-5.75,-36.0,latm5p75_lonm36p00
EOLCVRN038319-8-01,Ventos de Santa Martina 10,-35.94190731699996,-5.850457173999928,RN,15,63.0,63.0,-5.75,-36.0,latm5p75_lonm36p00
EOLCVRN038320-1-01,Ventos de Santa Martina 11,-35.90518492099994,-5.783067444999972,RN,15,63.0,63.0,-5.75,-36.0,latm5p75_lonm36p00
EOLCVRN038321-0-01,Ventos de Santa Martina 12,-35.886164916999974,-5.759176409999952,RN,15,63.0,63.0,-5.75,-36.0,latm5p75_lonm36p00
EOLCVRN038322-8-01,Ventos de Santa Martina 13,-35.904006590999984,-5.726903256999947,RN,16,67.2,67.2,-5.75,-36.0,latm5p75_lonm36p00
EOLCVRN038323-6-01,Ventos de Santa Martina 14,-35.920927364999955,-5.770943211999963,RN,15,63.0,63.0,-5.75,-36.0,latm5p75_lonm36p00
EOLCVRN038325-2-01,Vila Maranhão I,-36.99304440999998,-5.076007960999959,RN,9,31.95,31.950000000000003,-5.0,-37.0,latm5p00_lonm37p00
EOLCVRN038326-0-01,Vila Maranhão II,-36.99447067399996,-5.049133160999929,RN,9,31.95,31.950000000000003,-5.0,-37.0,latm5p00_lonm37p00
EOLCVRN038327-9-01,Vila Maranhão III,-37.005196155999954,-5.129325200999972,RN,9,31.95,31.950000000000003,-5.25,-37.0,latm5p25_lonm37p00
EOLCVRN040569-8-01,Camboas I,-36.14618699999994,-5.729522999999972,RN,0,0.0,0.0,-5.75,-36.25,latm5p75_lonm36p25
EOLCVRN040570-1-01,Camboas II,-36.19469699999996,-5.678213999999969,RN,0,0.0,0.0,-5.75,-36.25,latm5p75_lonm36p25
EOLCVRN040571-0-01,Camboas III,-36.164158999999984,-5.717946999999981,RN,0,0.0,0.0,-5.75,-36.25,latm5p75_lonm36p25
EOLCVRN040584-1-01,Monte Verde V,-36.25531275999998,-5.492383636999932,RN,8,33.6,33.6,-5.5,-36.25,latm5p50_lonm36p25
EOLCVRN040585-0-01,Monte Verde VI,-36.27665200499996,-5.522824417999971,RN,11,46.2,46.2,-5.5,-36.25,latm5p50_lonm36p25
EOLCVRN040594-9-01,Vila Espírito Santo I,-37.11320903699993,-5.186941660999935,RN,8,33.6,33.6,-5.25,-37.0,latm5p25_lonm37p00
EOLCVRN040595-7-01,Vila Espírito Santo II,-37.13565430999995,-5.187686418999931,RN,9,37.800000000000004,37.8,-5.25,-37.25,latm5p25_lonm37p25
EOLCVRN040596-5-01,Vila Espírito Santo III,-37.15358550599996,-5.199439315999939,RN,9,37.800000000000004,37.8,-5.25,-37.25,latm5p25_lonm37p25
EOLCVRN040597-3-01,Vila Espírito Santo IV,-37.154682916999946,-5.225148703999935,RN,9,37.800000000000004,37.8,-5.25,-37.25,latm5p25_lonm37p25
EOLCVRN040598-1-01,Vila Espírito Santo V,-37.13422596599997,-5.234672516999979,RN,9,37.800000000000004,37.8,-5.25,-37.25,latm5p25_lonm37p25
EOLCVRN040600-7-01,Potiguar B 31,-37.113856329999976,-5.271971801999939,RN,13,45.045,45.045,-5.25,-37.0,latm5p25_lonm37p00
EOLCVRN040601-5-01,Potiguar B 32,-37.129872116999934,-5.288186869999947,RN,14,48.51,48.51,-5.25,-37.25,latm5p25_lonm37p25
EOLCVRN040602-3-01,Potiguar B 33,-37.15408889799994,-5.292066086999967,RN,17,58.905,58.905,-5.25,-37.25,latm5p25_lonm37p25
EOLCVRN040637-6-01,Vila Alagoas IV,-37.107465445999935,-5.153117610999971,RN,5,21.0,21.0,-5.25,-37.0,latm5p25_lonm37p00
EOLCVRN040638-4-01,Vila Alagoas V,-37.13560788799998,-5.169674953999959,RN,10,42.0,42.0,-5.25,-37.25,latm5p25_lonm37p25
EOLCVRN040816-6-01,Boqueirão I,-36.128693290999934,-5.703061583999954,RN,10,42.0,42.0,-5.75,-36.25,latm5p75_lonm36p25
EOLCVRN040818-2-01,Boqueirão II,-36.06492330499998,-5.703182371999958,RN,9,37.800000000000004,37.8,-5.75,-36.0,latm5p75_lonm36p00
EOLCVRN043218-0-01,Catanduba RN I,-36.18913339399995,-5.330986177999932,RN,11,49.5,49.5,-5.25,-36.25,latm5p25_lonm36p25
EOLCVRN043219-9-01,Catanduba RN II,-36.20381545699996,-5.367134082999939,RN,0,49.5,49.5,-5.25,-36.25,latm5p25_lonm36p25
EOLCVRN044337-9-01,EVI 1,-35.507492971999966,-5.266441820999944,RN,7,31.5,31.5,-5.25,-35.5,latm5p25_lonm35p50
EOLCVRN044338-7-01,EVI 2,-35.52617982099997,-5.274554531999968,RN,7,31.5,31.5,-5.25,-35.5,latm5p25_lonm35p50
EOLCVRN044343-3-01,EVII 1,-35.61013461699997,-5.33252491099995,RN,7,31.5,31.5,-5.25,-35.5,latm5p25_lonm35p50
EOLCVRN044344-1-01,EVII 2,-35.61953826399997,-5.315422711999929,RN,6,27.0,27.0,-5.25,-35.5,latm5p25_lonm35p50
EOLCVRN044956-3-01,Asas de Zabelê V,-35.68717505999996,-5.3197674809999285,RN,6,37.2,37.2,-5.25,-35.75,latm5p25_lonm35p75
EOLCVRN044957-1-01,Asas de Zabelê VI,-35.72211018799993,-5.326002869999968,RN,7,43.4,43.4,-5.25,-35.75,latm5p25_lonm35p75
EOLCVRN044974-1-01,Oeste Seridó I,-36.66579855699996,-6.76055370499995,RN,6,25.200000000000003,22.5,-6.75,-36.75,latm6p75_lonm36p75
EOLCVRN044975-0-01,Oeste Seridó II,-36.644490161999954,-6.7111817229999815,RN,5,22.5,22.5,-6.75,-36.75,latm6p75_lonm36p75
EOLCVRN044976-8-01,Oeste Seridó III,-36.63753840499993,-6.71667081399994,RN,6,27.0,27.0,-6.75,-36.75,latm6p75_lonm36p75
EOLCVRN044982-2-01,Potiguar C11,-35.72849468099997,-5.144064105999973,RN,5,30.0,30.0,-5.25,-35.75,latm5p25_lonm35p75
EOLCVRN045010-3-01,Ventos de Santa Leia 12,-36.09588017399994,-5.761696241999971,RN,15,64.89999999999999,64.9,-5.75,-36.0,latm5p75_lonm36p00
EOLCVRN045011-1-01,Ventos de Santa Leia 13,-36.11648001899994,-5.792673871999966,RN,15,66.1,66.1,-5.75,-36.0,latm5p75_lonm36p00
EOLCVRN045012-0-01,Ventos de Santa Leia 14,-36.149568562999946,-5.809231500999943,RN,15,66.1,66.1,-5.75,-36.25,latm5p75_lonm36p25
EOLCVRN046698-0-01,Camboas IV,-36.131595999999945,-5.770089999999925,RN,0,0.0,0.0,-5.75,-36.25,latm5p75_lonm36p25
EOLCVRN046699-9-01,Camboas V,-36.21018799999996,-5.666252999999927,RN,0,0.0,0.0,-5.75,-36.25,latm5p75_lonm36p25
EOLCVRN046700-6-01,Camboas VI,-36.20323199999996,-5.7039799999999445,RN,0,0.0,0.0,-5.75,-36.25,latm5p75_lonm36p25
EOLCVRN046742-1-01,Toda Energia do Brasil,-37.10554365199994,-5.092207060999954,RN,8,27.72,27.72,-5.0,-37.0,latm5p00_lonm37p00
EOLCVRN047140-2-01,Asas de Zabelê I,-35.68867339999997,-5.361519416999954,RN,6,37.2,37.2,-5.25,-35.75,latm5p25_lonm35p75
EOLCVRN047141-0-01,Asas de Zabelê II,-35.750253010999984,-5.371772674999932,RN,8,49.6,49.6,-5.25,-35.75,latm5p25_lonm35p75
EOLCVRN047142-9-01,Asas de Zabelê III,-35.71255521699993,-5.350913509999941,RN,6,37.2,37.2,-5.25,-35.75,latm5p25_lonm35p75
EOLCVRN047143-7-01,Asas de Zabelê IV,-35.69851959699997,-5.334917463999943,RN,6,37.2,37.2,-5.25,-35.75,latm5p25_lonm35p75
EOLCVRN047144-5-01,Asas de Zabelê VII,-35.77120213499995,-5.367006248999928,RN,6,37.2,37.2,-5.25,-35.75,latm5p25_lonm35p75
EOLCVRN047160-7-01,Oeste Seridó XII,-36.65958293199998,-6.806286593999971,RN,7,31.5,31.5,-6.75,-36.75,latm6p75_lonm36p75
EOLCVRN047161-5-01,Oeste Seridó XI,-36.65763537099997,-6.739535751999938,RN,6,27.0,27.0,-6.75,-36.75,latm6p75_lonm36p75
EOLCVRN047162-3-01,Oeste Seridó IX,-36.72409571799994,-6.783093079999958,RN,6,25.200000000000003,22.5,-6.75,-36.75,latm6p75_lonm36p75
EOLCVRN047163-1-01,Oeste Seridó VI,-36.66645777599996,-6.787055285999941,RN,4,18.0,18.0,-6.75,-36.75,latm6p75_lonm36p75
EOLCVRN047164-0-01,Oeste Seridó X,-36.671237133999966,-6.7879038669999545,RN,6,27.0,27.0,-6.75,-36.75,latm6p75_lonm36p75
EOLCVRN047165-8-01,Oeste Seridó IV,-36.65312606899994,-6.725307974999964,RN,6,27.0,27.0,-6.75,-36.75,latm6p75_lonm36p75
EOLCVRN047166-6-01,Oeste Seridó V,-36.66297996399993,-6.754749268999944,RN,5,22.5,22.5,-6.75,-36.75,latm6p75_lonm36p75
EOLCVRN047198-4-01,Cajuína A7,-36.294815950999975,-5.735828968999954,RN,8,45.6,45.6,-5.75,-36.25,latm5p75_lonm36p25
EOLCVRN047235-2-01,Cajuína A1,-36.271394320999946,-5.609534781999969,RN,7,39.9,39.900000000000006,-5.5,-36.25,latm5p50_lonm36p25
EOLCVRN047236-0-01,Cajuína A2,-36.279098716999954,-5.622781866999958,RN,7,39.9,39.900000000000006,-5.5,-36.25,latm5p50_lonm36p25
EOLCVRN047237-9-01,Cajuína A3,-36.27669683299996,-5.642695810999953,RN,8,45.6,45.6,-5.75,-36.25,latm5p75_lonm36p25
EOLCVRN047238-7-01,Cajuína B12,-36.25121966499995,-5.772334905999969,RN,7,39.9,39.9,-5.75,-36.25,latm5p75_lonm36p25
EOLCVRN047239-5-01,Cajuína A4,-36.27781948099994,-5.664957611999967,RN,8,45.6,45.6,-5.75,-36.25,latm5p75_lonm36p25
EOLCVRN047240-9-01,Ventos de Santa Tereza 06,-36.28486864499996,-5.675644629999965,RN,8,44.8,44.8,-5.75,-36.25,latm5p75_lonm36p25
EOLCVRN047241-7-01,Cajuína B11,-36.27171208699997,-5.829804947999946,RN,12,68.4,68.4,-5.75,-36.25,latm5p75_lonm36p25
EOLCVRN047242-5-01,Ventos de Santa Tereza 08,-36.30298520899999,-5.68085317699996,RN,7,39.199999999999996,17.1,-5.75,-36.25,latm5p75_lonm36p25
EOLCVRN047243-3-01,Ventos de Santa Tereza 09,-36.26601440099995,-5.691161360999956,RN,7,39.199999999999996,39.199999999999996,-5.75,-36.25,latm5p75_lonm36p25
EOLCVRN047244-1-01,Cajuína A5,-36.28645658399995,-5.6813631019999775,RN,9,51.300000000000004,51.3,-5.75,-36.25,latm5p75_lonm36p25
EOLCVRN047245-0-01,Ventos de Santa Tereza 11,-36.27470793999999,-5.726055613999961,RN,7,39.199999999999996,39.199999999999996,-5.75,-36.25,latm5p75_lonm36p25
EOLCVRN047246-8-01,Cajuína B18,-36.38816284699993,-5.8874538239999765,RN,4,22.8,22.8,-6.0,-36.5,latm6p00_lonm36p50
EOLCVRN047247-6-01,Cajuína A6,-36.28609106999994,-5.71882631699998,RN,8,45.6,45.6,-5.75,-36.25,latm5p75_lonm36p25
EOLCVRN049170-5-01,Cajuína B19,-36.379733861999966,-5.898954559999936,RN,4,23.6,23.6,-6.0,-36.5,latm6p00_lonm36p50
EOLCVRN049171-3-01,Cajuína B20 (Antiga Ventos de São Ricardo 02),-36.35972446299997,-5.878201623999928,RN,5,29.5,29.5,-6.0,-36.25,latm6p00_lonm36p25
EOLCVRN049172-1-01,Cajuina B14 (Antiga Ventos de São Ricardo 03),-36.28195175199994,-5.816995773999963,RN,9,51.300000000000004,51.300000000000004,-5.75,-36.25,latm5p75_lonm36p25
EOLCVRN049173-0-01,Cajuína B15,-36.267979744999934,-5.799235305999957,RN,7,39.9,39.9,-5.75,-36.25,latm5p75_lonm36p25
EOLCVRN049174-8-01,Ventos de São Ricardo 05,-36.16729543899993,-5.791385257999934,RN,8,49.6,49.6,-5.75,-36.25,latm5p75_lonm36p25
EOLCVRN049175-6-01,Ventos de São Ricardo 06,-36.19084709999999,-5.824970638999957,RN,8,49.6,49.6,-5.75,-36.25,latm5p75_lonm36p25
EOLCVRN049176-4-01,Ventos de São Ricardo 07,-36.21151457999997,-5.820085564999943,RN,8,49.6,49.6,-5.75,-36.25,latm5p75_lonm36p25
EOLCVRN049177-2-01,Ventos de São Ricardo 08,-36.22235013499994,-5.812829014999977,RN,8,49.6,49.6,-5.75,-36.25,latm5p75_lonm36p25
EOLCVRN049178-0-01,Ventos de São Ricardo 09,-36.23400573799995,-5.80942547099994,RN,8,49.6,49.6,-5.75,-36.25,latm5p75_lonm36p25
EOLCVRN049179-9-01,Cajuína B13,-36.30540176699998,-5.754313473999957,RN,8,45.6,45.6,-5.75,-36.25,latm5p75_lonm36p25
EOLCVRN049180-2-01,Cajuína B9,-36.204772428999945,-5.711893892999967,RN,6,34.2,34.2,-5.75,-36.25,latm5p75_lonm36p25
EOLCVRN049181-0-01,Ventos de São Ricardo 12,-36.20487035799994,-5.778714001999958,RN,8,49.6,49.6,-5.75,-36.25,latm5p75_lonm36p25
EOLCVRN049182-9-01,Ventos de São Ricardo 13,-36.19187233799994,-5.772767629999976,RN,8,49.6,49.6,-5.75,-36.25,latm5p75_lonm36p25
EOLCVRN049347-3-01,Ventos de São Cleófas 08,-36.509870175999936,-6.592610083999944,RN,14,58.800000000000004,58.800000000000004,-6.5,-36.5,latm6p50_lonm36p50
EOLCVRN049411-9-01,São José I,-36.133222891999935,-5.553127091999954,RN,7,43.4,43.4,-5.5,-36.25,latm5p50_lonm36p25
EOLCVRN049412-7-01,São José II,-36.15740197899993,-5.5060144349999405,RN,8,49.6,49.6,-5.5,-36.25,latm5p50_lonm36p25
EOLCVRN049591-3-01,Ventos de Santo Antão 01,-36.28480591999994,-5.493461019999927,RN,12,50.400000000000006,50.400000000000006,-5.5,-36.25,latm5p50_lonm36p25
EOLCVRN049592-1-01,Ventos de Santo Antão 02,-36.27143005299996,-5.464194539999937,RN,12,50.400000000000006,50.400000000000006,-5.5,-36.25,latm5p50_lonm36p25
EOLCVRN049593-0-01,Ventos de Santo Antão 03,-36.25173495499996,-5.438721938999947,RN,12,50.400000000000006,50.400000000000006,-5.5,-36.25,latm5p50_lonm36p25
EOLCVRN049594-8-01,Ventos de Santo Antão 04,-36.28735752199998,-5.435485596999968,RN,12,50.400000000000006,50.400000000000006,-5.5,-36.25,latm5p50_lonm36p25
EOLCVRN049664-2-01,Ventos de São Rafael 01,-36.32314202499998,-6.340826406999952,PB,15,63.0,63.0,-6.25,-36.25,latm6p25_lonm36p25
EOLCVRN049665-0-01,Ventos de São Rafael 02,-36.326710961999936,-6.294848830999968,PB,15,71.4,63.0,-6.25,-36.25,latm6p25_lonm36p25
EOLCVRN049666-9-01,Ventos de São Rafael 03,-36.310185812999975,-6.283947310999963,PB,15,67.2,63.0,-6.25,-36.25,latm6p25_lonm36p25
EOLCVRN049667-7-01,Ventos de São Rafael 04,-36.27089068099997,-6.251385194999955,RN,15,63.0,63.0,-6.25,-36.25,latm6p25_lonm36p25
EOLCVRN049668-5-01,Ventos de São Rafael 05,-36.25453101399995,-6.210935990999928,RN,15,63.0,63.0,-6.25,-36.25,latm6p25_lonm36p25
EOLCVRN049669-3-01,Ventos de São Rafael 06,-36.29008017799998,-6.166570362999948,RN,15,63.0,58.5,-6.25,-36.25,latm6p25_lonm36p25
EOLCVRN049670-7-01,Ventos de São Rafael 07,-36.23770518699996,-6.129904530999966,RN,15,63.0,63.0,-6.25,-36.25,latm6p25_lonm36p25
EOLCVRN049671-5-01,Ventos de São Rafael 08,-36.21259344699996,-6.108395856999948,RN,15,63.0,63.0,-6.0,-36.25,latm6p00_lonm36p25
EOLCVRN049864-5-01,Ventos de São Cleófas 09,-36.49415469499996,-6.586982260999946,RN,14,58.800000000000004,58.800000000000004,-6.5,-36.5,latm6p50_lonm36p50
EOLCVRN049864-5-01,Ventos de São Cleófas 09,-36.49407958999996,-6.586975097999925,RN,0,0.0,0.0,-6.5,-36.5,latm6p50_lonm36p50
EOLCVRN049877-7-01,Ventos de São Cleófas 10,-36.48793417899998,-6.580326433999971,RN,14,58.800000000000004,58.800000000000004,-6.5,-36.5,latm6p50_lonm36p50
EOLCVRN050015-1-01,Ventos de São Rafael 09,-36.16948529499996,-6.088527555999974,RN,15,63.0,63.0,-6.0,-36.25,latm6p00_lonm36p25
EOLCVRN050016-0-01,Ventos de São Rafael 10,-36.14181889699995,-6.052665384999955,RN,15,63.0,63.0,-6.0,-36.25,latm6p00_lonm36p25
EOLCVRN050017-8-01,Ventos de São Rafael 11,-36.13237761899995,-6.03732806499994,RN,15,63.0,63.0,-6.0,-36.25,latm6p00_lonm36p25
EOLCVRN050018-6-01,Ventos de São Rafael 12,-36.16154930999994,-6.028418650999981,RN,15,63.0,63.0,-6.0,-36.25,latm6p00_lonm36p25
EOLCVRN050019-4-01,Ventos de São Rafael 13,-36.15433881799993,-6.010924754999962,RN,15,63.0,63.0,-6.0,-36.25,latm6p00_lonm36p25
EOLCVRN050020-8-01,Ventos de São Rafael 14,-36.16089821099996,-6.0165066239999305,RN,15,63.0,63.0,-6.0,-36.25,latm6p00_lonm36p25
EOLCVRN050021-6-01,Ventos de São Rafael 15,-36.161558181999965,-6.018028002999927,RN,15,63.0,63.0,-6.0,-36.25,latm6p00_lonm36p25
EOLCVRN050022-4-01,Ventos de São Rafael 16,-36.179044749999946,-6.020666739999967,RN,15,63.0,63.0,-6.0,-36.25,latm6p00_lonm36p25
EOLCVRN050051-8-01,Ventos de São Cleófas 16,-36.60014868099995,-6.534755323999946,RN,14,58.800000000000004,58.800000000000004,-6.5,-36.5,latm6p50_lonm36p50
EOLCVRN050051-8-01,Ventos de São Cleófas 16,-36.600097655999946,-6.534729003999928,RN,0,0.0,0.0,-6.5,-36.5,latm6p50_lonm36p50
EOLCVRN050052-6-01,Ventos de São Cleófas 17,-36.57385346799998,-6.520954426999936,RN,14,58.800000000000004,58.800000000000004,-6.5,-36.5,latm6p50_lonm36p50
EOLCVRN050052-6-01,Ventos de São Cleófas 17,-36.57379150399999,-6.520812987999932,RN,0,0.0,0.0,-6.5,-36.5,latm6p50_lonm36p50
EOLCVRN050053-4-01,Ventos de São Cleófas 18,-36.564470133999976,-6.491580443999965,RN,14,58.800000000000004,58.800000000000004,-6.5,-36.5,latm6p50_lonm36p50
EOLCVRN050053-4-01,Ventos de São Cleófas 18,-36.56439208999996,-6.491577147999976,RN,0,0.0,0.0,-6.5,-36.5,latm6p50_lonm36p50
EOLCVRN050054-2-01,Ventos de São Cleófas 19,-36.56344009299994,-6.474628991999964,RN,14,58.800000000000004,58.800000000000004,-6.5,-36.5,latm6p50_lonm36p50
EOLCVRN050054-2-01,Ventos de São Cleófas 19,-36.56341552699996,-6.474609374999943,RN,0,0.0,0.0,-6.5,-36.5,latm6p50_lonm36p50
EOLCVRN050055-0-01,Ventos de São Cleófas 20,-36.549043439999934,-6.4526062869999805,RN,14,58.800000000000004,58.800000000000004,-6.5,-36.5,latm6p50_lonm36p50
EOLCVRN050055-0-01,Ventos de São Cleófas 20,-36.54901122999996,-6.452575683999953,RN,0,0.0,0.0,-6.5,-36.5,latm6p50_lonm36p50
EOLCVRN050056-9-01,Ventos de São Cleófas 21,-36.54748535199997,-6.431579589999956,RN,0,0.0,0.0,-6.5,-36.5,latm6p50_lonm36p50
EOLCVRN050056-9-01,Ventos de São Cleófas 21,-36.54748197899994,-6.431567255999937,RN,14,58.800000000000004,58.800000000000004,-6.5,-36.5,latm6p50_lonm36p50
EOLCVRN050058-5-01,Ventos de São Cleófas 23,-36.500995597999975,-6.363070952999976,RN,13,54.6,54.6,-6.25,-36.5,latm6p25_lonm36p50
EOLCVRN050058-5-01,Ventos de São Cleófas 23,-36.50097656299994,-6.363098144999981,RN,0,0.0,0.0,-6.25,-36.5,latm6p25_lonm36p50
EOLCVRN050059-3-01,Ventos de São Cleófas 24,-36.49474097299998,-6.332005145999972,RN,13,54.6,54.6,-6.25,-36.5,latm6p25_lonm36p50
EOLCVRN050059-3-01,Ventos de São Cleófas 24,-36.49468994099993,-6.331909179999968,RN,0,0.0,0.0,-6.25,-36.5,latm6p25_lonm36p50
EOLCVRN050060-7-01,Ventos de São Cleófas 25,-36.47973880799998,-6.309284228999957,RN,13,54.6,54.6,-6.25,-36.5,latm6p25_lonm36p50
EOLCVRN050060-7-01,Ventos de São Cleófas 25,-36.47967529299996,-6.309204101999967,RN,0,0.0,0.0,-6.25,-36.5,latm6p25_lonm36p50
EOLCVRN050076-3-01,Ventos De Santo Apolônio 01,-36.37310790999993,-5.810913085999971,RN,0,0.0,0.0,-5.75,-36.25,latm5p75_lonm36p25
EOLCVRN050077-1-01,Ventos de Santo Apolônio 02,-36.38883383599995,-5.767724217999955,RN,15,63.0,63.0,-5.75,-36.5,latm5p75_lonm36p50
EOLCVRN050078-0-01,Ventos De Santo Apolônio 11,-36.43392232999997,-5.964981429999966,RN,15,63.0,63.0,-6.0,-36.5,latm6p00_lonm36p50
EOLCVRN050079-8-01,Ventos De Santo Apolônio 12,-36.43081029999996,-5.9470638599999575,RN,15,63.0,63.0,-6.0,-36.5,latm6p00_lonm36p50
EOLCVRN050080-1-01,Ventos De Santo Apolônio 13,-36.41183781999996,-5.941218489999926,RN,15,63.0,63.0,-6.0,-36.5,latm6p00_lonm36p50
EOLCVRN050081-0-01,Ventos De Santo Apolônio 14,-36.44648254999999,-5.9523150699999405,RN,15,63.0,63.0,-6.0,-36.5,latm6p00_lonm36p50
EOLCVRN050082-8-01,Casqueira I,-37.04271244499995,-5.052221283999927,RN,7,42.0,41.3,-5.0,-37.0,latm5p00_lonm37p00
EOLCVRN050083-6-01,Casqueira II,-37.056071360999965,-5.024412316999928,RN,8,48.0,11.8,-5.0,-37.0,latm5p00_lonm37p00
EOLCVRN050096-8-01,São Domingos I,-36.016185733999976,-5.678926155999932,RN,5,31.0,31.0,-5.75,-36.0,latm5p75_lonm36p00
EOLCVRN050097-6-01,São Domingos II,-36.04794856999996,-5.677329000999976,RN,5,31.0,31.0,-5.75,-36.0,latm5p75_lonm36p00
EOLCVRN050098-4-01,São Domingos III,-36.03339674899996,-5.701041520999979,RN,3,18.6,18.6,-5.75,-36.0,latm5p75_lonm36p00
EOLCVRN050099-2-01,São Domingos IV,-36.03846698799998,-5.709493391999956,RN,4,24.8,24.8,-5.75,-36.0,latm5p75_lonm36p00
EOLCVRN050100-0-01,São Domingos V,-36.05394228399996,-5.724848606999956,RN,2,12.4,12.4,-5.75,-36.0,latm5p75_lonm36p00
EOLCVRN050124-7-01,Itaúna I,-36.11352081899997,-5.580486768999947,RN,3,18.6,18.6,-5.5,-36.0,latm5p50_lonm36p00
EOLCVRN050125-5-01,Itaúna II,-36.11453551799997,-5.590891087999978,RN,4,24.8,24.8,-5.5,-36.0,latm5p50_lonm36p00
EOLCVRN050126-3-01,Itaúna III,-36.090760415999966,-5.584135319999973,RN,7,43.4,43.4,-5.5,-36.0,latm5p50_lonm36p00
EOLCVRN050150-6-01,Limoeiro I,-36.03531169799993,-5.463137525999969,RN,10,42.0,42.0,-5.5,-36.0,latm5p50_lonm36p00
EOLCVRN050151-4-01,Limoeiro II,-36.04498156899996,-5.489593354999954,RN,9,37.800000000000004,37.800000000000004,-5.5,-36.0,latm5p50_lonm36p00
EOLCVRN050152-2-01,Limoeiro III,-36.04549906499994,-5.525345804999972,RN,9,37.800000000000004,37.800000000000004,-5.5,-36.0,latm5p50_lonm36p00
EOLCVRN050153-0-01,Limoeiro IV,-36.06869362899994,-5.469492536999951,RN,6,25.200000000000003,25.200000000000003,-5.5,-36.0,latm5p50_lonm36p00
EOLCVRN050154-9-01,Limoeiro V,-36.08024126699996,-5.482692490999966,RN,11,46.2,46.2,-5.5,-36.0,latm5p50_lonm36p00
EOLCVRN051066-1-01,Potiguar C12,-35.71814704999997,-5.132630628999948,RN,5,30.0,30.0,-5.25,-35.75,latm5p25_lonm35p75
EOLCVRN051067-0-01,Anemus Wind 3,-36.61773923799996,-6.18885340099996,RN,13,54.6,54.599999999999994,-6.25,-36.5,latm6p25_lonm36p50
EOLCVRN051549-3-01,EVIII 1,-35.590487148999955,-5.381536389999951,RN,5,22.5,22.5,-5.5,-35.5,latm5p50_lonm35p50
EOLCVRN051550-7-01,EVIII 2,-35.598562227999935,-5.401727498999946,RN,5,22.5,22.5,-5.5,-35.5,latm5p50_lonm35p50
EOLCVRN051551-5-01,EVIII 3,-35.63494743199993,-5.397684677999962,RN,7,31.5,31.5,-5.5,-35.75,latm5p50_lonm35p75
EOLCVRN051552-3-01,EVIII 4,-35.604341516999966,-5.361279001999947,RN,5,22.5,22.5,-5.25,-35.5,latm5p25_lonm35p50
EOLCVRN051553-1-01,EVIII 5,-35.61958708499998,-5.356659135999962,RN,2,9.0,9.0,-5.25,-35.5,latm5p25_lonm35p50
EOLCVRN051568-0-01,Pedra de Amolar I,-35.58036594499998,-5.279139801999975,RN,7,31.5,31.5,-5.25,-35.5,latm5p25_lonm35p50
EOLCVRN051586-8-01,Ventos de Santa Luzia 12,-35.772153602999936,-6.425243744999932,RN,12,54.0,54.0,-6.5,-35.75,latm6p50_lonm35p75
EOLCVRN051587-6-02,Ventos de Santa Luzia 13,-35.73824152099996,-6.385821463999946,RN,12,0.0,0.0,-6.5,-35.75,latm6p50_lonm35p75
EOLCVRN051711-9-01,Pedra de Amolar II,-35.57337837699998,-5.272490081999933,RN,7,31.5,31.5,-5.25,-35.5,latm5p25_lonm35p50
EOLCVRN052114-0-01,Vila Alagoas VI,-37.104638964999936,-5.133072828999957,RN,6,25.200000000000003,25.200000000000003,-5.25,-37.0,latm5p25_lonm37p00
EOLCVRN054326-8-01,Camboas VII,-36.152537999999936,-5.734902999999974,RN,0,0.0,0.0,-5.75,-36.25,latm5p75_lonm36p25
EOLCVRN054327-6-01,Camboas VIII,-36.17868299999998,-5.680800999999974,RN,0,0.0,0.0,-5.75,-36.25,latm5p75_lonm36p25
EOLCVRN054608-9-01,São Pedro I,-35.74678255099997,-5.406075697999938,RN,6,37.2,37.2,-5.5,-35.75,latm5p50_lonm35p75
EOLCVRN054609-7-01,São Pedro II,-35.75503000599997,-5.423365725999929,RN,5,31.0,31.0,-5.5,-35.75,latm5p50_lonm35p75
EOLCVRN057869-0-01,Aurora 1,-36.44581943999998,-5.233233329999962,RN,0,0.0,0.0,-5.25,-36.5,latm5p25_lonm36p50
EOLCVRN060204-3-01,Jandaíra Ventos,-36.131071745999975,-5.307111663999933,RN,5,27.499950000000002,27.499950000000002,-5.25,-36.25,latm5p25_lonm36p25
EOLCVRN060205-1-01,Jandaíra II Ventos,-36.18433751099997,-5.312868651999963,RN,5,27.499950000000002,27.499950000000002,-5.25,-36.25,latm5p25_lonm36p25
EOLCVRN060241-8-01,Ventos de Santo Arcádio 02,-36.14243042999993,-5.478312689999939,RN,8,36.0,36.0,-5.5,-36.25,latm5p50_lonm36p25
EOLCVRN060242-6-01,Ventos de Santo Arcádio 03,-36.15085719999996,-5.496197839999979,RN,8,36.0,36.0,-5.5,-36.25,latm5p50_lonm36p25
EOLCVRN060243-4-01,Ventos de Santo Arcádio 04,-36.17985298999997,-5.540718739999932,RN,7,31.5,31.5,-5.5,-36.25,latm5p50_lonm36p25
EOLCVRN066002-7-01,Ventos de Santo Arcádio 01,-36.13402197999994,-5.460427749999951,RN,7,31.5,31.5,-5.5,-36.25,latm5p50_lonm36p25
EOLCVRN072066-6-01,Ventos de São Rafael 17,-36.013203680999936,-6.025755070999935,RN,10,62.0,62.0,-6.0,-36.0,latm6p00_lonm36p00
EOLCVRN072067-4-01,Ventos de São Rafael 18,-36.03008979599997,-6.04698777599998,RN,10,62.0,62.0,-6.0,-36.0,latm6p00_lonm36p00
EOLCVRN072068-2-01,Ventos de São Rafael 19,-36.019422292999934,-6.065133333999938,RN,10,62.0,62.0,-6.0,-36.0,latm6p00_lonm36p00
EOLCVRN072299-5-01,Sinfonia 09,-36.29995436099995,-5.331341305999956,RN,3,19.799999999999997,19.799999999999997,-5.25,-36.25,latm5p25_lonm36p25
EOLCVRN072300-2-01,Sinfonia 10,-36.29808570399996,-5.321582625999952,RN,3,19.799999999999997,19.799999999999997,-5.25,-36.25,latm5p25_lonm36p25
EOLCVRN072301-0-01,Sinfonia 11,-36.29533327199994,-5.31188334899997,RN,3,19.799999999999997,19.799999999999997,-5.25,-36.25,latm5p25_lonm36p25
EOLCVRN072302-9-01,Sinfonia 12,-36.30269195999995,-5.282293519999939,RN,3,19.799999999999997,19.799999999999997,-5.25,-36.25,latm5p25_lonm36p25
EOLCVRN072303-7-01,Sinfonia 13,-36.31800299799994,-5.281456225999932,RN,3,19.799999999999997,19.799999999999997,-5.25,-36.25,latm5p25_lonm36p25
EOLCVRN072304-5-01,Sinfonia 14,-36.321408249999934,-5.290408291999938,RN,3,19.799999999999997,19.799999999999997,-5.25,-36.25,latm5p25_lonm36p25
EOLCVRN072305-3-01,Sinfonia 15,-36.30625917699996,-5.291255301999968,RN,3,19.799999999999997,19.799999999999997,-5.25,-36.25,latm5p25_lonm36p25
EOLCVRN072306-1-01,Sinfonia 16,-36.30913890899996,-5.300765358999968,RN,3,19.799999999999997,19.799999999999997,-5.25,-36.25,latm5p25_lonm36p25
EOLCVRN072307-0-01,Sinfonia 17,-36.30939001799993,-5.311465866999981,RN,3,19.799999999999997,19.799999999999997,-5.25,-36.25,latm5p25_lonm36p25
EOLCVRN072308-8-01,Sinfonia 18,-36.31267555299996,-5.320950635999964,RN,3,19.799999999999997,19.799999999999997,-5.25,-36.25,latm5p25_lonm36p25
EOLCVRN072309-6-01,Sinfonia 19,-36.315971985999965,-5.330010758999947,RN,3,19.799999999999997,19.799999999999997,-5.25,-36.25,latm5p25_lonm36p25
EOLCVRN072310-0-01,Sinfonia 20,-36.318826687999945,-5.339068979999979,RN,3,19.799999999999997,19.799999999999997,-5.25,-36.25,latm5p25_lonm36p25
EOLCVRN072311-8-01,Sinfonia 21,-36.31946175299999,-5.3423069039999405,RN,3,19.799999999999997,19.799999999999997,-5.25,-36.25,latm5p25_lonm36p25
EOLCVRN072312-6-01,Sinfonia 22,-36.33100768099996,-5.355596177999928,RN,3,19.799999999999997,19.799999999999997,-5.25,-36.25,latm5p25_lonm36p25
EOLCVRN072313-4-01,Sinfonia 23,-36.33612747899997,-5.364239639999937,RN,3,19.799999999999997,19.799999999999997,-5.25,-36.25,latm5p25_lonm36p25
EOLCVRN072314-2-01,Sinfonia 24,-36.33859830899996,-5.370395476999931,RN,3,19.799999999999997,19.799999999999997,-5.25,-36.25,latm5p25_lonm36p25
EOLCVRN072315-0-01,Sinfonia 25,-36.35309020999995,-5.369853019999937,RN,3,19.799999999999997,19.799999999999997,-5.25,-36.25,latm5p25_lonm36p25
EOLCVRN072316-9-01,Sinfonia 26,-36.34412825199996,-5.386369701999968,RN,3,19.799999999999997,19.799999999999997,-5.5,-36.25,latm5p50_lonm36p25
EOLCVRN072317-7-01,Sinfonia 27,-36.34464664499996,-5.389498733999972,RN,3,19.799999999999997,19.799999999999997,-5.5,-36.25,latm5p50_lonm36p25
EOLCVRN072318-5-01,Sinfonia 28,-36.35476771699996,-5.357199474999959,RN,3,19.799999999999997,19.799999999999997,-5.25,-36.25,latm5p25_lonm36p25
EOLCVRN072319-3-01,Sinfonia 29,-36.34931154399993,-5.349123940999959,RN,3,19.799999999999997,19.799999999999997,-5.25,-36.25,latm5p25_lonm36p25
EOLCVRN072320-7-01,Sinfonia 30,-36.34620648999993,-5.343652196999926,RN,3,19.799999999999997,19.799999999999997,-5.25,-36.25,latm5p25_lonm36p25
EOLCVRN072321-5-01,Sinfonia 31,-36.36347532999997,-5.345100300999945,RN,3,19.799999999999997,19.799999999999997,-5.25,-36.25,latm5p25_lonm36p25
EOLCVRN072322-3-01,Sinfonia 32,-36.36045690099997,-5.336203913999952,RN,3,19.799999999999997,19.799999999999997,-5.25,-36.25,latm5p25_lonm36p25
EOLCVRN072323-1-01,Sinfonia 33,-36.35656226899994,-5.3277014169999575,RN,1,6.6,6.6,-5.25,-36.25,latm5p25_lonm36p25
EOLCVRN072324-0-01,Sinfonia 34,-36.372254951999935,-5.326575748999971,RN,2,13.2,13.2,-5.25,-36.25,latm5p25_lonm36p25
EOLCVRN072325-8-01,Sinfonia 35,-36.375679746999936,-5.335374466999951,RN,3,19.799999999999997,19.799999999999997,-5.25,-36.5,latm5p25_lonm36p50
EOLCVRN072326-6-01,Sinfonia 36,-36.377101583999945,-5.338136870999961,RN,2,13.2,13.2,-5.25,-36.5,latm5p25_lonm36p50
EOLCVRN072327-4-01,Sinfonia 37,-36.271184775999984,-5.422626193999975,RN,2,13.2,13.2,-5.5,-36.25,latm5p50_lonm36p25
EOLCVRN072328-2-01,Sinfonia 38,-36.26732439899996,-5.420891851999954,RN,3,19.799999999999997,19.799999999999997,-5.5,-36.25,latm5p50_lonm36p25
EOLCVRN072329-0-01,Sinfonia 39,-36.25513772599993,-5.412053430999947,RN,2,13.2,13.2,-5.5,-36.25,latm5p50_lonm36p25
EOLCVRN072330-4-01,Sinfonia 40,-36.26038668999996,-5.401730651999969,RN,3,19.799999999999997,19.799999999999997,-5.5,-36.25,latm5p50_lonm36p25
EOLCVRN072493-9-01,Ventos de Santo Ambrósio 04,-35.67744802799996,-6.127886451999927,RN,10,66.0,66.0,-6.25,-35.75,latm6p25_lonm35p75
EOLCVRN072494-7-01,Ventos de Santo Ambrósio 05,-35.665036776999955,-6.115703655999937,RN,10,66.0,66.0,-6.0,-35.75,latm6p00_lonm35p75
EOLCVRN072495-5-01,Ventos de Santo Ambrósio 07,-35.66119844399998,-6.04014882499996,RN,10,66.0,66.0,-6.0,-35.75,latm6p00_lonm35p75
EOLCVRN072640-0-01,Serra da Formiga I,-36.975580228999945,-6.350259635999976,RN,10,45.0,45.0,-6.25,-37.0,latm6p25_lonm37p00
EOLCVRN072641-9-01,Serra da Formiga II,-36.922971093999934,-6.348143661999927,RN,10,45.0,45.0,-6.25,-37.0,latm6p25_lonm37p00
EOLCVRN072642-7-01,Serra da Formiga III,-36.90621293799995,-6.351746506999973,RN,10,45.0,45.0,-6.25,-37.0,latm6p25_lonm37p00
EOLCVRN072643-5-01,Serra da Formiga IV,-36.901455702999954,-6.314797817999931,RN,10,45.0,45.0,-6.25,-37.0,latm6p25_lonm37p00
EOLCVRN072644-3-01,Serra da Formiga V,-36.96094055699996,-6.295154041999979,RN,10,45.0,45.0,-6.25,-37.0,latm6p25_lonm37p00
EOLCVRN072645-1-01,Serra da Formiga VI,-36.91504734399996,-6.280209880999962,RN,10,45.0,45.0,-6.25,-37.0,latm6p25_lonm37p00
EOLCVRN072829-2-01,Ventos De Santo Apolônio 03,-36.402144549999946,-5.861690899999928,RN,15,63.0,63.0,-5.75,-36.5,latm5p75_lonm36p50
EOLCVRN072830-6-01,Ventos De Santo Apolônio 04,-36.414699309999946,-5.869177669999942,RN,15,63.0,63.0,-5.75,-36.5,latm5p75_lonm36p50
EOLCVRN072831-4-01,Ventos de Santo Apolônio 05,-36.41910459999997,-5.88457952999994,RN,15,63.0,63.0,-6.0,-36.5,latm6p00_lonm36p50
EOLCVRN072832-2-01,Ventos De Santo Apolônio 06,-36.400597269999935,-5.920750749999968,RN,15,63.0,63.0,-6.0,-36.5,latm6p00_lonm36p50
EOLCVRN072833-0-01,Ventos De Santo Apolônio 07,-36.39686115999996,-5.945657659999938,RN,15,63.0,63.0,-6.0,-36.5,latm6p00_lonm36p50
EOLCVRN072834-9-01,Ventos De Santo Apolônio 08,-36.37753500999997,-5.972677199999964,RN,15,63.0,63.0,-6.0,-36.5,latm6p00_lonm36p50
EOLCVRN072835-7-01,Ventos De Santo Apolônio 09,-36.39578493999994,-5.976722239999958,RN,15,63.0,63.0,-6.0,-36.5,latm6p00_lonm36p50
EOLCVRN072836-5-01,Ventos De Santo Apolônio 10,-36.41729736299993,-5.9719238279999445,RN,0,63.0,63.0,-6.0,-36.5,latm6p00_lonm36p50
EOLCVRN072920-5-01,Vento dos Angicos I,-36.05052976899998,-5.558139426999958,RN,8,36.0,36.0,-5.5,-36.0,latm5p50_lonm36p00
EOLCVRN073257-5-01,Aurora 2,-36.37832702199995,-5.267851010999948,RN,7,31.5,31.5,-5.25,-36.5,latm5p25_lonm36p50
EOLCVRN073258-3-01,Aurora 3,-36.42600249399993,-5.252044660999957,RN,10,45.0,45.0,-5.25,-36.5,latm5p25_lonm36p50
EOLCVRN073259-1-01,Aurora 4,-36.45510366499997,-5.245566494999935,RN,9,40.5,40.5,-5.25,-36.5,latm5p25_lonm36p50
EOLCVRN073260-5-01,Aurora 5,-36.48665958099997,-5.233953956999926,RN,11,49.5,49.5,-5.25,-36.5,latm5p25_lonm36p50
EOLCVRN074032-2-01,Alto dos Ventos 1A,-36.62541944399993,-5.249419443999955,RN,0,0.0,0.0,-5.25,-36.75,latm5p25_lonm36p75
EOLCVRN074033-0-01,Alto dos Ventos 1B,-36.64648055599997,-5.269058332999975,RN,0,0.0,0.0,-5.25,-36.75,latm5p25_lonm36p75
EOLCVRN074034-9-01,Alto dos Ventos 1C,-36.642408332999935,-5.290286110999944,RN,0,0.0,0.0,-5.25,-36.75,latm5p25_lonm36p75
EOLCVRN074035-7-01,Alto dos Ventos 1D,-36.64001111099998,-5.313180555999963,RN,0,0.0,0.0,-5.25,-36.75,latm5p25_lonm36p75
EOLCVRN074036-5-01,Alto dos Ventos 1E,-36.55071111099994,-5.216419443999939,RN,0,0.0,0.0,-5.25,-36.5,latm5p25_lonm36p50
EOLCVRN074037-3-01,Alto dos Ventos 1F,-36.57989999999995,-5.222561110999948,RN,0,0.0,0.0,-5.25,-36.5,latm5p25_lonm36p50
EOLCVRN074038-1-01,Alto dos Ventos 2A,-36.53351111099994,-5.171938888999932,RN,0,0.0,0.0,-5.25,-36.5,latm5p25_lonm36p50
EOLCVRN074039-0-01,Alto dos Ventos 2B,-36.56874444399995,-5.183066666999935,RN,0,0.0,0.0,-5.25,-36.5,latm5p25_lonm36p50
EOLCVRN074040-3-01,Alto dos Ventos 2C,-36.49747499999995,-5.17349722199998,RN,0,0.0,0.0,-5.25,-36.5,latm5p25_lonm36p50
EOLCVRN074041-1-01,Alto dos Ventos 2D,-36.49386666699996,-5.187663888999964,RN,0,0.0,0.0,-5.25,-36.5,latm5p25_lonm36p50
EOLCVRN074042-0-01,Alto dos Ventos 3A,-36.42792777799997,-5.149016666999955,RN,0,0.0,0.0,-5.25,-36.5,latm5p25_lonm36p50
EOLCVRN074043-8-01,Alto dos Ventos 3B,-36.43310555599993,-5.172236110999961,RN,0,0.0,0.0,-5.25,-36.5,latm5p25_lonm36p50
EOLCVRN074044-6-01,Alto dos Ventos 4A,-36.43316388899996,-5.191666666999936,RN,0,0.0,0.0,-5.25,-36.5,latm5p25_lonm36p50
EOLCVRN074045-4-01,Alto dos Ventos 4B,-36.450108332999946,-5.205311110999958,RN,0,0.0,0.0,-5.25,-36.5,latm5p25_lonm36p50
EOLCVRN074046-2-01,Alto dos Ventos 4C,-36.51136111099993,-5.238491666999948,RN,0,0.0,0.0,-5.25,-36.5,latm5p25_lonm36p50
EOLCVRN074047-0-01,Alto dos Ventos 5A,-36.478469443999984,-5.264469443999928,RN,0,0.0,0.0,-5.25,-36.5,latm5p25_lonm36p50
EOLCVRN074048-9-01,Alto dos Ventos 5B,-36.48359166699999,-5.281986110999981,RN,0,0.0,0.0,-5.25,-36.5,latm5p25_lonm36p50
EOLCVRN074049-7-01,Alto dos Ventos 5C,-36.51856666699996,-5.286330555999939,RN,0,0.0,0.0,-5.25,-36.5,latm5p25_lonm36p50
EOLCVRN074050-0-01,Alto dos Ventos 5D,-36.542813888999945,-5.276511110999934,RN,0,0.0,0.0,-5.25,-36.5,latm5p25_lonm36p50
EOLCVRN074051-9-01,Alto dos Ventos 5E,-36.547197221999966,-5.2941999999999325,RN,0,0.0,0.0,-5.25,-36.5,latm5p25_lonm36p50
EOLCVRN074052-7-01,Alto dos Ventos 5F,-36.56949722199994,-5.291847221999944,RN,0,0.0,0.0,-5.25,-36.5,latm5p25_lonm36p50
EOLCVRN074181-7-01,Floresta,-35.36411999999996,-5.576602999999977,RN,0,0.0,0.0,-5.5,-35.25,latm5p50_lonm35p25
EOLCVRN074182-5-01,Flor Da Terra,-35.318551999999954,-5.586094999999943,RN,0,0.0,0.0,-5.5,-35.25,latm5p50_lonm35p25
EOLCVRN074183-3-01,Barro Vermelho,-35.26422999999994,-5.61435599999993,RN,0,0.0,0.0,-5.5,-35.25,latm5p50_lonm35p25
EOLCVRN074565-0-01,Santana 2,-36.78601074199997,-6.090209960999971,RN,0,0.0,0.0,-6.0,-36.75,latm6p00_lonm36p75
EOLCVRN074566-9-01,Santana 3,-36.754577636999954,-6.090209960999971,RN,0,0.0,0.0,-6.0,-36.75,latm6p00_lonm36p75
EOLCVRN074567-7-01,Santana 4,-36.76831054699994,-6.163085937999938,RN,0,0.0,0.0,-6.25,-36.75,latm6p25_lonm36p75
EOLCVRN074568-5-01,Santana 5,-36.74298095699993,-6.191589354999962,RN,0,0.0,0.0,-6.25,-36.75,latm6p25_lonm36p75
EOLCVRN074569-3-01,Santana 6,-36.70098876999998,-6.073608397999976,RN,0,0.0,0.0,-6.0,-36.75,latm6p00_lonm36p75
EOLCVRN074570-7-01,Santana 7,-36.76000976599994,-6.122497558999953,RN,0,0.0,0.0,-6.0,-36.75,latm6p00_lonm36p75
EOLCVRN074571-5-01,Santana 8,-36.753295897999976,-6.016906737999932,RN,0,0.0,0.0,-6.0,-36.75,latm6p00_lonm36p75
EOLCVRN074572-3-01,Santana 9,-36.72167968799994,-6.081604003999928,RN,0,0.0,0.0,-6.0,-36.75,latm6p00_lonm36p75
EOLCVRN074573-1-01,Santana 1,-36.80139160199997,-6.056213378999928,RN,0,0.0,0.0,-6.0,-36.75,latm6p00_lonm36p75
EOLCVRN074596-0-01,Valência I,-35.402499999999975,-5.309444399999961,RN,0,0.0,0.0,-5.25,-35.5,latm5p25_lonm35p50
EOLCVRN074597-9-01,Valência II,-35.41563899999994,-5.304902999999968,RN,0,0.0,0.0,-5.25,-35.5,latm5p25_lonm35p50
EOLCVRN074639-8-01,Lagoa de Touros I,-35.43361109999995,-5.29583329999997,RN,0,0.0,0.0,-5.25,-35.5,latm5p25_lonm35p50
EOLCVRN074640-1-01,Lagoa de Touros II,-35.44055555999995,-5.33499999999998,RN,0,0.0,0.0,-5.25,-35.5,latm5p25_lonm35p50
EOLCVRN075102-2,Ventos De Santo Antonino 01,-35.727905272999976,-6.232788085999971,RN,0,0.0,0.0,-6.25,-35.75,latm6p25_lonm35p75
EOLCVRN075103-0,Ventos De Santo Antonino 02,-35.73541259799998,-6.244323729999962,RN,0,0.0,0.0,-6.25,-35.75,latm6p25_lonm35p75
EOLCVRN075104-9,Ventos De Santo Antonino 03,-35.73461914099994,-6.263610839999956,RN,0,0.0,0.0,-6.25,-35.75,latm6p25_lonm35p75
EOLCVRN075105-7,Ventos De Santo Antonino 04,-35.73779296899994,-6.277587890999939,RN,0,0.0,0.0,-6.25,-35.75,latm6p25_lonm35p75
EOLCVRN075106-5,Ventos De Santo Antonino 05,-35.74932861299993,-6.300720214999956,RN,0,0.0,0.0,-6.25,-35.75,latm6p25_lonm35p75
EOLCVRN075107-3,Ventos De Santo Antonino 06,-35.71282958999996,-6.295593261999954,RN,0,0.0,0.0,-6.25,-35.75,latm6p25_lonm35p75
EOLCVRN075108-1,Ventos De Santo Antonino 07,-35.75250244099993,-6.341979979999962,RN,0,0.0,0.0,-6.25,-35.75,latm6p25_lonm35p75
EOLCVRN075109-0,Ventos De Santo Antonino 08,-35.75927734399994,-6.359497069999975,RN,0,0.0,0.0,-6.25,-35.75,latm6p25_lonm35p75
EOLCVRN075146-4,Ventos De Santo Apolônio 16,-36.46240234399994,-5.942077636999954,RN,0,0.0,0.0,-6.0,-36.5,latm6p00_lonm36p50
EOLCVRN075146-4,Ventos De Santo Apolônio 17,-36.45391845699993,-5.910888671999942,RN,0,0.0,0.0,-6.0,-36.5,latm6p00_lonm36p50
EOLCVRN075148-0,Ventos De Santo Apolônio 18,-36.46850585899995,-5.920898437999938,RN,0,0.0,0.0,-6.0,-36.5,latm6p00_lonm36p50
EOLCVRN075149-9,Ventos De Santo Apolônio 19,-36.47692871099997,-5.937377929999968,RN,0,0.0,0.0,-6.0,-36.5,latm6p00_lonm36p50
EOLCVRN075150-2,Ventos De Santo Apolônio 20,-36.48278808599997,-5.950012206999929,RN,0,0.0,0.0,-6.0,-36.5,latm6p00_lonm36p50
EOLCVRN075151-0,Ventos De Santo Apolônio 21,-36.50421142599998,-5.961608886999954,RN,0,0.0,0.0,-6.0,-36.5,latm6p00_lonm36p50
EOLCVRN075152-9,Ventos De Santo Apolônio 22,-36.49999999999994,-5.977478026999961,RN,0,0.0,0.0,-6.0,-36.5,latm6p00_lonm36p50
EOLCVRN075153-7,Ventos De Santo Apolônio 23,-36.51550292999997,-5.971984862999932,RN,0,0.0,0.0,-6.0,-36.5,latm6p00_lonm36p50
EOLCVRN075154-5,Ventos De Santo Apolônio 24,-36.50708007799994,-5.991027831999929,RN,0,0.0,0.0,-6.0,-36.5,latm6p00_lonm36p50
EOLCVRN075155-3,Ventos De Santo Apolônio 25,-36.52947997999996,-6.00891113299997,RN,0,0.0,0.0,-6.0,-36.5,latm6p00_lonm36p50
EOLCVRN075156-1,Ventos De Santo Apolônio 26,-36.57690429699994,-6.008483886999954,RN,0,0.0,0.0,-6.0,-36.5,latm6p00_lonm36p50
EOLCVRN075157-0,Ventos De Santo Apolônio 27,-36.58062744099993,-6.021606444999975,RN,0,0.0,0.0,-6.0,-36.5,latm6p00_lonm36p50
EOLCVRN075158-8,Ventos De Santo Apolônio 28,-36.58367919899996,-6.034790038999972,RN,0,0.0,0.0,-6.0,-36.5,latm6p00_lonm36p50
EOLCVRN075161-8,Ventos De Santo Apolônio 15,-36.47021484399994,-5.954711913999972,RN,0,0.0,0.0,-6.0,-36.5,latm6p00_lonm36p50
EOLCVRS035271-3-01,Jandaíra IV,-36.01233625899994,-5.450857921999955,RN,8,0.0,0.0,-5.5,-36.0,latm5p50_lonm36p00
EOLCVSE030296-1-01,Barra dos Coqueiros,-36.92926012399994,-10.809967549999952,SE,23,34.5,34.5,-10.75,-37.0,latm10p75_lonm37p00
