modelo,tipo,horizonte,y_true,y_pred,erro,erro_abs,erro_quad,janela_treino,rodada,cutoff_date,quartil_geracao
CNN,Individual,1,12694.528203816964,-36655.55078125,-49350.07898506697,49350.07898506697,2435430295.8323483,,,,Q4_alta
CNN,Individual,2,11527.302334689168,-2757.04833984375,-14284.350674532918,14284.350674532918,204042674.19302902,,,,Q3_media_alta
CNN,Individual,3,11750.548360863111,281685.40625,269934.8578891369,269934.8578891369,72864827503.62852,,,,Q3_media_alta
CNN,Individual,4,12127.160956265994,-1939.8524169921875,-14067.013373258182,14067.013373258182,197880865.24342453,,,,Q3_media_alta
CNN,Individual,5,10232.681174719057,-147581.53125,-157814.21242471907,157814.21242471907,24905325643.234352,,,,Q2_media_baixa
CNN,Individual,6,10261.672263192862,-130263.7890625,-140525.46132569286,140525.46132569286,19747405280.798798,,,,Q2_media_baixa
CNN,Individual,7,6551.537428000416,-197796.4375,-204347.97492800042,204347.97492800042,41758094857.17469,,,,Q1_baixa
CNN,Individual,8,8325.108252904669,-139023.546875,-147348.65512790467,147348.65512790467,21711626168.002186,,,,Q2_media_baixa
CNN,Individual,9,6527.395925578978,15394.16796875,8866.772043171022,8866.772043171022,78619646.46555923,,,,Q1_baixa
CNN,Individual,10,7510.076084132834,-148543.046875,-156053.12295913283,156053.12295913283,24352577185.29823,,,,Q1_baixa
CNN,Individual,11,11191.656384207849,208922.921875,197731.26549079214,197731.26549079214,39097653352.590126,,,,Q3_media_alta
CNN,Individual,12,12677.379169714666,-275216.15625,-287893.53541971464,287893.53541971464,82882687736.4625,,,,Q4_alta
CNN,Individual,1,11527.302334689168,-38102.38671875,-49629.68905343917,49629.68905343917,2463106035.54106,,,,Q3_media_alta
CNN,Individual,2,11750.548360863111,-2812.8447265625,-14563.393087425611,14563.393087425611,212092418.21887606,,,,Q3_media_alta
CNN,Individual,3,12127.160956265994,287654.21875,275527.057793734,275527.057793734,75915159576.47165,,,,Q3_media_alta
CNN,Individual,4,10232.681174719057,-57.92448043823242,-10290.60565515729,10290.60565515729,105896564.74995518,,,,Q2_media_baixa
CNN,Individual,5,10261.672263192862,-160756.671875,-171018.34413819286,171018.34413819286,29247274031.769363,,,,Q2_media_baixa
CNN,Individual,6,6551.537428000416,-126317.0546875,-132868.59211550042,132868.59211550042,17654062770.75522,,,,Q1_baixa
CNN,Individual,7,8325.108252904669,-211223.1875,-219548.29575290467,219548.29575290467,48201454168.0049,,,,Q2_media_baixa
CNN,Individual,8,6527.395925578978,-150391.859375,-156919.25530057898,156919.25530057898,24623652684.088284,,,,Q1_baixa
CNN,Individual,9,7510.076084132834,-6732.08642578125,-14242.162509914084,14242.162509914084,202839192.95880222,,,,Q1_baixa
CNN,Individual,10,11191.656384207849,-162421.6875,-173613.34388420786,173613.34388420786,30141593174.656216,,,,Q3_media_alta
CNN,Individual,11,12677.379169714666,232898.8125,220221.43333028533,220221.43333028533,48497479698.04531,,,,Q4_alta
CNN,Individual,12,14163.377102756116,-292452.03125,-306615.4083527561,306615.4083527561,94013008639.3274,,,,Q4_alta
CNN,Individual,1,11750.548360863111,-35391.49609375,-47142.04445461311,47142.04445461311,2222372355.3607187,,,,Q3_media_alta
CNN,Individual,2,12127.160956265994,22173.154296875,10045.993340609006,10045.993340609006,100921982.1995605,,,,Q3_media_alta
CNN,Individual,3,10232.681174719057,295156.625,284923.94382528093,284923.94382528093,81181653764.95184,,,,Q2_media_baixa
CNN,Individual,4,10261.672263192862,-27275.861328125,-37537.533591317864,37537.533591317864,1409066428.119317,,,,Q2_media_baixa
CNN,Individual,5,6551.537428000416,-181264.6875,-187816.22492800042,187816.22492800042,35274934346.205246,,,,Q1_baixa
CNN,Individual,6,8325.108252904669,-126061.4765625,-134386.58481540467,134386.58481540467,18059754178.347954,,,,Q2_media_baixa
CNN,Individual,7,6527.395925578978,-205382.59375,-211909.98967557898,211909.98967557898,44905843724.30399,,,,Q1_baixa
CNN,Individual,8,7510.076084132834,-154223.0625,-161733.13858413283,161733.13858413283,26157608116.274315,,,,Q1_baixa
CNN,Individual,9,11191.656384207849,4563.49169921875,-6628.1646849890985,6628.1646849890985,43932567.09133664,,,,Q3_media_alta
CNN,Individual,10,12677.379169714666,-168767.328125,-181444.70729471467,181444.70729471467,32922181805.264683,,,,Q4_alta
CNN,Individual,11,14163.377102756116,234653.671875,220490.29477224388,220490.29477224388,48615970088.751,,,,Q4_alta
CNN,Individual,12,14985.706234836372,-285990.625,-300976.33123483637,300976.33123483637,90586751963.58194,,,,Q4_alta
CNN,Individual,1,12127.160956265994,-36880.03515625,-49007.196112515994,49007.196112515994,2401705270.8106027,,,,Q3_media_alta
CNN,Individual,2,10232.681174719057,30890.849609375,20658.16843465594,20658.16843465594,426759923.0746151,,,,Q2_media_baixa
CNN,Individual,3,10261.672263192862,290075.03125,279813.3589868071,279813.3589868071,78295515867.47978,,,,Q2_media_baixa
CNN,Individual,4,6551.537428000416,-34091.28515625,-40642.82258425042,40642.82258425042,1651839027.6148558,,,,Q1_baixa
CNN,Individual,5,8325.108252904669,-205791.421875,-214116.53012790467,214116.53012790467,45845888474.01391,,,,Q2_media_baixa
CNN,Individual,6,6527.395925578978,-125850.765625,-132378.16155057898,132378.16155057898,17523977655.51119,,,,Q1_baixa
CNN,Individual,7,7510.076084132834,-223723.390625,-231233.46670913283,231233.46670913283,53468916126.32364,,,,Q1_baixa
CNN,Individual,8,11191.656384207849,-173747.34375,-184939.00013420786,184939.00013420786,34202433770.640533,,,,Q3_media_alta
CNN,Individual,9,12677.379169714666,-5585.83837890625,-18263.217548620916,18263.217548620916,333545115.228255,,,,Q4_alta
CNN,Individual,10,14163.377102756116,-173286.75,-187450.12710275612,187450.12710275612,35137550150.839424,,,,Q4_alta
CNN,Individual,11,14985.706234836372,250907.515625,235921.80939016363,235921.80939016363,55659100145.9287,,,,Q4_alta
CNN,Individual,12,15465.297979055042,-313069.71875,-328535.01672905503,328535.01672905503,107935257217.16046,,,,Q4_alta
CNN,Individual,1,10232.681174719057,-23538.08984375,-33770.77101846906,33770.77101846906,1140464975.1818697,,,,Q2_media_baixa
CNN,Individual,2,10261.672263192862,64823.8515625,54562.179299307136,54562.179299307136,2977031409.88974,,,,Q2_media_baixa
CNN,Individual,3,6551.537428000416,328331.4375,321779.9000719996,321779.9000719996,103542304090.34604,,,,Q1_baixa
CNN,Individual,4,8325.108252904669,-30862.90234375,-39188.01059665467,39188.01059665467,1535700174.5235186,,,,Q2_media_baixa
CNN,Individual,5,6527.395925578978,-205025.46875,-211552.86467557898,211552.86467557898,44754614552.44383,,,,Q1_baixa
CNN,Individual,6,7510.076084132834,-155778.4375,-163288.51358413283,163288.51358413283,26663138668.515533,,,,Q1_baixa
CNN,Individual,7,11191.656384207849,-237433.84375,-248625.50013420786,248625.50013420786,61814639316.98499,,,,Q3_media_alta
CNN,Individual,8,12677.379169714666,-185875.640625,-198553.01979471467,198553.01979471467,39423301669.60036,,,,Q4_alta
CNN,Individual,9,14163.377102756116,-3441.9619140625,-17605.339016818616,17605.339016818616,309947961.8971159,,,,Q4_alta
CNN,Individual,10,14985.706234836372,-147651.609375,-162637.31560983637,162637.31560983637,26450896428.773525,,,,Q4_alta
CNN,Individual,11,15465.297979055042,272003.90625,256538.60827094497,256538.60827094497,65812057533.59335,,,,Q4_alta
CNN,Individual,12,13474.112120594003,-338037.1875,-351511.299620594,351511.299620594,123560193760.95901,,,,Q4_alta
CNN,Individual,1,10261.672263192862,-53852.078125,-64113.750388192864,64113.750388192864,4110572988.8395004,,,,Q2_media_baixa
CNN,Individual,2,6551.537428000416,30706.92578125,24155.388353249582,24155.388353249582,583482786.4963056,,,,Q1_baixa
CNN,Individual,3,8325.108252904669,323093.75,314768.64174709533,314768.64174709533,99079297827.31125,,,,Q2_media_baixa
CNN,Individual,4,6527.395925578978,-14462.3818359375,-20989.777761516478,20989.777761516478,440570770.4778517,,,,Q1_baixa
CNN,Individual,5,7510.076084132834,-234507.625,-242017.70108413283,242017.70108413283,58572567638.04867,,,,Q1_baixa
CNN,Individual,6,11191.656384207849,-151960.359375,-163152.01575920786,163152.01575920786,26618580246.29281,,,,Q3_media_alta
CNN,Individual,7,12677.379169714666,-258203.5,-270880.87916971464,270880.87916971464,73376450699.75754,,,,Q4_alta
CNN,Individual,8,14163.377102756116,-210944.515625,-225107.89272775612,225107.89272775612,50673563368.330956,,,,Q4_alta
CNN,Individual,9,14985.706234836372,-24332.685546875,-39318.39178171137,39318.39178171137,1545935932.300148,,,,Q4_alta
CNN,Individual,10,15465.297979055042,-191497.125,-206962.42297905503,206962.42297905503,42833444525.36128,,,,Q4_alta
CNN,Individual,11,13474.112120594003,287102.75,273628.637879406,273628.637879406,74872631467.73909,,,,Q4_alta
CNN,Individual,12,12867.84961242335,-364484.1875,-377352.03711242334,377352.03711242334,142394559912.89572,,,,Q4_alta
CNN,Individual,1,6551.537428000416,-76684.4609375,-83235.99836550042,83235.99836550042,6928231423.901588,,,,Q1_baixa
CNN,Individual,2,8325.108252904669,47107.52734375,38782.41909084533,38782.41909084533,1504076030.5379643,,,,Q2_media_baixa
CNN,Individual,3,6527.395925578978,370859.15625,364331.76032442105,364331.76032442105,132737631581.09138,,,,Q1_baixa
CNN,Individual,4,7510.076084132834,-33049.75390625,-40559.82999038283,40559.82999038283,1645099808.8487585,,,,Q1_baixa
CNN,Individual,5,11191.656384207849,-268662.28125,-279853.93763420783,279853.93763420783,78318226409.3711,,,,Q3_media_alta
CNN,Individual,6,12677.379169714666,-189845.5625,-202522.94166971467,202522.94166971467,41015541902.55465,,,,Q4_alta
CNN,Individual,7,14163.377102756116,-281507.84375,-295671.2208527561,295671.2208527561,87421470840.55928,,,,Q4_alta
CNN,Individual,8,14985.706234836372,-226348.390625,-241334.09685983637,241334.09685983637,58242146307.152885,,,,Q4_alta
CNN,Individual,9,15465.297979055042,-8277.09765625,-23742.39563530504,23742.39563530504,563701350.5033519,,,,Q4_alta
CNN,Individual,10,13474.112120594003,-194434.703125,-207908.815245594,207908.815245594,43226075456.826546,,,,Q4_alta
CNN,Individual,11,12867.84961242335,334845.4375,321977.58788757666,321977.58788757666,103669567101.90216,,,,Q4_alta
CNN,Individual,12,11781.349343244798,-385623.875,-397405.2243432448,397405.2243432448,157930912335.30472,,,,Q3_media_alta
LSTM,Individual,1,12694.528203816964,4464.90478515625,-8229.623418660714,8229.623418660714,67726701.61296886,,,,Q4_alta
LSTM,Individual,2,11527.302334689168,4420.10302734375,-7107.199307345418,7107.199307345418,50512281.99433119,,,,Q3_media_alta
LSTM,Individual,3,11750.548360863111,4468.09765625,-7282.450704613111,7282.450704613111,53034088.26512,,,,Q3_media_alta
LSTM,Individual,4,12127.160956265994,4559.2548828125,-7567.906073453494,7567.906073453494,57273202.33661428,,,,Q3_media_alta
LSTM,Individual,5,10232.681174719057,4727.90869140625,-5504.772483312807,5504.772483312807,30302520.093037847,,,,Q2_media_baixa
LSTM,Individual,6,10261.672263192862,4892.59033203125,-5369.081931161612,5369.081931161612,28827040.783526108,,,,Q2_media_baixa
LSTM,Individual,7,6551.537428000416,5036.8251953125,-1514.7122326879162,1514.7122326879162,2294353.147854412,,,,Q1_baixa
LSTM,Individual,8,8325.108252904669,5157.6328125,-3167.475440404669,3167.475440404669,10032900.665566752,,,,Q2_media_baixa
LSTM,Individual,9,6527.395925578978,5289.94580078125,-1237.4501247977278,1237.4501247977278,1531282.811361912,,,,Q1_baixa
LSTM,Individual,10,7510.076084132834,5394.57861328125,-2115.497470851584,2115.497470851584,4475329.549179448,,,,Q1_baixa
LSTM,Individual,11,11191.656384207849,5434.58203125,-5757.0743529578485,5757.0743529578485,33143905.10548503,,,,Q3_media_alta
LSTM,Individual,12,12677.379169714666,5462.6767578125,-7214.702411902166,7214.702411902166,52051930.89230693,,,,Q4_alta
LSTM,Individual,1,11527.302334689168,5652.26953125,-5875.032803439168,5875.032803439168,34516010.441486284,,,,Q3_media_alta
LSTM,Individual,2,11750.548360863111,6521.32958984375,-5229.218771019361,5229.218771019361,27344728.955181237,,,,Q3_media_alta
LSTM,Individual,3,12127.160956265994,7112.599609375,-5014.561346890994,5014.561346890994,25145825.50173322,,,,Q3_media_alta
LSTM,Individual,4,10232.681174719057,7457.55078125,-2775.130393469057,2775.130393469057,7701348.700755722,,,,Q2_media_baixa
LSTM,Individual,5,10261.672263192862,7659.1640625,-2602.5082006928624,2602.5082006928624,6773048.9346736,,,,Q2_media_baixa
LSTM,Individual,6,6551.537428000416,7799.77880859375,1248.2413805933338,1248.2413805933338,1558106.5442255521,,,,Q1_baixa
LSTM,Individual,7,8325.108252904669,7940.42138671875,-384.6868661859189,384.6868661859189,147983.9850159431,,,,Q2_media_baixa
LSTM,Individual,8,6527.395925578978,8088.916015625,1561.5200900460222,1561.5200900460222,2438344.9916173373,,,,Q1_baixa
LSTM,Individual,9,7510.076084132834,8200.4521484375,690.3760643046662,690.3760643046662,476619.1101648006,,,,Q1_baixa
LSTM,Individual,10,11191.656384207849,8285.9345703125,-2905.7218138953485,2905.7218138953485,8443219.259747274,,,,Q3_media_alta
LSTM,Individual,11,12677.379169714666,8352.521484375,-4324.857685339666,4324.857685339666,18704393.998441577,,,,Q4_alta
LSTM,Individual,12,14163.377102756116,8404.455078125,-5758.922024631116,5758.922024631116,33165182.88578135,,,,Q4_alta
LSTM,Individual,1,11750.548360863111,5363.2646484375,-6387.283712425611,6387.283712425611,40797393.2230175,,,,Q3_media_alta
LSTM,Individual,2,12127.160956265994,6012.14208984375,-6115.018866422244,6115.018866422244,37393455.73669999,,,,Q3_media_alta
LSTM,Individual,3,10232.681174719057,6540.9833984375,-3691.697776281557,3691.697776281557,13628632.47140219,,,,Q2_media_baixa
LSTM,Individual,4,10261.672263192862,6923.37744140625,-3338.2948217866124,3338.2948217866124,11144212.31716731,,,,Q2_media_baixa
LSTM,Individual,5,6551.537428000416,7208.01416015625,656.4767321558338,656.4767321558338,430961.6998620024,,,,Q1_baixa
LSTM,Individual,6,8325.108252904669,7415.01318359375,-910.0950693109189,910.0950693109189,828273.0351840463,,,,Q2_media_baixa
LSTM,Individual,7,6527.395925578978,7561.6357421875,1034.2398166085222,1034.2398166085222,1069651.9982584298,,,,Q1_baixa
LSTM,Individual,8,7510.076084132834,7662.6455078125,152.56942367966622,152.56942367966622,23277.429041945496,,,,Q1_baixa
LSTM,Individual,9,11191.656384207849,7729.9970703125,-3461.6593138953485,3461.6593138953485,11983085.205478415,,,,Q3_media_alta
LSTM,Individual,10,12677.379169714666,7772.896484375,-4904.482685339666,4904.482685339666,24053950.410796583,,,,Q4_alta
LSTM,Individual,11,14163.377102756116,7798.19677734375,-6365.180325412366,6365.180325412366,40515520.57501668,,,,Q4_alta
LSTM,Individual,12,14985.706234836372,7810.91943359375,-7174.7868012426225,7174.7868012426225,51477565.64328534,,,,Q4_alta
LSTM,Individual,1,12127.160956265994,4991.4169921875,-7135.743964078494,7135.743964078494,50918841.920882665,,,,Q3_media_alta
LSTM,Individual,2,10232.681174719057,5471.3759765625,-4761.305198156557,4761.305198156557,22670027.189992648,,,,Q2_media_baixa
LSTM,Individual,3,10261.672263192862,6017.82763671875,-4243.844626474112,4243.844626474112,18010217.2136532,,,,Q2_media_baixa
LSTM,Individual,4,6551.537428000416,6512.54150390625,-38.995924094166185,38.995924094166185,1520.6820959579707,,,,Q1_baixa
LSTM,Individual,5,8325.108252904669,6923.93603515625,-1401.172217748419,1401.172217748419,1963283.5837900226,,,,Q2_media_baixa
LSTM,Individual,6,6527.395925578978,7250.36865234375,722.9727267647722,722.9727267647722,522689.56364569,,,,Q1_baixa
LSTM,Individual,7,7510.076084132834,7478.41015625,-31.665927882833785,31.665927882833785,1002.7309886808301,,,,Q1_baixa
LSTM,Individual,8,11191.656384207849,7669.73876953125,-3521.9176146765985,3521.9176146765985,12403903.684569301,,,,Q3_media_alta
LSTM,Individual,9,12677.379169714666,7828.78857421875,-4848.590595495916,4848.590595495916,23508830.762731444,,,,Q4_alta
LSTM,Individual,10,14163.377102756116,7962.6142578125,-6200.762844943616,6200.762844943616,38449459.859233245,,,,Q4_alta
LSTM,Individual,11,14985.706234836372,8076.486328125,-6909.2199067113725,6909.2199067113725,47737319.71929671,,,,Q4_alta
LSTM,Individual,12,15465.297979055042,8174.35009765625,-7290.947881398792,7290.947881398792,53157921.00927353,,,,Q4_alta
LSTM,Individual,1,10232.681174719057,4919.21875,-5313.462424719057,5313.462424719057,28232882.93890132,,,,Q2_media_baixa
LSTM,Individual,2,10261.672263192862,5337.60693359375,-4924.065329599112,4924.065329599112,24246419.370160013,,,,Q2_media_baixa
LSTM,Individual,3,6551.537428000416,5863.57421875,-687.9632092504162,687.9632092504162,473293.3772821319,,,,Q1_baixa
LSTM,Individual,4,8325.108252904669,6339.34375,-1985.764502904669,1985.764502904669,3943260.660996227,,,,Q2_media_baixa
LSTM,Individual,5,6527.395925578978,6722.12451171875,194.72858613977223,194.72858613977223,37919.2222599947,,,,Q1_baixa
LSTM,Individual,6,7510.076084132834,7000.3720703125,-509.7040138203338,509.7040138203338,259798.181704559,,,,Q1_baixa
LSTM,Individual,7,11191.656384207849,7198.5693359375,-3993.0870482703485,3993.0870482703485,15944744.175064405,,,,Q3_media_alta
LSTM,Individual,8,12677.379169714666,7350.8310546875,-5326.548115027166,5326.548115027166,28372114.82169946,,,,Q4_alta
LSTM,Individual,9,14163.377102756116,7455.44580078125,-6707.931301974866,6707.931301974866,44996342.35201422,,,,Q4_alta
LSTM,Individual,10,14985.706234836372,7532.60546875,-7453.1007660863725,7453.1007660863725,55548711.029437274,,,,Q4_alta
LSTM,Individual,11,15465.297979055042,7595.2216796875,-7870.076299367542,7870.076299367542,61938100.9578667,,,,Q4_alta
LSTM,Individual,12,13474.112120594003,7647.17578125,-5826.9363393440035,5826.9363393440035,33953187.1027677,,,,Q4_alta
LSTM,Individual,1,10261.672263192862,5058.328125,-5203.344138192862,5203.344138192862,27074790.22046602,,,,Q2_media_baixa
LSTM,Individual,2,6551.537428000416,5535.7255859375,-1015.8118420629162,1015.8118420629162,1031873.6984752549,,,,Q1_baixa
LSTM,Individual,3,8325.108252904669,5944.60302734375,-2380.505225560919,2380.505225560919,5666805.1289228415,,,,Q2_media_baixa
LSTM,Individual,4,6527.395925578978,6282.123046875,-245.27287870397777,245.27287870397777,60158.785027736194,,,,Q1_baixa
LSTM,Individual,5,7510.076084132834,6540.61279296875,-969.4632911640838,969.4632911640838,939859.0729146971,,,,Q1_baixa
LSTM,Individual,6,11191.656384207849,6730.03759765625,-4461.6187865515985,4461.6187865515985,19906042.19651016,,,,Q3_media_alta
LSTM,Individual,7,12677.379169714666,6866.79541015625,-5810.583759558416,5810.583759558416,33762883.62684402,,,,Q4_alta
LSTM,Individual,8,14163.377102756116,6965.89306640625,-7197.484036349866,7197.484036349866,51803776.45351116,,,,Q4_alta
LSTM,Individual,9,14985.706234836372,7038.748046875,-7946.9581879613725,7946.9581879613725,63154144.4412063,,,,Q4_alta
LSTM,Individual,10,15465.297979055042,7086.7001953125,-8378.597783742542,8378.597783742542,70200900.82173543,,,,Q4_alta
LSTM,Individual,11,13474.112120594003,7101.44287109375,-6372.6692495002535,6372.6692495002535,40610913.36352612,,,,Q4_alta
LSTM,Individual,12,12867.84961242335,7112.20556640625,-5755.6440460171,5755.6440460171,33127438.38445209,,,,Q4_alta
LSTM,Individual,1,6551.537428000416,5024.89453125,-1526.6428967504162,1526.6428967504162,2330638.534198502,,,,Q1_baixa
LSTM,Individual,2,8325.108252904669,5348.6962890625,-2976.411963842169,2976.411963842169,8859028.178502796,,,,Q2_media_baixa
LSTM,Individual,3,6527.395925578978,5643.08447265625,-884.3114529227278,884.3114529227278,782006.7457703057,,,,Q1_baixa
LSTM,Individual,4,7510.076084132834,5906.59521484375,-1603.4808692890838,1603.4808692890838,2571150.898176076,,,,Q1_baixa
LSTM,Individual,5,11191.656384207849,6113.39404296875,-5078.2623412390985,5078.2623412390985,25788748.40644721,,,,Q3_media_alta
LSTM,Individual,6,12677.379169714666,6253.78369140625,-6423.595478308416,6423.595478308416,41262578.86894433,,,,Q4_alta
LSTM,Individual,7,14163.377102756116,6331.7998046875,-7831.577298068616,7831.577298068616,61333602.97562373,,,,Q4_alta
LSTM,Individual,8,14985.706234836372,6375.9111328125,-8609.795102023872,8609.795102023872,74128571.69883427,,,,Q4_alta
LSTM,Individual,9,15465.297979055042,6398.28662109375,-9067.011357961292,9067.011357961292,82210694.96539907,,,,Q4_alta
LSTM,Individual,10,13474.112120594003,6405.7392578125,-7068.3728627815035,7068.3728627815035,49961894.92730599,,,,Q4_alta
LSTM,Individual,11,12867.84961242335,6403.12353515625,-6464.7260772671,6464.7260772671,41792683.25409726,,,,Q4_alta
LSTM,Individual,12,11781.349343244798,6394.513671875,-5386.835671369798,5386.835671369798,29017998.550342098,,,,Q3_media_alta
INFORMER,Individual,1,12694.528203816964,6112.0693359375,-6582.458867879464,6582.458867879464,43328764.747325,,,,Q4_alta
INFORMER,Individual,2,11527.302334689168,6106.38720703125,-5420.915127657918,5420.915127657918,29386320.82127046,,,,Q3_media_alta
INFORMER,Individual,3,11750.548360863111,6265.5703125,-5484.978048363111,5484.978048363111,30084984.191025205,,,,Q3_media_alta
INFORMER,Individual,4,12127.160956265994,6270.515625,-5856.645331265994,5856.645331265994,34300294.536239766,,,,Q3_media_alta
INFORMER,Individual,5,10232.681174719057,6962.02587890625,-3270.655295812807,3270.655295812807,10697186.064028358,,,,Q2_media_baixa
INFORMER,Individual,6,10261.672263192862,5706.72216796875,-4554.950095224112,4554.950095224112,20747570.36998215,,,,Q2_media_baixa
INFORMER,Individual,7,6551.537428000416,5684.99560546875,-866.5418225316662,866.5418225316662,750894.7301965017,,,,Q1_baixa
INFORMER,Individual,8,8325.108252904669,5686.99169921875,-2638.116553685919,2638.116553685919,6959658.95083167,,,,Q2_media_baixa
INFORMER,Individual,9,6527.395925578978,5691.9306640625,-835.4652615164778,835.4652615164778,698002.2032007966,,,,Q1_baixa
INFORMER,Individual,10,7510.076084132834,6711.5771484375,-798.4989356953338,798.4989356953338,637600.5503065808,,,,Q1_baixa
INFORMER,Individual,11,11191.656384207849,6515.685546875,-4675.9708373328485,4675.9708373328485,21864703.27158726,,,,Q3_media_alta
INFORMER,Individual,12,12677.379169714666,5992.4169921875,-6684.962177527166,6684.962177527166,44688719.31496875,,,,Q4_alta
INFORMER,Individual,1,11527.302334689168,5770.56640625,-5756.735928439168,5756.735928439168,33140008.549782366,,,,Q3_media_alta
INFORMER,Individual,2,11750.548360863111,5912.1103515625,-5838.438009300611,5838.438009300611,34087358.388446085,,,,Q3_media_alta
INFORMER,Individual,3,12127.160956265994,5897.9248046875,-6229.236151578494,6229.236151578494,38803383.03213245,,,,Q3_media_alta
INFORMER,Individual,4,10232.681174719057,6593.6025390625,-3639.078635656557,3639.078635656557,13242893.316491988,,,,Q2_media_baixa
INFORMER,Individual,5,10261.672263192862,5157.85693359375,-5103.815329599112,5103.815329599112,26048930.918650895,,,,Q2_media_baixa
INFORMER,Individual,6,6551.537428000416,5154.19189453125,-1397.3455334691662,1397.3455334691662,1952574.5399062287,,,,Q1_baixa
INFORMER,Individual,7,8325.108252904669,5144.3203125,-3180.787940404669,3180.787940404669,10117411.921823775,,,,Q2_media_baixa
INFORMER,Individual,8,6527.395925578978,5209.05126953125,-1318.3446560477278,1318.3446560477278,1738032.6321296017,,,,Q1_baixa
INFORMER,Individual,9,7510.076084132834,5820.984375,-1689.0917091328338,1689.0917091328338,2853030.801861278,,,,Q1_baixa
INFORMER,Individual,10,11191.656384207849,5218.38134765625,-5973.2750365515985,5973.2750365515985,35680014.6622905,,,,Q3_media_alta
INFORMER,Individual,11,12677.379169714666,5395.4267578125,-7281.952411902166,7281.952411902166,53026830.92920777,,,,Q4_alta
INFORMER,Individual,12,14163.377102756116,5758.462890625,-8404.914212131116,8404.914212131116,70642582.91328362,,,,Q4_alta
INFORMER,Individual,1,11750.548360863111,5841.76708984375,-5908.781271019361,5908.781271019361,34913696.10874917,,,,Q3_media_alta
INFORMER,Individual,2,12127.160956265994,5845.9169921875,-6281.243964078494,6281.243964078494,39454025.736272514,,,,Q3_media_alta
INFORMER,Individual,3,10232.681174719057,6638.58447265625,-3594.096702062807,3594.096702062807,12917531.103778744,,,,Q2_media_baixa
INFORMER,Individual,4,10261.672263192862,5041.8916015625,-5219.780661630362,5219.780661630362,27246110.155530304,,,,Q2_media_baixa
INFORMER,Individual,5,6551.537428000416,5031.6962890625,-1519.8411389379162,1519.8411389379162,2309917.0876081022,,,,Q1_baixa
INFORMER,Individual,6,8325.108252904669,5008.97802734375,-3316.130225560919,3316.130225560919,10996719.67287871,,,,Q2_media_baixa
INFORMER,Individual,7,6527.395925578978,5067.18896484375,-1460.2069607352278,1460.2069607352278,2132204.368179611,,,,Q1_baixa
INFORMER,Individual,8,7510.076084132834,5870.0380859375,-1640.0379981953338,1640.0379981953338,2689724.6355245574,,,,Q1_baixa
INFORMER,Individual,9,11191.656384207849,5075.595703125,-6116.0606810828485,6116.0606810828485,37406198.2546876,,,,Q3_media_alta
INFORMER,Individual,10,12677.379169714666,5184.89794921875,-7492.481220495916,7492.481220495916,56137274.83948398,,,,Q4_alta
INFORMER,Individual,11,14163.377102756116,5648.314453125,-8515.062649631116,8515.062649631116,72506291.92714289,,,,Q4_alta
INFORMER,Individual,12,14985.706234836372,5715.6201171875,-9270.086117648872,9270.086117648872,85934496.62862635,,,,Q4_alta
INFORMER,Individual,1,12127.160956265994,5803.5810546875,-6323.579901578494,6323.579901578494,39987662.771647476,,,,Q3_media_alta
INFORMER,Individual,2,10232.681174719057,6822.458984375,-3410.222190344057,3410.222190344057,11629615.387515016,,,,Q2_media_baixa
INFORMER,Individual,3,10261.672263192862,5133.66943359375,-5128.002829599112,5128.002829599112,26296413.020376503,,,,Q2_media_baixa
INFORMER,Individual,4,6551.537428000416,5111.431640625,-1440.1057873754162,1440.1057873754162,2073904.6788321673,,,,Q1_baixa
INFORMER,Individual,5,8325.108252904669,5105.8369140625,-3219.271338842169,3219.271338842169,10363707.953090651,,,,Q2_media_baixa
INFORMER,Individual,6,6527.395925578978,5116.8232421875,-1410.5726833914778,1410.5726833914778,1989715.2951302342,,,,Q1_baixa
INFORMER,Individual,7,7510.076084132834,6083.54736328125,-1426.5287208515838,1426.5287208515838,2034984.1914144559,,,,Q1_baixa
INFORMER,Individual,8,11191.656384207849,5103.23828125,-6088.4181029578485,6088.4181029578485,37068834.99642485,,,,Q3_media_alta
INFORMER,Individual,9,12677.379169714666,5277.69775390625,-7399.681415808416,7399.681415808416,54755285.055460446,,,,Q4_alta
INFORMER,Individual,10,14163.377102756116,5546.55419921875,-8616.822903537366,8616.822903537366,74249636.95092613,,,,Q4_alta
INFORMER,Individual,11,14985.706234836372,5613.53759765625,-9372.168637180122,9372.168637180122,87837544.96374272,,,,Q4_alta
INFORMER,Individual,12,15465.297979055042,5937.03173828125,-9528.266240773792,9528.266240773792,90787857.55506952,,,,Q4_alta
INFORMER,Individual,1,10232.681174719057,6669.5087890625,-3563.172385656557,3563.172385656557,12696197.449905438,,,,Q2_media_baixa
INFORMER,Individual,2,10261.672263192862,5153.46484375,-5108.207419442862,5108.207419442862,26093783.040051106,,,,Q2_media_baixa
INFORMER,Individual,3,6551.537428000416,5132.7939453125,-1418.7434826879162,1418.7434826879162,2012833.0696694376,,,,Q1_baixa
INFORMER,Individual,4,8325.108252904669,5127.43798828125,-3197.670264623419,3197.670264623419,10225095.121256806,,,,Q2_media_baixa
INFORMER,Individual,5,6527.395925578978,5131.83935546875,-1395.5565701102278,1395.5565701102278,1947578.140377823,,,,Q1_baixa
INFORMER,Individual,6,7510.076084132834,6129.01123046875,-1381.0648536640838,1381.0648536640838,1907340.130026197,,,,Q1_baixa
INFORMER,Individual,7,11191.656384207849,5125.1015625,-6066.5548217078485,6066.5548217078485,36803087.40478674,,,,Q3_media_alta
INFORMER,Individual,8,12677.379169714666,5503.9091796875,-7173.469990027166,7173.469990027166,51458671.69782035,,,,Q4_alta
INFORMER,Individual,9,14163.377102756116,5773.9150390625,-8389.462063693616,8389.462063693616,70383073.71815434,,,,Q4_alta
INFORMER,Individual,10,14985.706234836372,5811.85498046875,-9173.851254367622,9173.851254367622,84159546.8372624,,,,Q4_alta
INFORMER,Individual,11,15465.297979055042,5854.55224609375,-9610.745732961292,9610.745732961292,92366433.54363367,,,,Q4_alta
INFORMER,Individual,12,13474.112120594003,5950.94384765625,-7523.1682729377535,7523.1682729377535,56598060.86293722,,,,Q4_alta
INFORMER,Individual,1,10261.672263192862,5112.6142578125,-5149.058005380362,5149.058005380362,26512798.342771597,,,,Q2_media_baixa
INFORMER,Individual,2,6551.537428000416,5093.09765625,-1458.4397717504162,1458.4397717504162,2127046.567823406,,,,Q1_baixa
INFORMER,Individual,3,8325.108252904669,5089.20703125,-3235.901221654669,3235.901221654669,10471056.716306178,,,,Q2_media_baixa
INFORMER,Individual,4,6527.395925578978,5097.3828125,-1430.0131130789778,1430.0131130789778,2044937.5035778293,,,,Q1_baixa
INFORMER,Individual,5,7510.076084132834,5853.10546875,-1656.9706153828338,1656.9706153828338,2745551.620242167,,,,Q1_baixa
INFORMER,Individual,6,11191.656384207849,5091.89794921875,-6099.7584349890985,6099.7584349890985,37207052.96522066,,,,Q3_media_alta
INFORMER,Individual,7,12677.379169714666,5436.44775390625,-7240.931415808416,7240.931415808416,52431087.768441275,,,,Q4_alta
INFORMER,Individual,8,14163.377102756116,5604.587890625,-8558.789212131116,8558.789212131116,73252872.77769198,,,,Q4_alta
INFORMER,Individual,9,14985.706234836372,5756.751953125,-9228.954281711372,9228.954281711372,85173597.13391867,,,,Q4_alta
INFORMER,Individual,10,15465.297979055042,5766.65283203125,-9698.645147023792,9698.645147023792,94063717.68788815,,,,Q4_alta
INFORMER,Individual,11,13474.112120594003,5932.1982421875,-7541.9138784065035,7541.9138784065035,56880464.949300624,,,,Q4_alta
INFORMER,Individual,12,12867.84961242335,6494.1435546875,-6373.70605773585,6373.70605773585,40624128.91041867,,,,Q4_alta
INFORMER,Individual,1,6551.537428000416,5082.1298828125,-1469.4075451879162,1469.4075451879162,2159158.533855178,,,,Q1_baixa
INFORMER,Individual,2,8325.108252904669,5080.32373046875,-3244.784522435919,3244.784522435919,10528626.597039694,,,,Q2_media_baixa
INFORMER,Individual,3,6527.395925578978,5076.810546875,-1450.5853787039778,1450.5853787039778,2104197.9409097624,,,,Q1_baixa
INFORMER,Individual,4,7510.076084132834,6106.416015625,-1403.6600685078338,1403.6600685078338,1970261.5879234166,,,,Q1_baixa
INFORMER,Individual,5,11191.656384207849,5230.09521484375,-5961.5611693640985,5961.5611693640985,35540211.57606984,,,,Q3_media_alta
INFORMER,Individual,6,12677.379169714666,5380.61572265625,-7296.763447058416,7296.763447058416,53242756.80232782,,,,Q4_alta
INFORMER,Individual,7,14163.377102756116,5602.138671875,-8561.238430881116,8561.238430881116,73294803.47039576,,,,Q4_alta
INFORMER,Individual,8,14985.706234836372,5795.375,-9190.331234836372,9190.331234836372,84462188.20600905,,,,Q4_alta
INFORMER,Individual,9,15465.297979055042,6885.1787109375,-8580.119268117542,8580.119268117542,73618446.6551219,,,,Q4_alta
INFORMER,Individual,10,13474.112120594003,5894.6728515625,-7579.4392690315035,7579.4392690315035,57447899.63293681,,,,Q4_alta
INFORMER,Individual,11,12867.84961242335,6415.70947265625,-6452.1401397671,6452.1401397671,41630112.38319381,,,,Q4_alta
INFORMER,Individual,12,11781.349343244798,5096.0615234375,-6685.287819807298,6685.287819807298,44693073.23366381,,,,Q3_media_alta
ENSEMBLE,Ensemble,1,12694.528203816964,-6159.23454640589,-18853.762750222853,18853.762750222853,355464369.84169084,,,,Q4_alta
ENSEMBLE,Ensemble,2,11527.302334689168,3147.0877966537446,-8380.214538035423,8380.214538035423,70227995.70350026,,,,Q3_media_alta
ENSEMBLE,Ensemble,3,11750.548360863111,81453.60333938782,69703.05497852471,69703.05497852471,4858515873.339239,,,,Q3_media_alta
ENSEMBLE,Ensemble,4,12127.160956265994,3483.0908569697276,-8644.070099296267,8644.070099296267,74719947.88154776,,,,Q3_media_alta
ENSEMBLE,Ensemble,5,10232.681174719057,-36230.77102929004,-46463.452204009096,46463.452204009096,2158852390.7142377,,,,Q2_media_baixa
ENSEMBLE,Ensemble,6,10261.672263192862,-31938.89418154297,-42200.566444735836,42200.566444735836,1780887808.2565641,,,,Q2_media_baixa
ENSEMBLE,Ensemble,7,6551.537428000416,-50475.68650370698,-57027.2239317074,57027.2239317074,3252104269.357101,,,,Q1_baixa
ENSEMBLE,Ensemble,8,8325.108252904669,-34274.14151423946,-42599.24976714413,42599.24976714413,1814696080.7235293,,,,Q2_media_baixa
ENSEMBLE,Ensemble,9,6527.395925578978,8235.802965546143,1708.4070399671655,1708.4070399671655,2918654.614209372,,,,Q1_baixa
ENSEMBLE,Ensemble,10,7510.076084132834,-36393.01691009562,-43903.09299422846,43903.09299422846,1927481574.4598718,,,,Q1_baixa
ENSEMBLE,Ensemble,11,11191.656384207849,61845.9129727001,50654.25658849225,50654.25658849225,2565853710.5328107,,,,Q3_media_alta
ENSEMBLE,Ensemble,12,12677.379169714666,-71507.63482873945,-84185.01399845412,84185.01399845412,7087116581.919915,,,,Q4_alta
ENSEMBLE,Ensemble,1,11527.302334689168,-6331.6884275105285,-17858.990762199697,17858.990762199697,318943551.0443341,,,,Q3_media_alta
ENSEMBLE,Ensemble,2,11750.548360863111,3701.1220071749526,-8049.426353688159,8049.426353688159,64793264.62344945,,,,Q3_media_alta
ENSEMBLE,Ensemble,3,12127.160956265994,83760.52545893908,71633.3645026731,71633.3645026731,5131338909.972826,,,,Q3_media_alta
ENSEMBLE,Ensemble,4,10232.681174719057,5031.647843652822,-5201.0333310662345,5201.0333310662345,27050747.710861932,,,,Q2_media_baixa
ENSEMBLE,Ensemble,5,10261.672263192862,-39696.973757387124,-49958.64602057999,49958.64602057999,2495866312.209613,,,,Q2_media_baixa
ENSEMBLE,Ensemble,6,6551.537428000416,-30183.6315538401,-36735.168981840514,36735.168981840514,1349472640.1243775,,,,Q1_baixa
ENSEMBLE,Ensemble,7,8325.108252904669,-53494.55108431918,-61819.65933722385,61819.65933722385,3821670280.570408,,,,Q2_media_baixa
ENSEMBLE,Ensemble,8,6527.395925578978,-36692.26986793843,-43219.6657935174,43219.6657935174,1867939511.303338,,,,Q1_baixa
ENSEMBLE,Ensemble,9,7510.076084132834,3104.9261680916825,-4405.149916041151,4405.149916041151,19405345.782797363,,,,Q1_baixa
ENSEMBLE,Ensemble,10,11191.656384207849,-39935.80000319315,-51127.456387401,51127.456387401,2614016796.6455913,,,,Q3_media_alta
ENSEMBLE,Ensemble,11,12677.379169714666,68876.84933547842,56199.47016576375,56199.47016576375,3158380446.9125695,,,,Q4_alta
ENSEMBLE,Ensemble,12,14163.377102756116,-75434.77722354022,-89598.15432629634,89598.15432629634,8027829258.678815,,,,Q4_alta
ENSEMBLE,Ensemble,1,11750.548360863111,-5645.98474322773,-17396.533104090842,17396.533104090842,302639364.04172856,,,,Q3_media_alta
ENSEMBLE,Ensemble,2,12127.160956265994,10387.557395667922,-1739.6035605980724,1739.6035605980724,3026220.5480454913,,,,Q3_media_alta
ENSEMBLE,Ensemble,3,10232.681174719057,85954.73944758256,75722.0582728635,75722.0582728635,5733830109.078937,,,,Q2_media_baixa
ENSEMBLE,Ensemble,4,10261.672263192862,-3263.7960207760193,-13525.468283968881,13525.468283968881,182938292.30064812,,,,Q2_media_baixa
ENSEMBLE,Ensemble,5,6551.537428000416,-45528.970869297045,-52080.50829729746,52080.50829729746,2712379344.50487,,,,Q1_baixa
ENSEMBLE,Ensemble,6,8325.108252904669,-30292.739354980327,-38617.84760788499,38617.84760788499,1491338153.8658288,,,,Q2_media_baixa
ENSEMBLE,Ensemble,7,6527.395925578978,-52037.55982945839,-58564.95575503737,58564.95575503737,3429854042.589485,,,,Q1_baixa
ENSEMBLE,Ensemble,8,7510.076084132834,-37603.09249253844,-45113.168576671276,45113.168576671276,2035197979.0271606,,,,Q1_baixa
ENSEMBLE,Ensemble,9,11191.656384207849,5756.030025584805,-5435.626358623043,5435.626358623043,29546033.910557605,,,,Q3_media_alta
ENSEMBLE,Ensemble,10,12677.379169714666,-41853.585644910905,-54530.96481462557,54530.96481462557,2973626123.613932,,,,Q4_alta
ENSEMBLE,Ensemble,11,14163.377102756116,69293.04857768507,55129.67147492895,55129.67147492895,3039280676.933595,,,,Q4_alta
ENSEMBLE,Ensemble,12,14985.706234836372,-73859.24775554224,-88844.9539903786,88844.9539903786,7893425849.552491,,,,Q4_alta
ENSEMBLE,Ensemble,1,12127.160956265994,-6186.272083431226,-18313.433039697222,18313.433039697222,335381829.6994738,,,,Q3_media_alta
ENSEMBLE,Ensemble,2,10232.681174719057,13023.566951688099,2790.885776969042,2790.885776969042,7789043.420088094,,,,Q2_media_baixa
ENSEMBLE,Ensemble,3,10261.672263192862,83769.94511914186,73508.272855949,73508.272855949,5403466178.264649,,,,Q2_media_baixa
ENSEMBLE,Ensemble,4,6551.537428000416,-5236.341883411844,-11787.87931141226,11787.87931141226,138954098.66042116,,,,Q1_baixa
ENSEMBLE,Ensemble,5,8325.108252904669,-52331.235303620226,-60656.343556524895,60656.343556524895,3679192013.647179,,,,Q2_media_baixa
ENSEMBLE,Ensemble,6,6527.395925578978,-30240.912805988562,-36768.30873156754,36768.30873156754,1351908526.9798656,,,,Q1_baixa
ENSEMBLE,Ensemble,7,7510.076084132834,-56684.890696531256,-64194.966780664094,64194.966780664094,4120993759.9705667,,,,Q1_baixa
ENSEMBLE,Ensemble,8,11191.656384207849,-43289.010749966175,-54480.66713417402,54480.66713417402,2968143091.3846693,,,,Q3_media_alta
ENSEMBLE,Ensemble,9,12677.379169714666,3079.38441360857,-9597.994756106096,9597.994756106096,92121503.33824012,,,,Q4_alta
ENSEMBLE,Ensemble,10,14163.377102756116,-42887.48935344729,-57050.8664562034,57050.8664562034,3254801363.4035544,,,,Q4_alta
ENSEMBLE,Ensemble,11,14985.706234836372,73834.72460543207,58849.0183705957,58849.0183705957,3463206963.1827106,,,,Q4_alta
ENSEMBLE,Ensemble,12,15465.297979055042,-81101.90275319133,-96567.20073224638,96567.20073224638,9325224257.261965,,,,Q4_alta
ENSEMBLE,Ensemble,1,10232.681174719057,-2179.526725773807,-12412.207900492864,12412.207900492864,154062904.96505746,,,,Q2_media_baixa
ENSEMBLE,Ensemble,2,10261.672263192862,21620.59945257583,11358.927189382966,11358.927189382966,129025226.89370361,,,,Q2_media_baixa
ENSEMBLE,Ensemble,3,6551.537428000416,94242.88310435091,87691.3456763505,87691.3456763505,7689772106.529195,,,,Q1_baixa
ENSEMBLE,Ensemble,4,8325.108252904669,-4395.428289269832,-12720.536542174501,12720.536542174501,161812049.9207968,,,,Q2_media_baixa
ENSEMBLE,Ensemble,5,6527.395925578978,-52172.221916946735,-58699.61784252571,58699.61784252571,3445645134.8585625,,,,Q1_baixa
ENSEMBLE,Ensemble,6,7510.076084132834,-38128.122574612586,-45638.198658745416,45638.198658745416,2082845176.8151119,,,,Q1_baixa
ENSEMBLE,Ensemble,7,11191.656384207849,-60940.35062864268,-72132.00701285053,72132.00701285053,5203026435.701919,,,,Q3_media_alta
ENSEMBLE,Ensemble,8,12677.379169714666,-46556.612073629825,-59233.99124334449,59233.99124334449,3508665718.616612,,,,Q4_alta
ENSEMBLE,Ensemble,9,14163.377102756116,3759.6889542022436,-10403.688148553872,10403.688148553872,108236727.0923603,,,,Q4_alta
ENSEMBLE,Ensemble,10,14985.706234836372,-35860.268696519895,-50845.974931356264,50845.974931356264,2585313166.7201095,,,,Q4_alta
ENSEMBLE,Ensemble,11,15465.297979055042,79587.77626143179,64122.478282376745,64122.478282376745,4111692221.0738773,,,,Q4_alta
ENSEMBLE,Ensemble,12,13474.112120594003,-88125.6190711237,-101599.7311917177,101599.7311917177,10322505378.229294,,,,Q4_alta
ENSEMBLE,Ensemble,1,10261.672263192862,-11120.267552626281,-21381.939815819143,21381.939815819143,457187350.287312,,,,Q2_media_baixa
ENSEMBLE,Ensemble,2,6551.537428000416,12274.194625772374,5722.657197771958,5722.657197771958,32748805.403211195,,,,Q1_baixa
ENSEMBLE,Ensemble,3,8325.108252904669,92809.40448408156,84484.2962311769,84484.2962311769,7137596309.67725,,,,Q2_media_baixa
ENSEMBLE,Ensemble,4,6527.395925578978,84.74146931314294,-6442.654456265835,6442.654456265835,41507796.442842014,,,,Q1_baixa
ENSEMBLE,Ensemble,5,7510.076084132834,-60036.62313451037,-67546.6992186432,67546.6992186432,4562556575.333855,,,,Q1_baixa
ENSEMBLE,Ensemble,6,11191.656384207849,-37592.75193289558,-48784.40831710343,48784.40831710343,2379918494.84987,,,,Q3_media_alta
ENSEMBLE,Ensemble,7,12677.379169714666,-66625.54534038866,-79302.92451010333,79302.92451010333,6288953835.855147,,,,Q4_alta
ENSEMBLE,Ensemble,8,14163.377102756116,-53528.14956965179,-67691.5266724079,67691.5266724079,4582142783.24131,,,,Q4_alta
ENSEMBLE,Ensemble,9,14985.706234836372,-2121.6005570757666,-17107.30679191214,17107.30679191214,292659945.6726032,,,,Q4_alta
ENSEMBLE,Ensemble,10,15465.297979055042,-48075.12508168464,-63540.423060739675,63540.423060739675,4037385362.737778,,,,Q4_alta
ENSEMBLE,Ensemble,11,13474.112120594003,83619.6558314132,70145.5437108192,70145.5437108192,4920397302.486446,,,,Q4_alta
ENSEMBLE,Ensemble,12,12867.84961242335,-95338.6733081339,-108206.52292055725,108206.52292055725,11708651602.557083,,,,Q4_alta
ENSEMBLE,Ensemble,1,6551.537428000416,-17422.494035990516,-23974.031463990934,23974.031463990934,574754184.6364273,,,,Q1_baixa
ENSEMBLE,Ensemble,2,8325.108252904669,16721.405859171253,8396.297606266584,8396.297606266584,70497813.49299797,,,,Q2_media_baixa
ENSEMBLE,Ensemble,3,6527.395925578978,105847.09402260758,99319.6980970286,99319.6980970286,9864402430.084906,,,,Q1_baixa
ENSEMBLE,Ensemble,4,7510.076084132834,-4723.883259996899,-12233.959344129733,12233.959344129733,149669761.23381922,,,,Q1_baixa
ENSEMBLE,Ensemble,5,11191.656384207849,-69820.71056477466,-81012.36694898251,81012.36694898251,6563003598.676594,,,,Q3_media_alta
ENSEMBLE,Ensemble,6,12677.379169714666,-48039.05897134821,-60716.43814106288,60716.43814106288,3686485860.537515,,,,Q4_alta
ENSEMBLE,Ensemble,7,14163.377102756116,-73131.22241489227,-87294.59951764838,87294.59951764838,7620347104.946618,,,,Q4_alta
ENSEMBLE,Ensemble,8,14985.706234836372,-57867.67424877895,-72853.38048361533,72853.38048361533,5307615047.890423,,,,Q4_alta
ENSEMBLE,Ensemble,9,15465.297979055042,2564.704146715497,-12900.593832339546,12900.593832339546,166425321.22699714,,,,Q4_alta
ENSEMBLE,Ensemble,10,13474.112120594003,-49040.484013807436,-62514.596134401436,62514.596134401436,3908074729.847319,,,,Q4_alta
ENSEMBLE,Ensemble,11,12867.84961242335,96734.42045958221,83866.57084715886,83866.57084715886,7033601705.661516,,,,Q4_alta
ENSEMBLE,Ensemble,12,11781.349343244798,-101955.45091010867,-113736.80025335347,113736.80025335347,12936059731.871227,,,,Q3_media_alta
XGBOOST,Baseline,1,5499.501544351398,4866.3720703125,-633.1294740388976,633.1294740388976,400852.9308967711,48.0,0.0,2020-12-01,Q1_baixa
XGBOOST,Baseline,2,5995.100107773378,4164.2958984375,-1830.804209335878,1830.804209335878,3351844.05292197,48.0,0.0,2020-12-01,Q1_baixa
XGBOOST,Baseline,3,6599.626526878387,4385.6494140625,-2213.9771128158873,2213.9771128158873,4901694.656072572,48.0,0.0,2020-12-01,Q1_baixa
XGBOOST,Baseline,4,6394.624597219083,5632.76611328125,-761.8584839378327,761.8584839378327,580428.3495480529,48.0,0.0,2020-12-01,Q1_baixa
XGBOOST,Baseline,5,7384.606624124772,4624.7109375,-2759.8956866247718,2759.8956866247718,7617024.201050021,48.0,0.0,2020-12-01,Q1_baixa
XGBOOST,Baseline,6,7507.952269486292,5825.4228515625,-1682.5294179237917,1682.5294179237917,2830905.2421789733,48.0,0.0,2020-12-01,Q1_baixa
XGBOOST,Baseline,7,10353.642334636936,6794.85009765625,-3558.7922369806856,3558.7922369806856,12665002.185993992,48.0,0.0,2020-12-01,Q3_media_alta
XGBOOST,Baseline,8,11602.524296582378,7744.853515625,-3857.670780957378,3857.670780957378,14881623.854252309,48.0,0.0,2020-12-01,Q3_media_alta
XGBOOST,Baseline,9,11685.341414384318,7768.830078125,-3916.5113362593183,3916.5113362593183,15339061.047047751,48.0,0.0,2020-12-01,Q3_media_alta
XGBOOST,Baseline,10,11897.68526925969,6597.849609375,-5299.835659884689,5299.835659884689,28088258.021785382,48.0,0.0,2020-12-01,Q3_media_alta
XGBOOST,Baseline,11,7601.183338754694,6599.6240234375,-1001.559315317194,1001.559315317194,1003121.0620986464,48.0,0.0,2020-12-01,Q1_baixa
XGBOOST,Baseline,12,7810.171508292635,5707.41259765625,-2102.758910636385,2102.758910636385,4421595.036260716,48.0,0.0,2020-12-01,Q2_media_baixa
XGBOOST,Baseline,1,5995.100107773378,4433.23828125,-1561.861826523378,1561.861826523378,2439412.365150943,48.0,1.0,2021-01-01,Q1_baixa
XGBOOST,Baseline,2,6599.626526878387,3544.746337890625,-3054.8801889877623,3054.8801889877623,9332292.969069906,48.0,1.0,2021-01-01,Q1_baixa
XGBOOST,Baseline,3,6394.624597219083,5664.40283203125,-730.2217651878327,730.2217651878327,533223.8263540342,48.0,1.0,2021-01-01,Q1_baixa
XGBOOST,Baseline,4,7384.606624124772,5082.84716796875,-2301.7594561560218,2301.7594561560218,5298096.594003665,48.0,1.0,2021-01-01,Q1_baixa
XGBOOST,Baseline,5,7507.952269486292,5917.62158203125,-1590.3306874550417,1590.3306874550417,2529151.6954612257,48.0,1.0,2021-01-01,Q1_baixa
XGBOOST,Baseline,6,10353.642334636936,6923.1943359375,-3430.4479986994356,3430.4479986994356,11767973.471780963,48.0,1.0,2021-01-01,Q3_media_alta
XGBOOST,Baseline,7,11602.524296582378,7625.3330078125,-3977.191288769878,3977.191288769878,15818050.547467005,48.0,1.0,2021-01-01,Q3_media_alta
XGBOOST,Baseline,8,11685.341414384318,7001.7119140625,-4683.629500321818,4683.629500321818,21936385.296284806,48.0,1.0,2021-01-01,Q3_media_alta
XGBOOST,Baseline,9,11897.68526925969,6185.91650390625,-5711.768765353439,5711.768765353439,32624302.428867154,48.0,1.0,2021-01-01,Q3_media_alta
XGBOOST,Baseline,10,7601.183338754694,5627.8232421875,-1973.360096567194,1973.360096567194,3894150.070723685,48.0,1.0,2021-01-01,Q1_baixa
XGBOOST,Baseline,11,7810.171508292635,6326.3828125,-1483.7886957926348,1483.7886957926348,2201628.8937620083,48.0,1.0,2021-01-01,Q2_media_baixa
XGBOOST,Baseline,12,7946.884155269422,6017.52099609375,-1929.363159175672,1929.363159175672,3722442.1999843298,48.0,1.0,2021-01-01,Q2_media_baixa
XGBOOST,Baseline,1,6599.626526878387,4463.35302734375,-2136.2734995346373,2136.2734995346373,4563664.464813966,48.0,2.0,2021-02-01,Q1_baixa
XGBOOST,Baseline,2,6394.624597219083,4873.42724609375,-1521.1973511253327,1521.1973511253327,2314041.381070729,48.0,2.0,2021-02-01,Q1_baixa
XGBOOST,Baseline,3,7384.606624124772,4786.173828125,-2598.4327959997718,2598.4327959997718,6751852.995327191,48.0,2.0,2021-02-01,Q1_baixa
XGBOOST,Baseline,4,7507.952269486292,5938.41064453125,-1569.5416249550417,1569.5416249550417,2463460.912466513,48.0,2.0,2021-02-01,Q1_baixa
XGBOOST,Baseline,5,10353.642334636936,6298.8203125,-4054.8220221369356,4054.8220221369356,16441581.631206667,48.0,2.0,2021-02-01,Q3_media_alta
XGBOOST,Baseline,6,11602.524296582378,7566.12841796875,-4036.395878613628,4036.395878613628,16292491.688889083,48.0,2.0,2021-02-01,Q3_media_alta
XGBOOST,Baseline,7,11685.341414384318,7440.609375,-4244.732039384318,4244.732039384318,18017750.086175755,48.0,2.0,2021-02-01,Q3_media_alta
XGBOOST,Baseline,8,11897.68526925969,7338.240234375,-4559.445034884689,4559.445034884689,20788539.026134647,48.0,2.0,2021-02-01,Q3_media_alta
XGBOOST,Baseline,9,7601.183338754694,6847.1337890625,-754.049549692194,754.049549692194,568590.7233910005,48.0,2.0,2021-02-01,Q1_baixa
XGBOOST,Baseline,10,7810.171508292635,6041.6171875,-1768.5543207926348,1768.5543207926348,3127784.3855942977,48.0,2.0,2021-02-01,Q2_media_baixa
XGBOOST,Baseline,11,7946.884155269422,5766.779296875,-2180.104858394422,2180.104858394422,4752857.193594963,48.0,2.0,2021-02-01,Q2_media_baixa
XGBOOST,Baseline,12,9186.525100340878,4519.0390625,-4667.4860378408775,4667.4860378408775,21785425.913439535,48.0,2.0,2021-02-01,Q2_media_baixa
XGBOOST,Baseline,1,6394.624597219083,5178.859375,-1215.7652222190827,1215.7652222190827,1478085.0755574156,48.0,3.0,2021-03-01,Q1_baixa
XGBOOST,Baseline,2,7384.606624124772,4348.4501953125,-3036.1564288122718,3036.1564288122718,9218245.860218087,48.0,3.0,2021-03-01,Q1_baixa
XGBOOST,Baseline,3,7507.952269486292,6174.1240234375,-1333.8282460487917,1333.8282460487917,1779097.789957596,48.0,3.0,2021-03-01,Q1_baixa
XGBOOST,Baseline,4,10353.642334636936,6785.78564453125,-3567.8566901056856,3567.8566901056856,12729601.361131899,48.0,3.0,2021-03-01,Q3_media_alta
XGBOOST,Baseline,5,11602.524296582378,6601.759765625,-5000.764530957378,5000.764530957378,25007645.894081365,48.0,3.0,2021-03-01,Q3_media_alta
XGBOOST,Baseline,6,11685.341414384318,6542.4912109375,-5142.850203446818,5142.850203446818,26448908.21509298,48.0,3.0,2021-03-01,Q3_media_alta
XGBOOST,Baseline,7,11897.68526925969,6867.36181640625,-5030.323452853439,5030.323452853439,25304154.040327348,48.0,3.0,2021-03-01,Q3_media_alta
XGBOOST,Baseline,8,7601.183338754694,6896.837890625,-704.345448129694,704.345448129694,496102.5103010194,48.0,3.0,2021-03-01,Q1_baixa
XGBOOST,Baseline,9,7810.171508292635,6437.46484375,-1372.7066645426348,1372.7066645426348,1884323.5868797658,48.0,3.0,2021-03-01,Q2_media_baixa
XGBOOST,Baseline,10,7946.884155269422,5740.6875,-2206.196655269422,2206.196655269422,4867303.681721985,48.0,3.0,2021-03-01,Q2_media_baixa
XGBOOST,Baseline,11,9186.525100340878,4888.0029296875,-4298.5221706533775,4298.5221706533775,18477292.851598624,48.0,3.0,2021-03-01,Q2_media_baixa
XGBOOST,Baseline,12,7720.666684382486,4598.14013671875,-3122.526547663736,3122.526547663736,9750172.04086481,48.0,3.0,2021-03-01,Q1_baixa
XGBOOST,Baseline,1,7384.606624124772,4607.63818359375,-2776.9684405310218,2776.9684405310218,7711553.719705295,48.0,4.0,2021-04-01,Q1_baixa
XGBOOST,Baseline,2,7507.952269486292,5916.8193359375,-1591.1329335487917,1591.1329335487917,2531704.0122235836,48.0,4.0,2021-04-01,Q1_baixa
XGBOOST,Baseline,3,10353.642334636936,6913.029296875,-3440.6130377619356,3440.6130377619356,11837818.075617414,48.0,4.0,2021-04-01,Q3_media_alta
XGBOOST,Baseline,4,11602.524296582378,6911.72021484375,-4690.804081738628,4690.804081738628,22003642.933255773,48.0,4.0,2021-04-01,Q3_media_alta
XGBOOST,Baseline,5,11685.341414384318,6833.2490234375,-4852.092390946818,4852.092390946818,23542800.570284013,48.0,4.0,2021-04-01,Q3_media_alta
XGBOOST,Baseline,6,11897.68526925969,6561.42236328125,-5336.262905978439,5336.262905978439,28475701.80172146,48.0,4.0,2021-04-01,Q3_media_alta
XGBOOST,Baseline,7,7601.183338754694,6851.74267578125,-749.440662973444,749.440662973444,561661.3073180752,48.0,4.0,2021-04-01,Q1_baixa
XGBOOST,Baseline,8,7810.171508292635,6111.08740234375,-1699.0841059488848,1699.0841059488848,2886886.7990881214,48.0,4.0,2021-04-01,Q2_media_baixa
XGBOOST,Baseline,9,7946.884155269422,5883.14404296875,-2063.740112300672,2063.740112300672,4259023.25111879,48.0,4.0,2021-04-01,Q2_media_baixa
XGBOOST,Baseline,10,9186.525100340878,5355.7158203125,-3830.8092800283775,3830.8092800283775,14675099.739951536,48.0,4.0,2021-04-01,Q2_media_baixa
XGBOOST,Baseline,11,7720.666684382486,5487.0625,-2233.604184382486,2233.604184382486,4988987.65249095,48.0,4.0,2021-04-01,Q1_baixa
XGBOOST,Baseline,12,6257.254869414514,5071.72802734375,-1185.5268420707644,1185.5268420707644,1405473.893270279,48.0,4.0,2021-04-01,Q1_baixa
XGBOOST,Baseline,1,7507.952269486292,5870.9375,-1637.0147694862917,1637.0147694862917,2679817.3555162568,48.0,5.0,2021-05-01,Q1_baixa
XGBOOST,Baseline,2,10353.642334636936,6944.90185546875,-3408.7404791681856,3408.7404791681856,11619511.654319752,48.0,5.0,2021-05-01,Q3_media_alta
XGBOOST,Baseline,3,11602.524296582378,7153.5458984375,-4448.978398144878,4448.978398144878,19793408.787159767,48.0,5.0,2021-05-01,Q3_media_alta
XGBOOST,Baseline,4,11685.341414384318,7114.572265625,-4570.769148759318,4570.769148759318,20891930.611249983,48.0,5.0,2021-05-01,Q3_media_alta
XGBOOST,Baseline,5,11897.68526925969,6482.4365234375,-5415.248745822189,5415.248745822189,29324918.979128797,48.0,5.0,2021-05-01,Q3_media_alta
XGBOOST,Baseline,6,7601.183338754694,6344.7548828125,-1256.428455942194,1256.428455942194,1578612.4649012857,48.0,5.0,2021-05-01,Q1_baixa
XGBOOST,Baseline,7,7810.171508292635,5877.22021484375,-1932.9512934488848,1932.9512934488848,3736300.702845717,48.0,5.0,2021-05-01,Q2_media_baixa
XGBOOST,Baseline,8,7946.884155269422,5344.5478515625,-2602.336303706922,2602.336303706922,6772154.237591006,48.0,5.0,2021-05-01,Q2_media_baixa
XGBOOST,Baseline,9,9186.525100340878,4870.10791015625,-4316.4171901846275,4316.4171901846275,18631457.359721355,48.0,5.0,2021-05-01,Q2_media_baixa
XGBOOST,Baseline,10,7720.666684382486,5052.30859375,-2668.358090632486,2668.358090632486,7120134.899843846,48.0,5.0,2021-05-01,Q1_baixa
XGBOOST,Baseline,11,6257.254869414514,5511.33203125,-745.9228381645144,745.9228381645144,556400.8804954042,48.0,5.0,2021-05-01,Q1_baixa
XGBOOST,Baseline,12,8799.05839095172,6601.16748046875,-2197.890910482971,2197.890910482971,4830724.454383663,48.0,5.0,2021-05-01,Q2_media_baixa
XGBOOST,Baseline,1,10353.642334636936,6797.40673828125,-3556.2355963556856,3556.2355963556856,12646811.616787279,48.0,6.0,2021-06-01,Q3_media_alta
XGBOOST,Baseline,2,11602.524296582378,7209.74609375,-4392.778202832378,4392.778202832378,19296500.339279257,48.0,6.0,2021-06-01,Q3_media_alta
XGBOOST,Baseline,3,11685.341414384318,7238.64111328125,-4446.700301103068,4446.700301103068,19773143.56783012,48.0,6.0,2021-06-01,Q3_media_alta
XGBOOST,Baseline,4,11897.68526925969,6368.12841796875,-5529.556851290939,5529.556851290939,30575998.97165857,48.0,6.0,2021-06-01,Q3_media_alta
XGBOOST,Baseline,5,7601.183338754694,6347.50830078125,-1253.675037973444,1253.675037973444,1571701.1008377161,48.0,6.0,2021-06-01,Q1_baixa
XGBOOST,Baseline,6,7810.171508292635,6571.59423828125,-1238.5772700113848,1238.5772700113848,1534073.6537888548,48.0,6.0,2021-06-01,Q2_media_baixa
XGBOOST,Baseline,7,7946.884155269422,6129.2666015625,-1817.617553706922,1817.617553706922,3303733.5715435357,48.0,6.0,2021-06-01,Q2_media_baixa
XGBOOST,Baseline,8,9186.525100340878,4449.44970703125,-4737.0753933096275,4737.0753933096275,22439883.281899564,48.0,6.0,2021-06-01,Q2_media_baixa
XGBOOST,Baseline,9,7720.666684382486,5299.31787109375,-2421.348813288736,2421.348813288736,5862930.07561477,48.0,6.0,2021-06-01,Q1_baixa
XGBOOST,Baseline,10,6257.254869414514,5732.68359375,-524.5712756645144,524.5712756645144,275175.0232522959,48.0,6.0,2021-06-01,Q1_baixa
XGBOOST,Baseline,11,8799.05839095172,6095.41650390625,-2703.641887045471,2703.641887045471,7309679.453386795,48.0,6.0,2021-06-01,Q2_media_baixa
XGBOOST,Baseline,12,11515.952526173542,6454.81689453125,-5061.135631642292,5061.135631642292,25615093.881879218,48.0,6.0,2021-06-01,Q3_media_alta
XGBOOST,Baseline,1,11602.524296582378,7533.46435546875,-4069.059941113628,4069.059941113628,16557248.804375643,48.0,7.0,2021-07-01,Q3_media_alta
XGBOOST,Baseline,2,11685.341414384318,7837.73828125,-3847.6031331343183,3847.6031331343183,14804049.870105023,48.0,7.0,2021-07-01,Q3_media_alta
XGBOOST,Baseline,3,11897.68526925969,6797.72509765625,-5099.960171603439,5099.960171603439,26009593.751941383,48.0,7.0,2021-07-01,Q3_media_alta
XGBOOST,Baseline,4,7601.183338754694,6094.1181640625,-1507.065174692194,1507.065174692194,2271245.4407700133,48.0,7.0,2021-07-01,Q1_baixa
XGBOOST,Baseline,5,7810.171508292635,5974.59130859375,-1835.5801996988848,1835.5801996988848,3369354.669526598,48.0,7.0,2021-07-01,Q2_media_baixa
XGBOOST,Baseline,6,7946.884155269422,5564.24658203125,-2382.637573238172,2382.637573238172,5676961.805406285,48.0,7.0,2021-07-01,Q2_media_baixa
XGBOOST,Baseline,7,9186.525100340878,5041.19287109375,-4145.3322292471275,4145.3322292471275,17183779.29083496,48.0,7.0,2021-07-01,Q2_media_baixa
XGBOOST,Baseline,8,7720.666684382486,4786.908203125,-2933.758481257486,2933.758481257486,8606938.82635023,48.0,7.0,2021-07-01,Q1_baixa
XGBOOST,Baseline,9,6257.254869414514,5068.81591796875,-1188.4389514457644,1188.4389514457644,1412387.141313508,48.0,7.0,2021-07-01,Q1_baixa
XGBOOST,Baseline,10,8799.05839095172,5756.81103515625,-3042.247355795471,3042.247355795471,9255268.973844534,48.0,7.0,2021-07-01,Q2_media_baixa
XGBOOST,Baseline,11,11515.952526173542,7220.43359375,-4295.518932423542,4295.518932423542,18451482.898809083,48.0,7.0,2021-07-01,Q3_media_alta
XGBOOST,Baseline,12,12694.528203816964,7946.34326171875,-4748.184942098214,4748.184942098214,22545260.24436822,48.0,7.0,2021-07-01,Q4_alta
XGBOOST,Baseline,1,11685.341414384318,7784.2578125,-3901.0836018843183,3901.0836018843183,15218453.268890727,48.0,8.0,2021-08-01,Q3_media_alta
XGBOOST,Baseline,2,11897.68526925969,7153.7421875,-4743.943081759689,4743.943081759689,22504995.96297562,48.0,8.0,2021-08-01,Q3_media_alta
XGBOOST,Baseline,3,7601.183338754694,6785.0263671875,-816.156971567194,816.156971567194,666112.2022377335,48.0,8.0,2021-08-01,Q1_baixa
XGBOOST,Baseline,4,7810.171508292635,5879.1259765625,-1931.0455317301348,1931.0455317301348,3728936.845614919,48.0,8.0,2021-08-01,Q2_media_baixa
XGBOOST,Baseline,5,7946.884155269422,5709.7060546875,-2237.178100581922,2237.178100581922,5004965.853723337,48.0,8.0,2021-08-01,Q2_media_baixa
XGBOOST,Baseline,6,9186.525100340878,4561.72802734375,-4624.7970729971275,4624.7970729971275,21388747.9664028,48.0,8.0,2021-08-01,Q2_media_baixa
XGBOOST,Baseline,7,7720.666684382486,5050.79248046875,-2669.874203913736,2669.874203913736,7128228.264724005,48.0,8.0,2021-08-01,Q1_baixa
XGBOOST,Baseline,8,6257.254869414514,4631.47705078125,-1625.7778186332644,1625.7778186332644,2643153.5155599355,48.0,8.0,2021-08-01,Q1_baixa
XGBOOST,Baseline,9,8799.05839095172,5769.91796875,-3029.140422201721,3029.140422201721,9175691.69741642,48.0,8.0,2021-08-01,Q2_media_baixa
XGBOOST,Baseline,10,11515.952526173542,6839.638671875,-4676.313854298542,4676.313854298542,21867911.263904482,48.0,8.0,2021-08-01,Q3_media_alta
XGBOOST,Baseline,11,12694.528203816964,8050.53955078125,-4643.988653035714,4643.988653035714,21566630.60952447,48.0,8.0,2021-08-01,Q4_alta
XGBOOST,Baseline,12,11527.302334689168,8998.8271484375,-2528.4751862516678,2528.4751862516678,6393186.767490406,48.0,8.0,2021-08-01,Q3_media_alta
XGBOOST,Baseline,1,11897.68526925969,6435.7861328125,-5461.899136447189,5461.899136447189,29832342.176722553,48.0,9.0,2021-09-01,Q3_media_alta
XGBOOST,Baseline,2,7601.183338754694,5862.14453125,-1739.038807504694,1739.038807504694,3024255.974007348,48.0,9.0,2021-09-01,Q1_baixa
XGBOOST,Baseline,3,7810.171508292635,6265.06884765625,-1545.1026606363848,1545.1026606363848,2387342.2319056354,48.0,9.0,2021-09-01,Q2_media_baixa
XGBOOST,Baseline,4,7946.884155269422,4778.4140625,-3168.470092769422,3168.470092769422,10039202.72877427,48.0,9.0,2021-09-01,Q2_media_baixa
XGBOOST,Baseline,5,9186.525100340878,4345.7451171875,-4840.7799831533775,4840.7799831533775,23433150.845298413,48.0,9.0,2021-09-01,Q2_media_baixa
XGBOOST,Baseline,6,7720.666684382486,4321.10009765625,-3399.566586726236,3399.566586726236,11557052.97758547,48.0,9.0,2021-09-01,Q1_baixa
XGBOOST,Baseline,7,6257.254869414514,5728.927734375,-528.3271350395144,528.3271350395144,279129.5616190612,48.0,9.0,2021-09-01,Q1_baixa
XGBOOST,Baseline,8,8799.05839095172,6346.26513671875,-2452.793254232971,2452.793254232971,6016194.748010768,48.0,9.0,2021-09-01,Q2_media_baixa
XGBOOST,Baseline,9,11515.952526173542,6832.1376953125,-4683.814830861042,4683.814830861042,21938121.369793847,48.0,9.0,2021-09-01,Q3_media_alta
XGBOOST,Baseline,10,12694.528203816964,8621.4384765625,-4073.0897272544644,4073.0897272544644,16590059.926265847,48.0,9.0,2021-09-01,Q4_alta
XGBOOST,Baseline,11,11527.302334689168,9640.859375,-1886.4429596891678,1886.4429596891678,3558667.040160827,48.0,9.0,2021-09-01,Q3_media_alta
XGBOOST,Baseline,12,11750.548360863111,9097.607421875,-2652.940938988111,2652.940938988111,7038095.625759121,48.0,9.0,2021-09-01,Q3_media_alta
XGBOOST,Baseline,1,7601.183338754694,5905.65966796875,-1695.523670785944,1695.523670785944,2874800.518195442,48.0,10.0,2021-10-01,Q1_baixa
XGBOOST,Baseline,2,7810.171508292635,5868.31201171875,-1941.8594965738848,1941.8594965738848,3770818.304434181,48.0,10.0,2021-10-01,Q2_media_baixa
XGBOOST,Baseline,3,7946.884155269422,4396.927734375,-3549.956420894422,3549.956420894422,12602190.590249535,48.0,10.0,2021-10-01,Q2_media_baixa
XGBOOST,Baseline,4,9186.525100340878,5083.72216796875,-4102.8029323721275,4102.8029323721275,16832991.90188133,48.0,10.0,2021-10-01,Q2_media_baixa
XGBOOST,Baseline,5,7720.666684382486,4507.4560546875,-3213.210629694986,3213.210629694986,10324722.550784849,48.0,10.0,2021-10-01,Q1_baixa
XGBOOST,Baseline,6,6257.254869414514,4595.88720703125,-1661.3676623832644,1661.3676623832644,2760142.509612832,48.0,10.0,2021-10-01,Q1_baixa
XGBOOST,Baseline,7,8799.05839095172,6146.74853515625,-2652.309855795471,2652.309855795471,7034747.571149792,48.0,10.0,2021-10-01,Q2_media_baixa
XGBOOST,Baseline,8,11515.952526173542,6909.20068359375,-4606.751842579792,4606.751842579792,21222162.539112303,48.0,10.0,2021-10-01,Q3_media_alta
XGBOOST,Baseline,9,12694.528203816964,8130.84912109375,-4563.679082723214,4563.679082723214,20827166.770085398,48.0,10.0,2021-10-01,Q4_alta
XGBOOST,Baseline,10,11527.302334689168,9854.4248046875,-1672.8775300016678,1672.8775300016678,2798519.2303844807,48.0,10.0,2021-10-01,Q3_media_alta
XGBOOST,Baseline,11,11750.548360863111,10243.71875,-1506.8296108631112,1506.8296108631112,2270535.476173875,48.0,10.0,2021-10-01,Q3_media_alta
XGBOOST,Baseline,12,12127.160956265996,8616.365234375,-3510.795721890996,3510.795721890996,12325686.60084812,48.0,10.0,2021-10-01,Q3_media_alta
XGBOOST,Baseline,1,7810.171508292635,5854.5615234375,-1955.6099848551348,1955.6099848551348,3824410.412865101,48.0,11.0,2021-11-01,Q2_media_baixa
XGBOOST,Baseline,2,7946.884155269422,4852.66357421875,-3094.220581050672,3094.220581050672,9574201.004197558,48.0,11.0,2021-11-01,Q2_media_baixa
XGBOOST,Baseline,3,9186.525100340878,5381.9873046875,-3804.5377956533775,3804.5377956533775,14474507.83855506,48.0,11.0,2021-11-01,Q2_media_baixa
XGBOOST,Baseline,4,7720.666684382486,5528.076171875,-2192.590512507486,2192.590512507486,4807453.15553784,48.0,11.0,2021-11-01,Q1_baixa
XGBOOST,Baseline,5,6257.254869414514,5816.51416015625,-440.74070925826436,440.74070925826436,194252.3727974779,48.0,11.0,2021-11-01,Q1_baixa
XGBOOST,Baseline,6,8799.05839095172,6191.86962890625,-2607.188762045471,2607.188762045471,6797433.240936195,48.0,11.0,2021-11-01,Q2_media_baixa
XGBOOST,Baseline,7,11515.952526173542,7101.09814453125,-4414.854381642292,4414.854381642292,19490939.21110614,48.0,11.0,2021-11-01,Q3_media_alta
XGBOOST,Baseline,8,12694.528203816964,8260.5439453125,-4433.984258504464,4433.984258504464,19660216.404665384,48.0,11.0,2021-11-01,Q4_alta
XGBOOST,Baseline,9,11527.302334689168,9950.5966796875,-1576.7056550016678,1576.7056550016678,2486000.722514238,48.0,11.0,2021-11-01,Q3_media_alta
XGBOOST,Baseline,10,11750.548360863111,9929.0556640625,-1821.4926968006112,1821.4926968006112,3317835.644497963,48.0,11.0,2021-11-01,Q3_media_alta
XGBOOST,Baseline,11,12127.160956265996,9085.35546875,-3041.805487515996,3041.805487515996,9252580.623882426,48.0,11.0,2021-11-01,Q3_media_alta
XGBOOST,Baseline,12,10232.681174719057,7318.50244140625,-2914.178733312807,2914.178733312807,8492437.689692635,48.0,11.0,2021-11-01,Q2_media_baixa
XGBOOST,Baseline,1,7946.884155269422,5307.21435546875,-2639.669799800672,2639.669799800672,6967856.65197972,48.0,12.0,2021-12-01,Q2_media_baixa
XGBOOST,Baseline,2,9186.525100340878,5318.7548828125,-3867.7702175283775,3867.7702175283775,14959646.455599513,48.0,12.0,2021-12-01,Q2_media_baixa
XGBOOST,Baseline,3,7720.666684382486,5097.28125,-2623.385434382486,2623.385434382486,6882151.137330185,48.0,12.0,2021-12-01,Q1_baixa
XGBOOST,Baseline,4,6257.254869414514,5773.7060546875,-483.54881472701436,483.54881472701436,233819.45622390046,48.0,12.0,2021-12-01,Q1_baixa
XGBOOST,Baseline,5,8799.05839095172,6057.93994140625,-2741.118449545471,2741.118449545471,7513730.354438566,48.0,12.0,2021-12-01,Q2_media_baixa
XGBOOST,Baseline,6,11515.952526173542,7576.4140625,-3939.5384636735416,3939.5384636735416,15519963.30676329,48.0,12.0,2021-12-01,Q3_media_alta
XGBOOST,Baseline,7,12694.528203816964,8810.54296875,-3883.9852350669644,3883.9852350669644,15085341.306218183,48.0,12.0,2021-12-01,Q4_alta
XGBOOST,Baseline,8,11527.302334689168,9849.2236328125,-1678.0787018766678,1678.0787018766678,2815948.1296920823,48.0,12.0,2021-12-01,Q3_media_alta
XGBOOST,Baseline,9,11750.548360863111,9915.955078125,-1834.5932827381112,1834.5932827381112,3365732.513067799,48.0,12.0,2021-12-01,Q3_media_alta
XGBOOST,Baseline,10,12127.160956265996,9053.1884765625,-3073.972479703496,3073.972479703496,9449306.80597446,48.0,12.0,2021-12-01,Q3_media_alta
XGBOOST,Baseline,11,10232.681174719057,7522.587890625,-2710.093284094057,2710.093284094057,7344605.60849171,48.0,12.0,2021-12-01,Q2_media_baixa
XGBOOST,Baseline,12,10261.672263192862,7859.291015625,-2402.3812475678624,2402.3812475678624,5771435.6586657185,48.0,12.0,2021-12-01,Q2_media_baixa
XGBOOST,Baseline,1,9186.525100340878,5056.16845703125,-4130.3566433096275,4130.3566433096275,17059846.000931975,48.0,13.0,2022-01-01,Q2_media_baixa
XGBOOST,Baseline,2,7720.666684382486,4849.0927734375,-2871.573910944986,2871.573910944986,8245936.726019883,48.0,13.0,2022-01-01,Q1_baixa
XGBOOST,Baseline,3,6257.254869414514,5900.7197265625,-356.53514285201436,356.53514285201436,127117.30808850628,48.0,13.0,2022-01-01,Q1_baixa
XGBOOST,Baseline,4,8799.05839095172,6269.7275390625,-2529.330851889221,2529.330851889221,6397514.558318651,48.0,13.0,2022-01-01,Q2_media_baixa
XGBOOST,Baseline,5,11515.952526173542,6990.3759765625,-4525.576549611042,4525.576549611042,20480843.10638938,48.0,13.0,2022-01-01,Q3_media_alta
XGBOOST,Baseline,6,12694.528203816964,8893.7275390625,-3800.8006647544644,3800.8006647544644,14446085.693197979,48.0,13.0,2022-01-01,Q4_alta
XGBOOST,Baseline,7,11527.302334689168,10014.5810546875,-1512.7212800016678,1512.7212800016678,2288325.670969884,48.0,13.0,2022-01-01,Q3_media_alta
XGBOOST,Baseline,8,11750.548360863111,9789.626953125,-1960.9214077381112,1960.9214077381112,3845212.7673256155,48.0,13.0,2022-01-01,Q3_media_alta
XGBOOST,Baseline,9,12127.160956265996,8236.4697265625,-3890.691229703496,3890.691229703496,15137478.244891701,48.0,13.0,2022-01-01,Q3_media_alta
XGBOOST,Baseline,10,10232.681174719057,7678.6982421875,-2553.982932531557,2553.982932531557,6522828.819662491,48.0,13.0,2022-01-01,Q2_media_baixa
XGBOOST,Baseline,11,10261.672263192862,7828.7275390625,-2432.9447241303624,2432.9447241303624,5919220.030673765,48.0,13.0,2022-01-01,Q2_media_baixa
XGBOOST,Baseline,12,6551.537428000416,6317.7021484375,-233.83527956291618,233.83527956291618,54678.937968267164,48.0,13.0,2022-01-01,Q1_baixa
XGBOOST,Baseline,1,7720.666684382486,5010.099609375,-2710.567075007486,2710.567075007486,7347173.868114638,48.0,14.0,2022-02-01,Q1_baixa
XGBOOST,Baseline,2,6257.254869414514,5750.9892578125,-506.26561160201436,506.26561160201436,256304.86949076166,48.0,14.0,2022-02-01,Q1_baixa
XGBOOST,Baseline,3,8799.05839095172,6178.53271484375,-2620.525676107971,2620.525676107971,6867154.819141137,48.0,14.0,2022-02-01,Q2_media_baixa
XGBOOST,Baseline,4,11515.952526173542,7208.58203125,-4307.370494923542,4307.370494923542,18553440.580537874,48.0,14.0,2022-02-01,Q3_media_alta
XGBOOST,Baseline,5,12694.528203816964,8556.5439453125,-4137.984258504464,4137.984258504464,17122913.72363074,48.0,14.0,2022-02-01,Q4_alta
XGBOOST,Baseline,6,11527.302334689168,10017.5341796875,-1509.7681550016678,1509.7681550016678,2279399.88185714,48.0,14.0,2022-02-01,Q3_media_alta
XGBOOST,Baseline,7,11750.548360863111,10129.298828125,-1621.2495327381112,1621.2495327381112,2628450.0474035437,48.0,14.0,2022-02-01,Q3_media_alta
XGBOOST,Baseline,8,12127.160956265996,8959.0009765625,-3168.159979703496,3168.159979703496,10037237.656994857,48.0,14.0,2022-02-01,Q3_media_alta
XGBOOST,Baseline,9,10232.681174719057,7361.6318359375,-2871.049338781557,2871.049338781557,8242924.305718015,48.0,14.0,2022-02-01,Q2_media_baixa
XGBOOST,Baseline,10,10261.672263192862,7259.0712890625,-3002.6009741303624,3002.6009741303624,9015612.609848602,48.0,14.0,2022-02-01,Q2_media_baixa
XGBOOST,Baseline,11,6551.537428000416,6058.7109375,-492.8264905004162,492.8264905004162,242877.9497389568,48.0,14.0,2022-02-01,Q1_baixa
XGBOOST,Baseline,12,8325.108252904669,5793.6005859375,-2531.507666967169,2531.507666967169,6408531.067913558,48.0,14.0,2022-02-01,Q2_media_baixa
XGBOOST,Baseline,1,6257.254869414514,5920.03564453125,-337.21922488326436,337.21922488326436,113716.80563086963,48.0,15.0,2022-03-01,Q1_baixa
XGBOOST,Baseline,2,8799.05839095172,6790.09033203125,-2008.9680589204709,2008.9680589204709,4035952.6617626846,48.0,15.0,2022-03-01,Q2_media_baixa
XGBOOST,Baseline,3,11515.952526173542,7366.04248046875,-4149.910045704792,4149.910045704792,17221753.387441546,48.0,15.0,2022-03-01,Q3_media_alta
XGBOOST,Baseline,4,12694.528203816964,8763.1044921875,-3931.4237116294644,3931.4237116294644,15456092.400362395,48.0,15.0,2022-03-01,Q4_alta
XGBOOST,Baseline,5,11527.302334689168,9779.763671875,-1747.5386628141678,1747.5386628141678,3053891.3780303295,48.0,15.0,2022-03-01,Q3_media_alta
XGBOOST,Baseline,6,11750.548360863111,9916.0908203125,-1834.4575405506112,1834.4575405506112,3365234.468082997,48.0,15.0,2022-03-01,Q3_media_alta
XGBOOST,Baseline,7,12127.160956265996,9156.0556640625,-2971.105292203496,2971.105292203496,8827466.65735962,48.0,15.0,2022-03-01,Q3_media_alta
XGBOOST,Baseline,8,10232.681174719057,7488.1533203125,-2744.527854406557,2744.527854406557,7532433.143613459,48.0,15.0,2022-03-01,Q2_media_baixa
XGBOOST,Baseline,9,10261.672263192862,7466.8212890625,-2794.8509741303624,2794.8509741303624,7811191.967597435,48.0,15.0,2022-03-01,Q2_media_baixa
XGBOOST,Baseline,10,6551.537428000416,6317.875,-233.66242800041618,233.66242800041618,54598.13025904968,48.0,15.0,2022-03-01,Q1_baixa
XGBOOST,Baseline,11,8325.108252904669,6145.279296875,-2179.828956029669,2179.828956029669,4751654.277545396,48.0,15.0,2022-03-01,Q2_media_baixa
XGBOOST,Baseline,12,6527.395925578978,6571.32421875,43.92829317102223,43.92829317102223,1929.6949409192785,48.0,15.0,2022-03-01,Q1_baixa
XGBOOST,Baseline,1,8799.05839095172,6216.9677734375,-2582.090617514221,2582.090617514221,6667191.957054971,48.0,16.0,2022-04-01,Q2_media_baixa
XGBOOST,Baseline,2,11515.952526173542,7024.3984375,-4491.554088673542,4491.554088673542,20174058.13148001,48.0,16.0,2022-04-01,Q3_media_alta
XGBOOST,Baseline,3,12694.528203816964,8679.4013671875,-4015.1268366294644,4015.1268366294644,16121243.51422213,48.0,16.0,2022-04-01,Q4_alta
XGBOOST,Baseline,4,11527.302334689168,10172.7958984375,-1354.5064362516678,1354.5064362516678,1834687.6858471932,48.0,16.0,2022-04-01,Q3_media_alta
XGBOOST,Baseline,5,11750.548360863111,9853.23828125,-1897.3100796131112,1897.3100796131112,3599785.53820151,48.0,16.0,2022-04-01,Q3_media_alta
XGBOOST,Baseline,6,12127.160956265996,9344.794921875,-2782.366034390996,2782.366034390996,7741560.749332677,48.0,16.0,2022-04-01,Q3_media_alta
XGBOOST,Baseline,7,10232.681174719057,8423.576171875,-1809.1050028440568,1809.1050028440568,3272860.9113153946,48.0,16.0,2022-04-01,Q2_media_baixa
XGBOOST,Baseline,8,10261.672263192862,7945.6630859375,-2316.0091772553624,2316.0091772553624,5363898.509131061,48.0,16.0,2022-04-01,Q2_media_baixa
XGBOOST,Baseline,9,6551.537428000416,6429.58935546875,-121.94807253166618,121.94807253166618,14871.332394188517,48.0,16.0,2022-04-01,Q1_baixa
XGBOOST,Baseline,10,8325.108252904669,6294.33984375,-2030.768409154669,2030.768409154669,4124020.3316205847,48.0,16.0,2022-04-01,Q2_media_baixa
XGBOOST,Baseline,11,6527.395925578978,6368.083984375,-159.31194120397777,159.31194120397777,25380.29461017967,48.0,16.0,2022-04-01,Q1_baixa
XGBOOST,Baseline,12,7510.076084132834,7276.650390625,-233.42569350783378,233.42569350783378,54487.55438961316,48.0,16.0,2022-04-01,Q1_baixa
XGBOOST,Baseline,1,11515.952526173542,6925.74755859375,-4590.204967579792,4590.204967579792,21069981.644394197,48.0,17.0,2022-05-01,Q3_media_alta
XGBOOST,Baseline,2,12694.528203816964,8648.103515625,-4046.4246881919644,4046.4246881919644,16373552.757209437,48.0,17.0,2022-05-01,Q4_alta
XGBOOST,Baseline,3,11527.302334689168,9868.08984375,-1659.2124909391678,1659.2124909391678,2752986.090088558,48.0,17.0,2022-05-01,Q3_media_alta
XGBOOST,Baseline,4,11750.548360863111,10117.2900390625,-1633.2583218006112,1633.2583218006112,2667532.7457309486,48.0,17.0,2022-05-01,Q3_media_alta
XGBOOST,Baseline,5,12127.160956265996,9406.888671875,-2720.272284390996,2720.272284390996,7399881.3012258075,48.0,17.0,2022-05-01,Q3_media_alta
XGBOOST,Baseline,6,10232.681174719057,8821.279296875,-1411.4018778440568,1411.4018778440568,1992055.2607817298,48.0,17.0,2022-05-01,Q2_media_baixa
XGBOOST,Baseline,7,10261.672263192862,8509.775390625,-1751.8968725678624,1751.8968725678624,3069142.652113057,48.0,17.0,2022-05-01,Q2_media_baixa
XGBOOST,Baseline,8,6551.537428000416,6652.53662109375,100.99919309333382,100.99919309333382,10200.837005504529,48.0,17.0,2022-05-01,Q1_baixa
XGBOOST,Baseline,9,8325.108252904669,6400.33251953125,-1924.775733373419,1924.775733373419,3704761.623783183,48.0,17.0,2022-05-01,Q2_media_baixa
XGBOOST,Baseline,10,6527.395925578978,6093.79931640625,-433.59660917272777,433.59660917272777,188006.01948608723,48.0,17.0,2022-05-01,Q1_baixa
XGBOOST,Baseline,11,7510.076084132834,7196.3916015625,-313.6844825703338,313.6844825703338,98397.95460541804,48.0,17.0,2022-05-01,Q1_baixa
XGBOOST,Baseline,12,11191.656384207849,8025.640625,-3166.0157592078485,3166.0157592078485,10023655.78755245,48.0,17.0,2022-05-01,Q3_media_alta
XGBOOST,Baseline,1,12694.528203816964,8907.2900390625,-3787.2381647544644,3787.2381647544644,14343172.916572763,48.0,18.0,2022-06-01,Q4_alta
XGBOOST,Baseline,2,11527.302334689168,10161.640625,-1365.6617096891678,1365.6617096891678,1865031.9053111407,48.0,18.0,2022-06-01,Q3_media_alta
XGBOOST,Baseline,3,11750.548360863111,9907.3583984375,-1843.1899624256112,1843.1899624256112,3397349.2375865257,48.0,18.0,2022-06-01,Q3_media_alta
XGBOOST,Baseline,4,12127.160956265996,9743.630859375,-2383.530096890996,2383.530096890996,5681215.722785201,48.0,18.0,2022-06-01,Q3_media_alta
XGBOOST,Baseline,5,10232.681174719057,8413.681640625,-1818.9995340940568,1818.9995340940568,3308759.305034396,48.0,18.0,2022-06-01,Q2_media_baixa
XGBOOST,Baseline,6,10261.672263192862,8323.0224609375,-1938.6498022553624,1938.6498022553624,3758363.055784756,48.0,18.0,2022-06-01,Q2_media_baixa
XGBOOST,Baseline,7,6551.537428000416,7478.2001953125,926.6627673120838,926.6627673120838,858703.8843224891,48.0,18.0,2022-06-01,Q1_baixa
XGBOOST,Baseline,8,8325.108252904669,7004.69091796875,-1320.417334935919,1320.417334935919,1743501.9383992746,48.0,18.0,2022-06-01,Q2_media_baixa
XGBOOST,Baseline,9,6527.395925578978,6498.52734375,-28.868581828977767,28.868581828977767,833.3950168163854,48.0,18.0,2022-06-01,Q1_baixa
XGBOOST,Baseline,10,7510.076084132834,6467.39306640625,-1042.6830177265838,1042.6830177265838,1087187.8754554153,48.0,18.0,2022-06-01,Q1_baixa
XGBOOST,Baseline,11,11191.656384207849,8196.7353515625,-2994.9210326453485,2994.9210326453485,8969551.99178148,48.0,18.0,2022-06-01,Q3_media_alta
XGBOOST,Baseline,12,12677.379169714666,8172.119140625,-4505.260029089666,4505.260029089666,20297367.92971302,48.0,18.0,2022-06-01,Q4_alta
XGBOOST,Baseline,1,11527.302334689168,9981.111328125,-1546.1910065641678,1546.1910065641678,2390706.628779914,48.0,19.0,2022-07-01,Q3_media_alta
XGBOOST,Baseline,2,11750.548360863111,10168.28515625,-1582.2632046131112,1582.2632046131112,2503556.848672552,48.0,19.0,2022-07-01,Q3_media_alta
XGBOOST,Baseline,3,12127.160956265996,9309.646484375,-2817.514471890996,2817.514471890996,7938387.799315198,48.0,19.0,2022-07-01,Q3_media_alta
XGBOOST,Baseline,4,10232.681174719057,9032.560546875,-1200.1206278440568,1200.1206278440568,1440289.521376813,48.0,19.0,2022-07-01,Q2_media_baixa
XGBOOST,Baseline,5,10261.672263192862,8598.0595703125,-1663.6126928803624,1663.6126928803624,2767607.191912651,48.0,19.0,2022-07-01,Q2_media_baixa
XGBOOST,Baseline,6,6551.537428000416,6557.416015625,5.878587624583815,5.878587624583815,34.55779245990998,48.0,19.0,2022-07-01,Q1_baixa
XGBOOST,Baseline,7,8325.108252904669,6972.3515625,-1352.756690404669,1352.756690404669,1829950.6634345932,48.0,19.0,2022-07-01,Q2_media_baixa
XGBOOST,Baseline,8,6527.395925578978,6720.45849609375,193.06257051477223,193.06257051477223,37273.1561337714,48.0,19.0,2022-07-01,Q1_baixa
XGBOOST,Baseline,9,7510.076084132834,6821.126953125,-688.9491310078338,688.9491310078338,474650.90511644934,48.0,19.0,2022-07-01,Q1_baixa
XGBOOST,Baseline,10,11191.656384207849,8167.72802734375,-3023.9283568640985,3023.9283568640985,9144142.707446806,48.0,19.0,2022-07-01,Q3_media_alta
XGBOOST,Baseline,11,12677.379169714666,8662.2861328125,-4015.093036902166,4015.093036902166,16120972.09498026,48.0,19.0,2022-07-01,Q4_alta
XGBOOST,Baseline,12,14163.377102756116,9941.16796875,-4222.209134006116,4222.209134006116,17827049.971284676,48.0,19.0,2022-07-01,Q4_alta
XGBOOST,Baseline,1,11750.548360863111,9428.2646484375,-2322.283712425611,2322.283712425611,5393001.6409972785,48.0,20.0,2022-08-01,Q3_media_alta
XGBOOST,Baseline,2,12127.160956265996,9380.275390625,-2746.885565640996,2746.885565640996,7545380.310726855,48.0,20.0,2022-08-01,Q3_media_alta
XGBOOST,Baseline,3,10232.681174719057,8802.779296875,-1429.9018778440568,1429.9018778440568,2044619.38026196,48.0,20.0,2022-08-01,Q2_media_baixa
XGBOOST,Baseline,4,10261.672263192862,8555.5673828125,-1706.1048803803624,1706.1048803803624,2910793.8628576905,48.0,20.0,2022-08-01,Q2_media_baixa
XGBOOST,Baseline,5,6551.537428000416,7502.22900390625,950.6915759058338,950.6915759058338,903814.4724983178,48.0,20.0,2022-08-01,Q1_baixa
XGBOOST,Baseline,6,8325.108252904669,6810.06591796875,-1515.042334935919,1515.042334935919,2295353.276648081,48.0,20.0,2022-08-01,Q2_media_baixa
XGBOOST,Baseline,7,6527.395925578978,7224.42529296875,697.0293673897722,697.0293673897722,485849.9390037861,48.0,20.0,2022-08-01,Q1_baixa
XGBOOST,Baseline,8,7510.076084132834,7532.07763671875,22.001552585916215,22.001552585916215,484.0683161908365,48.0,20.0,2022-08-01,Q1_baixa
XGBOOST,Baseline,9,11191.656384207849,7443.9853515625,-3747.6710326453485,3747.6710326453485,14045038.168929053,48.0,20.0,2022-08-01,Q3_media_alta
XGBOOST,Baseline,10,12677.379169714666,8502.3125,-4175.066669714666,4175.066669714666,17431181.696562313,48.0,20.0,2022-08-01,Q4_alta
XGBOOST,Baseline,11,14163.377102756116,10084.880859375,-4078.496243381116,4078.496243381116,16634131.607273877,48.0,20.0,2022-08-01,Q4_alta
XGBOOST,Baseline,12,14985.70623483637,10561.697265625,-4424.008969211371,4424.008969211371,19571855.359662656,48.0,20.0,2022-08-01,Q4_alta
XGBOOST,Baseline,1,12127.160956265996,9111.0693359375,-3016.091620328496,3016.091620328496,9096808.662215773,48.0,21.0,2022-09-01,Q3_media_alta
XGBOOST,Baseline,2,10232.681174719057,8653.77734375,-1578.9038309690568,1578.9038309690568,2492937.307448764,48.0,21.0,2022-09-01,Q2_media_baixa
XGBOOST,Baseline,3,10261.672263192862,8483.4716796875,-1778.2005835053624,1778.2005835053624,3161997.315178811,48.0,21.0,2022-09-01,Q2_media_baixa
XGBOOST,Baseline,4,6551.537428000416,8337.037109375,1785.4996813745838,1785.4996813745838,3188009.11218874,48.0,21.0,2022-09-01,Q1_baixa
XGBOOST,Baseline,5,8325.108252904669,8264.07421875,-61.034034154668916,61.034034154668916,3725.153325193292,48.0,21.0,2022-09-01,Q2_media_baixa
XGBOOST,Baseline,6,6527.395925578978,7884.79296875,1357.3970431710222,1357.3970431710222,1842526.732809434,48.0,21.0,2022-09-01,Q1_baixa
XGBOOST,Baseline,7,7510.076084132834,7984.04345703125,473.9673728984162,473.9673728984162,224645.07057222634,48.0,21.0,2022-09-01,Q1_baixa
XGBOOST,Baseline,8,11191.656384207849,8387.3603515625,-2804.2960326453485,2804.2960326453485,7864076.238710442,48.0,21.0,2022-09-01,Q3_media_alta
XGBOOST,Baseline,9,12677.379169714666,8319.6826171875,-4357.696552527166,4357.696552527166,18989519.24390715,48.0,21.0,2022-09-01,Q4_alta
XGBOOST,Baseline,10,14163.377102756116,10107.060546875,-4056.316555881116,4056.316555881116,16453704.00151524,48.0,21.0,2022-09-01,Q4_alta
XGBOOST,Baseline,11,14985.70623483637,11581.3564453125,-3404.3497895238706,3404.3497895238706,11589597.489431223,48.0,21.0,2022-09-01,Q4_alta
XGBOOST,Baseline,12,15465.297979055042,11675.8291015625,-3789.4688774925417,3789.4688774925417,14360074.373484584,48.0,21.0,2022-09-01,Q4_alta
XGBOOST,Baseline,1,10232.681174719057,8101.37255859375,-2131.308616125307,2131.308616125307,4542476.41716997,48.0,22.0,2022-10-01,Q2_media_baixa
XGBOOST,Baseline,2,10261.672263192862,7920.79296875,-2340.8792944428624,2340.8792944428624,5479715.871151313,48.0,22.0,2022-10-01,Q2_media_baixa
XGBOOST,Baseline,3,6551.537428000416,7655.62646484375,1104.0890368433338,1104.0890368433338,1219012.6012776406,48.0,22.0,2022-10-01,Q1_baixa
XGBOOST,Baseline,4,8325.108252904669,8076.94091796875,-248.16733493591892,248.16733493591892,61587.02612919656,48.0,22.0,2022-10-01,Q2_media_baixa
XGBOOST,Baseline,5,6527.395925578978,8210.87890625,1683.4829806710222,1683.4829806710222,2834114.9462089892,48.0,22.0,2022-10-01,Q1_baixa
XGBOOST,Baseline,6,7510.076084132834,7798.19287109375,288.1167869609162,288.1167869609162,83011.28292868198,48.0,22.0,2022-10-01,Q1_baixa
XGBOOST,Baseline,7,11191.656384207849,9060.98828125,-2130.6681029578485,2130.6681029578485,4539746.564961997,48.0,22.0,2022-10-01,Q3_media_alta
XGBOOST,Baseline,8,12677.379169714666,9088.029296875,-3589.349872839666,3589.349872839666,12883432.509654127,48.0,22.0,2022-10-01,Q4_alta
XGBOOST,Baseline,9,14163.377102756116,10091.2578125,-4072.119290256116,4072.119290256116,16582155.514075974,48.0,22.0,2022-10-01,Q4_alta
XGBOOST,Baseline,10,14985.70623483637,11415.8369140625,-3569.8693207738706,3569.8693207738706,12743966.967402497,48.0,22.0,2022-10-01,Q4_alta
XGBOOST,Baseline,11,15465.297979055042,11821.1650390625,-3644.1329399925417,3644.1329399925417,13279704.884338684,48.0,22.0,2022-10-01,Q4_alta
XGBOOST,Baseline,12,13474.112120594003,11593.5029296875,-1880.6091909065035,1880.6091909065035,3536690.928922014,48.0,22.0,2022-10-01,Q4_alta
XGBOOST,Baseline,1,10261.672263192862,8063.38037109375,-2198.2918920991124,2198.2918920991124,4832487.242868695,48.0,23.0,2022-11-01,Q2_media_baixa
XGBOOST,Baseline,2,6551.537428000416,7676.5224609375,1124.9850329370838,1124.9850329370838,1265591.3243324514,48.0,23.0,2022-11-01,Q1_baixa
XGBOOST,Baseline,3,8325.108252904669,8222.552734375,-102.55551852966892,102.55551852966892,10517.634380889265,48.0,23.0,2022-11-01,Q2_media_baixa
XGBOOST,Baseline,4,6527.395925578978,8494.76953125,1967.3736056710222,1967.3736056710222,3870558.904290999,48.0,23.0,2022-11-01,Q1_baixa
XGBOOST,Baseline,5,7510.076084132834,7994.89306640625,484.8169822734162,484.8169822734162,235047.50630070196,48.0,23.0,2022-11-01,Q1_baixa
XGBOOST,Baseline,6,11191.656384207849,8863.01171875,-2328.6446654578485,2328.6446654578485,5422585.977965295,48.0,23.0,2022-11-01,Q3_media_alta
XGBOOST,Baseline,7,12677.379169714666,9602.080078125,-3075.299091589666,3075.299091589666,9457464.502732227,48.0,23.0,2022-11-01,Q4_alta
XGBOOST,Baseline,8,14163.377102756116,10132.4658203125,-4030.911282443616,4030.911282443616,16248245.766931238,48.0,23.0,2022-11-01,Q4_alta
XGBOOST,Baseline,9,14985.70623483637,11214.498046875,-3771.2081879613706,3771.2081879613706,14222011.196946885,48.0,23.0,2022-11-01,Q4_alta
XGBOOST,Baseline,10,15465.297979055042,11627.19921875,-3838.0987603050417,3838.0987603050417,14731002.093855098,48.0,23.0,2022-11-01,Q4_alta
XGBOOST,Baseline,11,13474.112120594003,11934.583984375,-1539.5281362190035,1539.5281362190035,2370146.8822099585,48.0,23.0,2022-11-01,Q4_alta
XGBOOST,Baseline,12,12867.849612423348,10731.0185546875,-2136.831057735848,2136.831057735848,4566046.969304503,48.0,23.0,2022-11-01,Q4_alta
XGBOOST,Baseline,1,6551.537428000416,7506.10546875,954.5680407495838,954.5680407495838,911200.1444204991,48.0,24.0,2022-12-01,Q1_baixa
XGBOOST,Baseline,2,8325.108252904669,7823.87744140625,-501.2308114984189,501.2308114984189,251232.32639536355,48.0,24.0,2022-12-01,Q2_media_baixa
XGBOOST,Baseline,3,6527.395925578978,7742.6953125,1215.2993869210222,1215.2993869210222,1476952.5998506125,48.0,24.0,2022-12-01,Q1_baixa
XGBOOST,Baseline,4,7510.076084132834,7845.09228515625,335.0162010234162,335.0162010234162,112235.85494816203,48.0,24.0,2022-12-01,Q1_baixa
XGBOOST,Baseline,5,11191.656384207849,9181.9375,-2009.7188842078485,2009.7188842078485,4038969.9935416398,48.0,24.0,2022-12-01,Q3_media_alta
XGBOOST,Baseline,6,12677.379169714666,9204.4794921875,-3472.899677527166,3472.899677527166,12061032.170168296,48.0,24.0,2022-12-01,Q4_alta
XGBOOST,Baseline,7,14163.377102756116,10059.2353515625,-4104.141751193616,4104.141751193616,16843979.5138906,48.0,24.0,2022-12-01,Q4_alta
XGBOOST,Baseline,8,14985.70623483637,10530.099609375,-4455.606625461371,4455.606625461371,19852430.40085526,48.0,24.0,2022-12-01,Q4_alta
XGBOOST,Baseline,9,15465.297979055042,11566.65234375,-3898.6456353050417,3898.6456353050417,15199437.789683051,48.0,24.0,2022-12-01,Q4_alta
XGBOOST,Baseline,10,13474.112120594003,11864.2099609375,-1609.9021596565035,1609.9021596565035,2591784.963666674,48.0,24.0,2022-12-01,Q4_alta
XGBOOST,Baseline,11,12867.849612423348,11330.4892578125,-1537.360354610848,1537.360354610848,2363476.859929192,48.0,24.0,2022-12-01,Q4_alta
XGBOOST,Baseline,12,11781.349343244798,10452.576171875,-1328.7731713697976,1328.7731713697976,1765638.1409521496,48.0,24.0,2022-12-01,Q3_media_alta
XGBOOST,Baseline,1,7946.884155269422,4887.80322265625,-3059.080932613172,3059.080932613172,9357976.152277475,60.0,0.0,2021-12-01,Q2_media_baixa
XGBOOST,Baseline,2,9186.525100340878,4896.388671875,-4290.1364284658775,4290.1364284658775,18405270.574849956,60.0,0.0,2021-12-01,Q2_media_baixa
XGBOOST,Baseline,3,7720.666684382486,5133.98095703125,-2586.685727351236,2586.685727351236,6690943.052082593,60.0,0.0,2021-12-01,Q1_baixa
XGBOOST,Baseline,4,6257.254869414514,6253.91064453125,-3.34422488326436,3.34422488326436,11.183840069844521,60.0,0.0,2021-12-01,Q1_baixa
XGBOOST,Baseline,5,8799.05839095172,6303.068359375,-2495.990031576721,2495.990031576721,6229966.23773036,60.0,0.0,2021-12-01,Q2_media_baixa
XGBOOST,Baseline,6,11515.952526173542,7474.548828125,-4041.4036980485416,4041.4036980485416,16332943.850600427,60.0,0.0,2021-12-01,Q3_media_alta
XGBOOST,Baseline,7,12694.528203816964,8833.5830078125,-3860.9451960044644,3860.9451960044644,14906897.806549951,60.0,0.0,2021-12-01,Q4_alta
XGBOOST,Baseline,8,11527.302334689168,9627.951171875,-1899.3511628141678,1899.3511628141678,3607534.8396835313,60.0,0.0,2021-12-01,Q3_media_alta
XGBOOST,Baseline,9,11750.548360863111,9921.03515625,-1829.5132046131112,1829.5132046131112,3347118.5658537354,60.0,0.0,2021-12-01,Q3_media_alta
XGBOOST,Baseline,10,12127.160956265996,9737.791015625,-2389.369940640996,2389.369940640996,5709088.713238757,60.0,0.0,2021-12-01,Q3_media_alta
XGBOOST,Baseline,11,10232.681174719057,8506.0458984375,-1726.6352762815568,1726.6352762815568,2981269.377299888,60.0,0.0,2021-12-01,Q2_media_baixa
XGBOOST,Baseline,12,10261.672263192862,8180.45458984375,-2081.2176733491124,2081.2176733491124,4331467.0038606925,60.0,0.0,2021-12-01,Q2_media_baixa
XGBOOST,Baseline,1,9186.525100340878,4715.189453125,-4471.3356472158775,4471.3356472158775,19992842.47006343,60.0,1.0,2022-01-01,Q2_media_baixa
XGBOOST,Baseline,2,7720.666684382486,5047.1337890625,-2673.532895319986,2673.532895319986,7147778.142358067,60.0,1.0,2022-01-01,Q1_baixa
XGBOOST,Baseline,3,6257.254869414514,6158.5107421875,-98.74412722701436,98.74412722701436,9750.402661824799,60.0,1.0,2022-01-01,Q1_baixa
XGBOOST,Baseline,4,8799.05839095172,6249.90966796875,-2549.148722982971,2549.148722982971,6498159.211885711,60.0,1.0,2022-01-01,Q2_media_baixa
XGBOOST,Baseline,5,11515.952526173542,6887.322265625,-4628.630260548542,4628.630260548542,21424218.08886566,60.0,1.0,2022-01-01,Q3_media_alta
XGBOOST,Baseline,6,12694.528203816964,9066.0556640625,-3628.4725397544644,3628.4725397544644,13165812.971752213,60.0,1.0,2022-01-01,Q4_alta
XGBOOST,Baseline,7,11527.302334689168,10098.390625,-1428.9117096891678,1428.9117096891678,2041788.6740868206,60.0,1.0,2022-01-01,Q3_media_alta
XGBOOST,Baseline,8,11750.548360863111,10078.7470703125,-1671.8012905506112,1671.8012905506112,2794919.555086689,60.0,1.0,2022-01-01,Q3_media_alta
XGBOOST,Baseline,9,12127.160956265996,8872.1826171875,-3254.978339078496,3254.978339078496,10594883.987870205,60.0,1.0,2022-01-01,Q3_media_alta
XGBOOST,Baseline,10,10232.681174719057,8609.3310546875,-1623.3501200315568,1623.3501200315568,2635265.6122064698,60.0,1.0,2022-01-01,Q2_media_baixa
XGBOOST,Baseline,11,10261.672263192862,7999.4521484375,-2262.2201147553624,2262.2201147553624,5117639.847603765,60.0,1.0,2022-01-01,Q2_media_baixa
XGBOOST,Baseline,12,6551.537428000416,6521.19775390625,-30.339674094166185,30.339674094166185,920.4958241402187,60.0,1.0,2022-01-01,Q1_baixa
XGBOOST,Baseline,1,7720.666684382486,5116.2978515625,-2604.368832819986,2604.368832819986,6782737.017364136,60.0,2.0,2022-02-01,Q1_baixa
XGBOOST,Baseline,2,6257.254869414514,5867.638671875,-389.61619753951436,389.61619753951436,151800.78138514986,60.0,2.0,2022-02-01,Q1_baixa
XGBOOST,Baseline,3,8799.05839095172,6511.37451171875,-2287.683879232971,2287.683879232971,5233497.531302414,60.0,2.0,2022-02-01,Q2_media_baixa
XGBOOST,Baseline,4,11515.952526173542,6973.65625,-4542.296276173542,4542.296276173542,20632455.460540023,60.0,2.0,2022-02-01,Q3_media_alta
XGBOOST,Baseline,5,12694.528203816964,8519.3212890625,-4175.206914754464,4175.206914754464,17432352.781013492,60.0,2.0,2022-02-01,Q4_alta
XGBOOST,Baseline,6,11527.302334689168,9972.962890625,-1554.3394440641678,1554.3394440641678,2415971.107373706,60.0,2.0,2022-02-01,Q3_media_alta
XGBOOST,Baseline,7,11750.548360863111,10171.4560546875,-1579.0923061756112,1579.0923061756112,2493532.51142301,60.0,2.0,2022-02-01,Q3_media_alta
XGBOOST,Baseline,8,12127.160956265996,9945.4228515625,-2181.738104703496,2181.738104703496,4759981.157515203,60.0,2.0,2022-02-01,Q3_media_alta
XGBOOST,Baseline,9,10232.681174719057,7611.56103515625,-2621.120139562807,2621.120139562807,6870270.786021748,60.0,2.0,2022-02-01,Q2_media_baixa
XGBOOST,Baseline,10,10261.672263192862,7707.41943359375,-2554.2528295991124,2554.2528295991124,6524207.517515073,60.0,2.0,2022-02-01,Q2_media_baixa
XGBOOST,Baseline,11,6551.537428000416,6599.703125,48.165696999583815,48.165696999583815,2319.934367455717,60.0,2.0,2022-02-01,Q1_baixa
XGBOOST,Baseline,12,8325.108252904669,6079.697265625,-2245.410987279669,2245.410987279669,5041870.501796258,60.0,2.0,2022-02-01,Q2_media_baixa
XGBOOST,Baseline,1,6257.254869414514,5991.01025390625,-266.24461550826436,266.24461550826436,70886.19528714352,60.0,3.0,2022-03-01,Q1_baixa
XGBOOST,Baseline,2,8799.05839095172,6997.15087890625,-1801.9075120454709,1801.9075120454709,3246870.6819658987,60.0,3.0,2022-03-01,Q2_media_baixa
XGBOOST,Baseline,3,11515.952526173542,7254.46533203125,-4261.487194142292,4261.487194142292,18160273.105838742,60.0,3.0,2022-03-01,Q3_media_alta
XGBOOST,Baseline,4,12694.528203816964,8755.8876953125,-3938.6405085044644,3938.6405085044644,15512889.055232305,60.0,3.0,2022-03-01,Q4_alta
XGBOOST,Baseline,5,11527.302334689168,10040.66796875,-1486.6343659391678,1486.6343659391678,2210081.737991351,60.0,3.0,2022-03-01,Q3_media_alta
XGBOOST,Baseline,6,11750.548360863111,9877.556640625,-1872.9917202381112,1872.9917202381112,3508097.984080519,60.0,3.0,2022-03-01,Q3_media_alta
XGBOOST,Baseline,7,12127.160956265996,9577.8544921875,-2549.306464078496,2549.306464078496,6498963.447792404,60.0,3.0,2022-03-01,Q3_media_alta
XGBOOST,Baseline,8,10232.681174719057,8185.97705078125,-2046.7041239378068,2046.7041239378068,4188997.7709440254,60.0,3.0,2022-03-01,Q2_media_baixa
XGBOOST,Baseline,9,10261.672263192862,7548.71875,-2712.9535131928624,2712.9535131928624,7360116.764745494,60.0,3.0,2022-03-01,Q2_media_baixa
XGBOOST,Baseline,10,6551.537428000416,7299.34814453125,747.8107165308338,747.8107165308338,559220.8677583591,60.0,3.0,2022-03-01,Q1_baixa
XGBOOST,Baseline,11,8325.108252904669,7572.34619140625,-752.7620614984189,752.7620614984189,566650.7212313494,60.0,3.0,2022-03-01,Q2_media_baixa
XGBOOST,Baseline,12,6527.395925578978,7511.33935546875,983.9434298897722,983.9434298897722,968144.6732232491,60.0,3.0,2022-03-01,Q1_baixa
XGBOOST,Baseline,1,8799.05839095172,6569.78466796875,-2229.273722982971,2229.273722982971,4969661.331982356,60.0,4.0,2022-04-01,Q2_media_baixa
XGBOOST,Baseline,2,11515.952526173542,7469.244140625,-4046.7083855485416,4046.7083855485416,16375848.757668884,60.0,4.0,2022-04-01,Q3_media_alta
XGBOOST,Baseline,3,12694.528203816964,8678.162109375,-4016.3660944419644,4016.3660944419644,16131196.604582999,60.0,4.0,2022-04-01,Q4_alta
XGBOOST,Baseline,4,11527.302334689168,10118.9521484375,-1408.3501862516678,1408.3501862516678,1983450.2471151073,60.0,4.0,2022-04-01,Q3_media_alta
XGBOOST,Baseline,5,11750.548360863111,10016.701171875,-1733.8471889881112,1733.8471889881112,3006226.0747619746,60.0,4.0,2022-04-01,Q3_media_alta
XGBOOST,Baseline,6,12127.160956265996,9574.8544921875,-2552.306464078496,2552.306464078496,6514268.286576875,60.0,4.0,2022-04-01,Q3_media_alta
XGBOOST,Baseline,7,10232.681174719057,9131.671875,-1101.0092997190568,1101.0092997190568,1212221.478067848,60.0,4.0,2022-04-01,Q2_media_baixa
XGBOOST,Baseline,8,10261.672263192862,7861.115234375,-2400.5570288178624,2400.5570288178624,5762674.048606844,60.0,4.0,2022-04-01,Q2_media_baixa
XGBOOST,Baseline,9,6551.537428000416,7300.97314453125,749.4357165308338,749.4357165308338,561653.8932120843,60.0,4.0,2022-04-01,Q1_baixa
XGBOOST,Baseline,10,8325.108252904669,7280.5986328125,-1044.509620092169,1044.509620092169,1091000.346465087,60.0,4.0,2022-04-01,Q2_media_baixa
XGBOOST,Baseline,11,6527.395925578978,7059.73046875,532.3345431710222,532.3345431710222,283380.0658531009,60.0,4.0,2022-04-01,Q1_baixa
XGBOOST,Baseline,12,7510.076084132834,7286.3037109375,-223.77237319533378,223.77237319533378,50074.075005471735,60.0,4.0,2022-04-01,Q1_baixa
XGBOOST,Baseline,1,11515.952526173542,7144.4013671875,-4371.551158986042,4371.551158986042,19110459.535632204,60.0,5.0,2022-05-01,Q3_media_alta
XGBOOST,Baseline,2,12694.528203816964,8895.81640625,-3798.7117975669644,3798.7117975669644,14430211.320974438,60.0,5.0,2022-05-01,Q4_alta
XGBOOST,Baseline,3,11527.302334689168,9982.4228515625,-1544.8794831266678,1544.8794831266678,2386652.6173857204,60.0,5.0,2022-05-01,Q3_media_alta
XGBOOST,Baseline,4,11750.548360863111,10176.923828125,-1573.6245327381112,1573.6245327381112,2476294.170035239,60.0,5.0,2022-05-01,Q3_media_alta
XGBOOST,Baseline,5,12127.160956265996,9850.3701171875,-2276.790839078496,2276.790839078496,5183776.524911762,60.0,5.0,2022-05-01,Q3_media_alta
XGBOOST,Baseline,6,10232.681174719057,8885.69140625,-1346.9897684690568,1346.9897684690568,1814381.4363603233,60.0,5.0,2022-05-01,Q2_media_baixa
XGBOOST,Baseline,7,10261.672263192862,8520.3095703125,-1741.3626928803624,1741.3626928803624,3032344.028155547,60.0,5.0,2022-05-01,Q2_media_baixa
XGBOOST,Baseline,8,6551.537428000416,7507.3955078125,955.8580798120838,955.8580798120838,913664.668742044,60.0,5.0,2022-05-01,Q1_baixa
XGBOOST,Baseline,9,8325.108252904669,7888.4052734375,-436.7029794671689,436.7029794671689,190709.49227550256,60.0,5.0,2022-05-01,Q2_media_baixa
XGBOOST,Baseline,10,6527.395925578978,7590.30859375,1062.9126681710222,1062.9126681710222,1129783.3401584416,60.0,5.0,2022-05-01,Q1_baixa
XGBOOST,Baseline,11,7510.076084132834,7708.95556640625,198.87948227341622,198.87948227341622,39553.04846934207,60.0,5.0,2022-05-01,Q1_baixa
XGBOOST,Baseline,12,11191.656384207849,8530.6826171875,-2660.9737670203485,2660.9737670203485,7080781.388770464,60.0,5.0,2022-05-01,Q3_media_alta
XGBOOST,Baseline,1,12694.528203816964,8595.8720703125,-4098.656133504464,4098.656133504464,16798982.100713767,60.0,6.0,2022-06-01,Q4_alta
XGBOOST,Baseline,2,11527.302334689168,10203.7373046875,-1323.5650300016678,1323.5650300016678,1751824.3886433158,60.0,6.0,2022-06-01,Q3_media_alta
XGBOOST,Baseline,3,11750.548360863111,10019.197265625,-1731.3510952381112,1731.3510952381112,2997576.614982207,60.0,6.0,2022-06-01,Q3_media_alta
XGBOOST,Baseline,4,12127.160956265996,10130.7998046875,-1996.361151578496,1996.361151578496,3985457.847531819,60.0,6.0,2022-06-01,Q3_media_alta
XGBOOST,Baseline,5,10232.681174719057,9378.541015625,-854.1401590940568,854.1401590940568,729555.4113772206,60.0,6.0,2022-06-01,Q2_media_baixa
XGBOOST,Baseline,6,10261.672263192862,8532.220703125,-1729.4515600678624,1729.4515600678624,2991002.698621163,60.0,6.0,2022-06-01,Q2_media_baixa
XGBOOST,Baseline,7,6551.537428000416,8160.802734375,1609.2653063745838,1609.2653063745838,2589734.826300883,60.0,6.0,2022-06-01,Q1_baixa
XGBOOST,Baseline,8,8325.108252904669,7626.701171875,-698.4070810296689,698.4070810296689,487772.45083238254,60.0,6.0,2022-06-01,Q2_media_baixa
XGBOOST,Baseline,9,6527.395925578978,7349.93310546875,822.5371798897722,822.5371798897722,676567.4123010195,60.0,6.0,2022-06-01,Q1_baixa
XGBOOST,Baseline,10,7510.076084132834,7470.53271484375,-39.543369289083785,39.543369289083785,1563.6780547328547,60.0,6.0,2022-06-01,Q1_baixa
XGBOOST,Baseline,11,11191.656384207849,9270.7841796875,-1920.8722045203485,1920.8722045203485,3689750.0260988637,60.0,6.0,2022-06-01,Q3_media_alta
XGBOOST,Baseline,12,12677.379169714666,8035.58203125,-4641.797138464666,4641.797138464666,21546280.674658764,60.0,6.0,2022-06-01,Q4_alta
XGBOOST,Baseline,1,11527.302334689168,9923.1943359375,-1604.1079987516678,1604.1079987516678,2573162.4716590806,60.0,7.0,2022-07-01,Q3_media_alta
XGBOOST,Baseline,2,11750.548360863111,10281.443359375,-1469.1050014881112,1469.1050014881112,2158269.505397383,60.0,7.0,2022-07-01,Q3_media_alta
XGBOOST,Baseline,3,12127.160956265996,9723.96875,-2403.192206265996,2403.192206265996,5775332.7802576255,60.0,7.0,2022-07-01,Q3_media_alta
XGBOOST,Baseline,4,10232.681174719057,9516.5673828125,-716.1137919065568,716.1137919065568,512818.96295878734,60.0,7.0,2022-07-01,Q2_media_baixa
XGBOOST,Baseline,5,10261.672263192862,8861.5380859375,-1400.1341772553624,1400.1341772553624,1960375.7143185504,60.0,7.0,2022-07-01,Q2_media_baixa
XGBOOST,Baseline,6,6551.537428000416,6513.48779296875,-38.049635031666185,38.049635031666185,1447.7747260429985,60.0,7.0,2022-07-01,Q1_baixa
XGBOOST,Baseline,7,8325.108252904669,8420.2333984375,95.12514553283108,95.12514553283108,9048.793312642294,60.0,7.0,2022-07-01,Q2_media_baixa
XGBOOST,Baseline,8,6527.395925578978,7912.359375,1384.9634494210222,1384.9634494210222,1918123.7562321764,60.0,7.0,2022-07-01,Q1_baixa
XGBOOST,Baseline,9,7510.076084132834,7851.21337890625,341.1372947734162,341.1372947734162,116374.65388532466,60.0,7.0,2022-07-01,Q1_baixa
XGBOOST,Baseline,10,11191.656384207849,8950.251953125,-2241.4044310828485,2241.4044310828485,5023893.823677828,60.0,7.0,2022-07-01,Q3_media_alta
XGBOOST,Baseline,11,12677.379169714666,9149.31640625,-3528.062763464666,3528.062763464666,12447226.862945937,60.0,7.0,2022-07-01,Q4_alta
XGBOOST,Baseline,12,14163.377102756116,10113.8740234375,-4049.503079318616,4049.503079318616,16398475.189410955,60.0,7.0,2022-07-01,Q4_alta
XGBOOST,Baseline,1,11750.548360863111,9417.6513671875,-2332.896993675611,2332.896993675611,5442408.383100704,60.0,8.0,2022-08-01,Q3_media_alta
XGBOOST,Baseline,2,12127.160956265996,9367.267578125,-2759.893378140996,2759.893378140996,7617011.458706519,60.0,8.0,2022-08-01,Q3_media_alta
XGBOOST,Baseline,3,10232.681174719057,9503.080078125,-729.6010965940568,729.6010965940568,532317.7601512502,60.0,8.0,2022-08-01,Q2_media_baixa
XGBOOST,Baseline,4,10261.672263192862,8915.34375,-1346.3285131928624,1346.3285131928624,1812600.4654361033,60.0,8.0,2022-08-01,Q2_media_baixa
XGBOOST,Baseline,5,6551.537428000416,8291.3046875,1739.7672594995838,1739.7672594995838,3026790.1172266924,60.0,8.0,2022-08-01,Q1_baixa
XGBOOST,Baseline,6,8325.108252904669,7670.564453125,-654.5437997796689,654.5437997796689,428427.58583000733,60.0,8.0,2022-08-01,Q2_media_baixa
XGBOOST,Baseline,7,6527.395925578978,8607.3984375,2080.0025119210222,2080.0025119210222,4326410.449597762,60.0,8.0,2022-08-01,Q1_baixa
XGBOOST,Baseline,8,7510.076084132834,8534.8291015625,1024.7530174296662,1024.7530174296662,1050118.7467312058,60.0,8.0,2022-08-01,Q1_baixa
XGBOOST,Baseline,9,11191.656384207849,8658.3837890625,-2533.2725951453485,2533.2725951453485,6417470.041314449,60.0,8.0,2022-08-01,Q3_media_alta
XGBOOST,Baseline,10,12677.379169714666,8656.05078125,-4021.328388464666,4021.328388464666,16171082.007871829,60.0,8.0,2022-08-01,Q4_alta
XGBOOST,Baseline,11,14163.377102756116,10068.2646484375,-4095.112454318616,4095.112454318616,16769946.013515439,60.0,8.0,2022-08-01,Q4_alta
XGBOOST,Baseline,12,14985.70623483637,10607.9267578125,-4377.779477023871,4377.779477023871,19164953.149451394,60.0,8.0,2022-08-01,Q4_alta
XGBOOST,Baseline,1,12127.160956265996,9656.6953125,-2470.465643765996,2470.465643765996,6103200.497028137,60.0,9.0,2022-09-01,Q3_media_alta
XGBOOST,Baseline,2,10232.681174719057,8854.1962890625,-1378.4848856565568,1378.4848856565568,1900220.5799835704,60.0,9.0,2022-09-01,Q2_media_baixa
XGBOOST,Baseline,3,10261.672263192862,8484.5751953125,-1777.0970678803624,1777.0970678803624,3158073.9886689815,60.0,9.0,2022-09-01,Q2_media_baixa
XGBOOST,Baseline,4,6551.537428000416,8101.6279296875,1550.0905016870838,1550.0905016870838,2402780.563420515,60.0,9.0,2022-09-01,Q1_baixa
XGBOOST,Baseline,5,8325.108252904669,8156.52490234375,-168.58335056091892,168.58335056091892,28420.34608634568,60.0,9.0,2022-09-01,Q2_media_baixa
XGBOOST,Baseline,6,6527.395925578978,8259.201171875,1731.8052462960222,1731.8052462960222,2999149.411098426,60.0,9.0,2022-09-01,Q1_baixa
XGBOOST,Baseline,7,7510.076084132834,8780.869140625,1270.7930564921662,1270.7930564921662,1614914.992428702,60.0,9.0,2022-09-01,Q1_baixa
XGBOOST,Baseline,8,11191.656384207849,9171.6162109375,-2020.0401732703485,2020.0401732703485,4080562.3016260997,60.0,9.0,2022-09-01,Q3_media_alta
XGBOOST,Baseline,9,12677.379169714666,8490.69140625,-4186.687763464666,4186.687763464666,17528354.42874477,60.0,9.0,2022-09-01,Q4_alta
XGBOOST,Baseline,10,14163.377102756116,10211.298828125,-3952.078274631116,3952.078274631116,15618922.68881126,60.0,9.0,2022-09-01,Q4_alta
XGBOOST,Baseline,11,14985.70623483637,11625.8798828125,-3359.8263520238706,3359.8263520238706,11288433.11575403,60.0,9.0,2022-09-01,Q4_alta
XGBOOST,Baseline,12,15465.297979055042,11764.728515625,-3700.5694634300417,3700.5694634300417,13694214.353670906,60.0,9.0,2022-09-01,Q4_alta
XGBOOST,Baseline,1,10232.681174719057,8526.357421875,-1706.3237528440568,1706.3237528440568,2911540.749519826,60.0,10.0,2022-10-01,Q2_media_baixa
XGBOOST,Baseline,2,10261.672263192862,7741.443359375,-2520.2289038178624,2520.2289038178624,6351553.727638984,60.0,10.0,2022-10-01,Q2_media_baixa
XGBOOST,Baseline,3,6551.537428000416,7678.0703125,1126.5328844995838,1126.5328844995838,1269076.3398589527,60.0,10.0,2022-10-01,Q1_baixa
XGBOOST,Baseline,4,8325.108252904669,8422.4658203125,97.35756740783108,97.35756740783108,9478.495931570373,60.0,10.0,2022-10-01,Q2_media_baixa
XGBOOST,Baseline,5,6527.395925578978,8339.0517578125,1811.6558322335222,1811.6558322335222,3282096.854465736,60.0,10.0,2022-10-01,Q1_baixa
XGBOOST,Baseline,6,7510.076084132834,7994.75537109375,484.6792869609162,484.6792869609162,234914.01120894216,60.0,10.0,2022-10-01,Q1_baixa
XGBOOST,Baseline,7,11191.656384207849,9097.576171875,-2094.0802123328485,2094.0802123328485,4385171.935683988,60.0,10.0,2022-10-01,Q3_media_alta
XGBOOST,Baseline,8,12677.379169714666,9313.6533203125,-3363.725849402166,3363.725849402166,11314651.589936325,60.0,10.0,2022-10-01,Q4_alta
XGBOOST,Baseline,9,14163.377102756116,9554.462890625,-4608.914212131116,4608.914212131116,21242090.214784186,60.0,10.0,2022-10-01,Q4_alta
XGBOOST,Baseline,10,14985.70623483637,11318.869140625,-3666.8370942113706,3666.8370942113706,13445694.275484487,60.0,10.0,2022-10-01,Q4_alta
XGBOOST,Baseline,11,15465.297979055042,11812.474609375,-3652.8233696800417,3652.8233696800417,13343118.570080655,60.0,10.0,2022-10-01,Q4_alta
XGBOOST,Baseline,12,13474.112120594003,11549.6181640625,-1924.4939565315035,1924.4939565315035,3703676.9887262806,60.0,10.0,2022-10-01,Q4_alta
XGBOOST,Baseline,1,10261.672263192862,8454.6982421875,-1806.9740210053624,1806.9740210053624,3265155.112588288,60.0,11.0,2022-11-01,Q2_media_baixa
XGBOOST,Baseline,2,6551.537428000416,7509.0849609375,957.5475329370838,957.5475329370838,916897.2778338956,60.0,11.0,2022-11-01,Q1_baixa
XGBOOST,Baseline,3,8325.108252904669,8549.599609375,224.49135647033108,224.49135647033108,50396.36912988926,60.0,11.0,2022-11-01,Q2_media_baixa
XGBOOST,Baseline,4,6527.395925578978,7910.68603515625,1383.2901095772722,1383.2901095772722,1913491.5272543018,60.0,11.0,2022-11-01,Q1_baixa
XGBOOST,Baseline,5,7510.076084132834,8631.1533203125,1121.0772361796662,1121.0772361796662,1256814.169480239,60.0,11.0,2022-11-01,Q1_baixa
XGBOOST,Baseline,6,11191.656384207849,9506.94140625,-1684.7149779578485,1684.7149779578485,2838264.556955514,60.0,11.0,2022-11-01,Q3_media_alta
XGBOOST,Baseline,7,12677.379169714666,9525.1142578125,-3152.264911902166,3152.264911902166,9936774.074809572,60.0,11.0,2022-11-01,Q4_alta
XGBOOST,Baseline,8,14163.377102756116,10077.302734375,-4086.074368381116,4086.074368381116,16696003.743941138,60.0,11.0,2022-11-01,Q4_alta
XGBOOST,Baseline,9,14985.70623483637,11171.2744140625,-3814.4318207738706,3814.4318207738706,14549890.115332266,60.0,11.0,2022-11-01,Q4_alta
XGBOOST,Baseline,10,15465.297979055042,11607.7275390625,-3857.5704399925417,3857.5704399925417,14880849.69950425,60.0,11.0,2022-11-01,Q4_alta
XGBOOST,Baseline,11,13474.112120594003,11882.6376953125,-1591.4744252815035,1591.4744252815035,2532790.846325092,60.0,11.0,2022-11-01,Q4_alta
XGBOOST,Baseline,12,12867.849612423348,11240.7763671875,-1627.073245235848,1627.073245235848,2647367.3453623136,60.0,11.0,2022-11-01,Q4_alta
XGBOOST,Baseline,1,6551.537428000416,7483.1142578125,931.5768298120838,931.5768298120838,867835.3898427322,60.0,12.0,2022-12-01,Q1_baixa
XGBOOST,Baseline,2,8325.108252904669,7805.53515625,-519.5730966546689,519.5730966546689,269956.20276732196,60.0,12.0,2022-12-01,Q2_media_baixa
XGBOOST,Baseline,3,6527.395925578978,8245.224609375,1717.8286837960222,1717.8286837960222,2950935.386872374,60.0,12.0,2022-12-01,Q1_baixa
XGBOOST,Baseline,4,7510.076084132834,8498.3369140625,988.2608299296662,988.2608299296662,976659.4679732727,60.0,12.0,2022-12-01,Q1_baixa
XGBOOST,Baseline,5,11191.656384207849,9454.6044921875,-1737.0518920203485,1737.0518920203485,3017349.2755714725,60.0,12.0,2022-12-01,Q3_media_alta
XGBOOST,Baseline,6,12677.379169714666,9657.3212890625,-3020.057880652166,3020.057880652166,9120749.602489254,60.0,12.0,2022-12-01,Q4_alta
XGBOOST,Baseline,7,14163.377102756116,9731.5546875,-4431.822415256116,4431.822415256116,19641049.920366555,60.0,12.0,2022-12-01,Q4_alta
XGBOOST,Baseline,8,14985.70623483637,10881.296875,-4104.409359836371,4104.409359836371,16846176.193112407,60.0,12.0,2022-12-01,Q4_alta
XGBOOST,Baseline,9,15465.297979055042,11570.087890625,-3895.2100884300417,3895.2100884300417,15172661.633007172,60.0,12.0,2022-12-01,Q4_alta
XGBOOST,Baseline,10,13474.112120594003,11944.07421875,-1530.0379018440035,1530.0379018440035,2341015.9810792003,60.0,12.0,2022-12-01,Q4_alta
XGBOOST,Baseline,11,12867.849612423348,11500.599609375,-1367.250003048348,1367.250003048348,1869372.5708357075,60.0,12.0,2022-12-01,Q4_alta
XGBOOST,Baseline,12,11781.349343244798,10746.2529296875,-1035.0964135572976,1035.0964135572976,1071424.58535918,60.0,12.0,2022-12-01,Q3_media_alta
